Command: bash supplementary/ci/run_tslc_ci_container.sh -e TSLC_CI_OUTPUT=./tslctmp/ci-generated -- bash -lc ./dev.sh\ generate\ --test\ --value-test-warnings\ --backends\ cpp\,rust\ --output-root\ \"\$\{TSLC_CI_OUTPUT\}\"
Started: 2026-07-01T18:07:19Z

tslc generate -> ./tslctmp/ci-generated
[verify] TSL-BUILD-VERIFY-COMMAND-FAILED: cpp profile cannonlake test command failed with exit code 8: ctest --test-dir /workspace/tslctmp/ci-generated/cpp/build/cannonlake --output-on-failure: Errors while running CTest
[verify] TSL-BUILD-VERIFY-COMMAND-FAILED: cpp profile cascadelake test command failed with exit code 8: ctest --test-dir /workspace/tslctmp/ci-generated/cpp/build/cascadelake --output-on-failure: Errors while running CTest
[verify] TSL-BUILD-VERIFY-COMMAND-FAILED: cpp profile cooperlake test command failed with exit code 8: ctest --test-dir /workspace/tslctmp/ci-generated/cpp/build/cooperlake --output-on-failure: Errors while running CTest
[verify] TSL-BUILD-VERIFY-COMMAND-FAILED: cpp profile icelake_rockerlake test command failed with exit code 8: ctest --test-dir /workspace/tslctmp/ci-generated/cpp/build/icelake_rockerlake --output-on-failure: Errors while running CTest
[verify] TSL-BUILD-VERIFY-COMMAND-FAILED: cpp profile kml test command failed with exit code 8: ctest --test-dir /workspace/tslctmp/ci-generated/cpp/build/kml --output-on-failure: Errors while running CTest
[verify] TSL-BUILD-VERIFY-COMMAND-FAILED: cpp profile knl test command failed with exit code 8: ctest --test-dir /workspace/tslctmp/ci-generated/cpp/build/knl --output-on-failure: Errors while running CTest
[verify] TSL-BUILD-VERIFY-COMMAND-FAILED: cpp profile neon test command failed with exit code 8: ctest --test-dir /workspace/tslctmp/ci-generated/cpp/build/neon --output-on-failure: Errors while running CTest
[verify] TSL-BUILD-VERIFY-COMMAND-FAILED: cpp profile sapphirerapids test command failed with exit code 8: ctest --test-dir /workspace/tslctmp/ci-generated/cpp/build/sapphirerapids --output-on-failure: Errors while running CTest
[verify] TSL-BUILD-VERIFY-COMMAND-FAILED: cpp profile skylake test command failed with exit code 8: ctest --test-dir /workspace/tslctmp/ci-generated/cpp/build/skylake --output-on-failure: Errors while running CTest
[verify] TSL-BUILD-VERIFY-COMMAND-FAILED: cpp profile sve test command failed with exit code 8: ctest --test-dir /workspace/tslctmp/ci-generated/cpp/build/sve --output-on-failure: Errors while running CTest
[verify] TSL-BUILD-VERIFY-COMMAND-FAILED: cpp profile tigerlake test command failed with exit code 8: ctest --test-dir /workspace/tslctmp/ci-generated/cpp/build/tigerlake --output-on-failure: Errors while running CTest
[verify] TSL-BUILD-VERIFY-COMMAND-FAILED: cpp profile zen4 test command failed with exit code 8: ctest --test-dir /workspace/tslctmp/ci-generated/cpp/build/zen4 --output-on-failure: Errors while running CTest
[verify] TSL-BUILD-VERIFY-COMMAND-FAILED: cpp profile zen5 test command failed with exit code 8: ctest --test-dir /workspace/tslctmp/ci-generated/cpp/build/zen5 --output-on-failure: Errors while running CTest
[verify] TSL-BUILD-VERIFY-COMMAND-FAILED: rust profile cannonlake test command failed with exit code 101: cargo test --manifest-path /workspace/tslctmp/ci-generated/rust/Cargo.toml --no-default-features --features cannonlake,value_tests --target-dir /workspace/tslctmp/ci-generated/rust/target/cannonlake: Compiling tsl_generated v0.1.0 (/workspace/tslctmp/ci-generated/rust)
warning: unnecessary parentheses around `return` value
      --> src/tsl_cannonlake.rs:159633:16
       |
159633 |         return (!mask);
       |                ^     ^
       |
       = note: `#[warn(unused_parens)]` (part of `#[warn(unused)]`) on by default
help: remove these parentheses
       |
159633 -         return (!mask);
159633 +         return !mask;
       |

warning: unnecessary parentheses around `return` value
      --> src/tsl_cannonlake.rs:159659:16
       |
159659 |         return (!mask);
       |                ^     ^
       |
help: remove these parentheses
       |
159659 -         return (!mask);
159659 +         return !mask;
       |

warning: unnecessary parentheses around `return` value
      --> src/tsl_cannonlake.rs:159743:16
       |
159743 |         return (!mask);
       |                ^     ^
       |
help: remove these parentheses
       |
159743 -         return (!mask);
159743 +         return !mask;
       |

warning: unnecessary parentheses around `return` value
      --> src/tsl_cannonlake.rs:159769:16
       |
159769 |         return (!mask);
       |                ^     ^
       |
help: remove these parentheses
       |
159769 -         return (!mask);
159769 +         return !mask;
       |

warning: unnecessary parentheses around `return` value
      --> src/tsl_cannonlake.rs:159795:16
       |
159795 |         return (!mask);
       |                ^     ^
       |
help: remove these parentheses
       |
159795 -         return (!mask);
159795 +         return !mask;
       |

warning: unnecessary parentheses around `return` value
      --> src/tsl_cannonlake.rs:159879:16
       |
159879 |         return (!mask);
       |                ^     ^
       |
help: remove these parentheses
       |
159879 -         return (!mask);
159879 +         return !mask;
       |

warning: unnecessary parentheses around `return` value
      --> src/tsl_cannonlake.rs:159905:16
       |
159905 |         return (!mask);
       |                ^     ^
       |
help: remove these parentheses
       |
159905 -         return (!mask);
159905 +         return !mask;
       |

warning: unnecessary parentheses around `return` value
      --> src/tsl_cannonlake.rs:159931:16
       |
159931 |         return (!mask);
       |                ^     ^
       |
help: remove these parentheses
       |
159931 -         return (!mask);
159931 +         return !mask;
       |

warning: unnecessary parentheses around `return` value
      --> src/tsl_cannonlake.rs:160015:16
       |
160015 |         return (!mask);
       |                ^     ^
       |
help: remove these parentheses
       |
160015 -         return (!mask);
160015 +         return !mask;
       |

warning: unnecessary parentheses around `return` value
      --> src/tsl_cannonlake.rs:160041:16
       |
160041 |         return (!mask);
       |                ^     ^
       |
help: remove these parentheses
       |
160041 -         return (!mask);
160041 +         return !mask;
       |

warning: unnecessary parentheses around `return` value
      --> src/tsl_cannonlake.rs:160067:16
       |
160067 |         return (!mask);
       |                ^     ^
       |
help: remove these parentheses
       |
160067 -         return (!mask);
160067 +         return !mask;
       |

warning: unnecessary parentheses around `return` value
      --> src/tsl_cannonlake.rs:160151:16
       |
160151 |         return (!mask);
       |                ^     ^
       |
help: remove these parentheses
       |
160151 -         return (!mask);
160151 +         return !mask;
       |

warning: unnecessary parentheses around `return` value
      --> src/tsl_cannonlake.rs:160177:16
       |
160177 |         return (!mask);
       |                ^     ^
       |
help: remove these parentheses
       |
160177 -         return (!mask);
160177 +         return !mask;
       |

warning: unnecessary parentheses around `return` value
      --> src/tsl_cannonlake.rs:160203:16
       |
160203 |         return (!mask);
       |                ^     ^
       |
help: remove these parentheses
       |
160203 -         return (!mask);
160203 +         return !mask;
       |

warning: unnecessary parentheses around `return` value
      --> src/tsl_cannonlake.rs:160287:16
       |
160287 |         return (!mask);
       |                ^     ^
       |
help: remove these parentheses
       |
160287 -         return (!mask);
160287 +         return !mask;
       |

warning: unnecessary parentheses around `return` value
      --> src/tsl_cannonlake.rs:160313:16
       |
160313 |         return (!mask);
       |                ^     ^
       |
help: remove these parentheses
       |
160313 -         return (!mask);
160313 +         return !mask;
       |

warning: unnecessary parentheses around `return` value
      --> src/tsl_cannonlake.rs:160339:16
       |
160339 |         return (!mask);
       |                ^     ^
       |
help: remove these parentheses
       |
160339 -         return (!mask);
160339 +         return !mask;
       |

warning: unnecessary parentheses around `return` value
      --> src/tsl_cannonlake.rs:160423:16
       |
160423 |         return (!mask);
       |                ^     ^
       |
help: remove these parentheses
       |
160423 -         return (!mask);
160423 +         return !mask;
       |

warning: unnecessary parentheses around `return` value
      --> src/tsl_cannonlake.rs:160449:16
       |
160449 |         return (!mask);
       |                ^     ^
       |
help: remove these parentheses
       |
160449 -         return (!mask);
160449 +         return !mask;
       |

warning: unnecessary parentheses around `return` value
      --> src/tsl_cannonlake.rs:160475:16
       |
160475 |         return (!mask);
       |                ^     ^
       |
help: remove these parentheses
       |
160475 -         return (!mask);
160475 +         return !mask;
       |

warning: unnecessary parentheses around `return` value
      --> src/tsl_cannonlake.rs:160559:16
       |
160559 |         return (!mask);
       |                ^     ^
       |
help: remove these parentheses
       |
160559 -         return (!mask);
160559 +         return !mask;
       |

warning: unnecessary parentheses around `return` value
      --> src/tsl_cannonlake.rs:160585:16
       |
160585 |         return (!mask);
       |                ^     ^
       |
help: remove these parentheses
       |
160585 -         return (!mask);
160585 +         return !mask;
       |

warning: unnecessary parentheses around `return` value
      --> src/tsl_cannonlake.rs:160611:16
       |
160611 |         return (!mask);
       |                ^     ^
       |
help: remove these parentheses
       |
160611 -         return (!mask);
160611 +         return !mask;
       |

warning: unnecessary parentheses around `return` value
      --> src/tsl_cannonlake.rs:160695:16
       |
160695 |         return (!mask);
       |                ^     ^
       |
help: remove these parentheses
       |
160695 -         return (!mask);
160695 +         return !mask;
       |

warning: unnecessary parentheses around `return` value
      --> src/tsl_cannonlake.rs:160721:16
       |
160721 |         return (!mask);
       |                ^     ^
       |
help: remove these parentheses
       |
160721 -         return (!mask);
160721 +         return !mask;
       |

warning: unnecessary parentheses around `return` value
      --> src/tsl_cannonlake.rs:160747:16
       |
160747 |         return (!mask);
       |                ^     ^
       |
help: remove these parentheses
       |
160747 -         return (!mask);
160747 +         return !mask;
       |

warning: unnecessary parentheses around `return` value
      --> src/tsl_cannonlake.rs:160831:16
       |
160831 |         return (!mask);
       |                ^     ^
       |
help: remove these parentheses
       |
160831 -         return (!mask);
160831 +         return !mask;
       |

warning: unnecessary parentheses around `return` value
      --> src/tsl_cannonlake.rs:160857:16
       |
160857 |         return (!mask);
       |                ^     ^
       |
help: remove these parentheses
       |
160857 -         return (!mask);
160857 +         return !mask;
       |

warning: unnecessary parentheses around `return` value
      --> src/tsl_cannonlake.rs:160883:16
       |
160883 |         return (!mask);
       |                ^     ^
       |
help: remove these parentheses
       |
160883 -         return (!mask);
160883 +         return !mask;
       |

warning: unnecessary parentheses around `return` value
      --> src/tsl_cannonlake.rs:160967:16
       |
160967 |         return (!mask);
       |                ^     ^
       |
help: remove these parentheses
       |
160967 -         return (!mask);
160967 +         return !mask;
       |

warning: `tsl_generated` (lib test) generated 30 warnings (run `cargo fix --lib -p tsl_generated --tests` to apply 30 suggestions)
warning: `tsl_generated` (lib) generated 30 warnings (30 duplicates)
    Finished `test` profile [unoptimized + debuginfo] target(s) in 13.15s
     Running unittests src/lib.rs (rust/target/cannonlake/debug/deps/tsl_generated-8c964b32cffc5597)
     Running tests/smoke.rs (rust/target/cannonlake/debug/deps/smoke-d49904835d21c2bd)
     Running tests/values.rs (rust/target/cannonlake/debug/deps/values-2fbe5f2c72cf9c31)
error: test failed, to rerun pass `--test values`

Caused by:
  process didn't exit successfully: `/workspace/tslctmp/ci-generated/rust/target/cannonlake/debug/deps/values-2fbe5f2c72cf9c31` (signal: 4, SIGILL: illegal instruction)
[verify] TSL-BUILD-VERIFY-COMMAND-FAILED: rust profile cascadelake test command failed with exit code 101: cargo test --manifest-path /workspace/tslctmp/ci-generated/rust/Cargo.toml --no-default-features --features cascadelake,value_tests --target-dir /workspace/tslctmp/ci-generated/rust/target/cascadelake: Compiling tsl_generated v0.1.0 (/workspace/tslctmp/ci-generated/rust)
warning: unnecessary parentheses around `return` value
      --> src/tsl_cascadelake.rs:159633:16
       |
159633 |         return (!mask);
       |                ^     ^
       |
       = note: `#[warn(unused_parens)]` (part of `#[warn(unused)]`) on by default
help: remove these parentheses
       |
159633 -         return (!mask);
159633 +         return !mask;
       |

warning: unnecessary parentheses around `return` value
      --> src/tsl_cascadelake.rs:159659:16
       |
159659 |         return (!mask);
       |                ^     ^
       |
help: remove these parentheses
       |
159659 -         return (!mask);
159659 +         return !mask;
       |

warning: unnecessary parentheses around `return` value
      --> src/tsl_cascadelake.rs:159743:16
       |
159743 |         return (!mask);
       |                ^     ^
       |
help: remove these parentheses
       |
159743 -         return (!mask);
159743 +         return !mask;
       |

warning: unnecessary parentheses around `return` value
      --> src/tsl_cascadelake.rs:159769:16
       |
159769 |         return (!mask);
       |                ^     ^
       |
help: remove these parentheses
       |
159769 -         return (!mask);
159769 +         return !mask;
       |

warning: unnecessary parentheses around `return` value
      --> src/tsl_cascadelake.rs:159795:16
       |
159795 |         return (!mask);
       |                ^     ^
       |
help: remove these parentheses
       |
159795 -         return (!mask);
159795 +         return !mask;
       |

warning: unnecessary parentheses around `return` value
      --> src/tsl_cascadelake.rs:159879:16
       |
159879 |         return (!mask);
       |                ^     ^
       |
help: remove these parentheses
       |
159879 -         return (!mask);
159879 +         return !mask;
       |

warning: unnecessary parentheses around `return` value
      --> src/tsl_cascadelake.rs:159905:16
       |
159905 |         return (!mask);
       |                ^     ^
       |
help: remove these parentheses
       |
159905 -         return (!mask);
159905 +         return !mask;
       |

warning: unnecessary parentheses around `return` value
      --> src/tsl_cascadelake.rs:159931:16
       |
159931 |         return (!mask);
       |                ^     ^
       |
help: remove these parentheses
       |
159931 -         return (!mask);
159931 +         return !mask;
       |

warning: unnecessary parentheses around `return` value
      --> src/tsl_cascadelake.rs:160015:16
       |
160015 |         return (!mask);
       |                ^     ^
       |
help: remove these parentheses
       |
160015 -         return (!mask);
160015 +         return !mask;
       |

warning: unnecessary parentheses around `return` value
      --> src/tsl_cascadelake.rs:160041:16
       |
160041 |         return (!mask);
       |                ^     ^
       |
help: remove these parentheses
       |
160041 -         return (!mask);
160041 +         return !mask;
       |

warning: unnecessary parentheses around `return` value
      --> src/tsl_cascadelake.rs:160067:16
       |
160067 |         return (!mask);
       |                ^     ^
       |
help: remove these parentheses
       |
160067 -         return (!mask);
160067 +         return !mask;
       |

warning: unnecessary parentheses around `return` value
      --> src/tsl_cascadelake.rs:160151:16
       |
160151 |         return (!mask);
       |                ^     ^
       |
help: remove these parentheses
       |
160151 -         return (!mask);
160151 +         return !mask;
       |

warning: unnecessary parentheses around `return` value
      --> src/tsl_cascadelake.rs:160177:16
       |
160177 |         return (!mask);
       |                ^     ^
       |
help: remove these parentheses
       |
160177 -         return (!mask);
160177 +         return !mask;
       |

warning: unnecessary parentheses around `return` value
      --> src/tsl_cascadelake.rs:160203:16
       |
160203 |         return (!mask);
       |                ^     ^
       |
help: remove these parentheses
       |
160203 -         return (!mask);
160203 +         return !mask;
       |

warning: unnecessary parentheses around `return` value
      --> src/tsl_cascadelake.rs:160287:16
       |
160287 |         return (!mask);
       |                ^     ^
       |
help: remove these parentheses
       |
160287 -         return (!mask);
160287 +         return !mask;
       |

warning: unnecessary parentheses around `return` value
      --> src/tsl_cascadelake.rs:160313:16
       |
160313 |         return (!mask);
       |                ^     ^
       |
help: remove these parentheses
       |
160313 -         return (!mask);
160313 +         return !mask;
       |

warning: unnecessary parentheses around `return` value
      --> src/tsl_cascadelake.rs:160339:16
       |
160339 |         return (!mask);
       |                ^     ^
       |
help: remove these parentheses
       |
160339 -         return (!mask);
160339 +         return !mask;
       |

warning: unnecessary parentheses around `return` value
      --> src/tsl_cascadelake.rs:160423:16
       |
160423 |         return (!mask);
       |                ^     ^
       |
help: remove these parentheses
       |
160423 -         return (!mask);
160423 +         return !mask;
       |

warning: unnecessary parentheses around `return` value
      --> src/tsl_cascadelake.rs:160449:16
       |
160449 |         return (!mask);
       |                ^     ^
       |
help: remove these parentheses
       |
160449 -         return (!mask);
160449 +         return !mask;
       |

warning: unnecessary parentheses around `return` value
      --> src/tsl_cascadelake.rs:160475:16
       |
160475 |         return (!mask);
       |                ^     ^
       |
help: remove these parentheses
       |
160475 -         return (!mask);
160475 +         return !mask;
       |

warning: unnecessary parentheses around `return` value
      --> src/tsl_cascadelake.rs:160559:16
       |
160559 |         return (!mask);
       |                ^     ^
       |
help: remove these parentheses
       |
160559 -         return (!mask);
160559 +         return !mask;
       |

warning: unnecessary parentheses around `return` value
      --> src/tsl_cascadelake.rs:160585:16
       |
160585 |         return (!mask);
       |                ^     ^
       |
help: remove these parentheses
       |
160585 -         return (!mask);
160585 +         return !mask;
       |

warning: unnecessary parentheses around `return` value
      --> src/tsl_cascadelake.rs:160611:16
       |
160611 |         return (!mask);
       |                ^     ^
       |
help: remove these parentheses
       |
160611 -         return (!mask);
160611 +         return !mask;
       |

warning: unnecessary parentheses around `return` value
      --> src/tsl_cascadelake.rs:160695:16
       |
160695 |         return (!mask);
       |                ^     ^
       |
help: remove these parentheses
       |
160695 -         return (!mask);
160695 +         return !mask;
       |

warning: unnecessary parentheses around `return` value
      --> src/tsl_cascadelake.rs:160721:16
       |
160721 |         return (!mask);
       |                ^     ^
       |
help: remove these parentheses
       |
160721 -         return (!mask);
160721 +         return !mask;
       |

warning: unnecessary parentheses around `return` value
      --> src/tsl_cascadelake.rs:160747:16
       |
160747 |         return (!mask);
       |                ^     ^
       |
help: remove these parentheses
       |
160747 -         return (!mask);
160747 +         return !mask;
       |

warning: unnecessary parentheses around `return` value
      --> src/tsl_cascadelake.rs:160831:16
       |
160831 |         return (!mask);
       |                ^     ^
       |
help: remove these parentheses
       |
160831 -         return (!mask);
160831 +         return !mask;
       |

warning: unnecessary parentheses around `return` value
      --> src/tsl_cascadelake.rs:160857:16
       |
160857 |         return (!mask);
       |                ^     ^
       |
help: remove these parentheses
       |
160857 -         return (!mask);
160857 +         return !mask;
       |

warning: unnecessary parentheses around `return` value
      --> src/tsl_cascadelake.rs:160883:16
       |
160883 |         return (!mask);
       |                ^     ^
       |
help: remove these parentheses
       |
160883 -         return (!mask);
160883 +         return !mask;
       |

warning: unnecessary parentheses around `return` value
      --> src/tsl_cascadelake.rs:160967:16
       |
160967 |         return (!mask);
       |                ^     ^
       |
help: remove these parentheses
       |
160967 -         return (!mask);
160967 +         return !mask;
       |

warning: `tsl_generated` (lib test) generated 30 warnings (run `cargo fix --lib -p tsl_generated --tests` to apply 30 suggestions)
warning: `tsl_generated` (lib) generated 30 warnings (30 duplicates)
    Finished `test` profile [unoptimized + debuginfo] target(s) in 14.86s
     Running unittests src/lib.rs (rust/target/cascadelake/debug/deps/tsl_generated-5a654c03bba40586)
     Running tests/smoke.rs (rust/target/cascadelake/debug/deps/smoke-090d0fcdef867a23)
     Running tests/values.rs (rust/target/cascadelake/debug/deps/values-ea4d2bc9b8a5111e)
error: test failed, to rerun pass `--test values`

Caused by:
  process didn't exit successfully: `/workspace/tslctmp/ci-generated/rust/target/cascadelake/debug/deps/values-ea4d2bc9b8a5111e` (signal: 4, SIGILL: illegal instruction)
[verify] TSL-BUILD-VERIFY-COMMAND-FAILED: rust profile cooperlake test command failed with exit code 101: cargo test --manifest-path /workspace/tslctmp/ci-generated/rust/Cargo.toml --no-default-features --features cooperlake,value_tests --target-dir /workspace/tslctmp/ci-generated/rust/target/cooperlake: Compiling tsl_generated v0.1.0 (/workspace/tslctmp/ci-generated/rust)
warning: unnecessary parentheses around `return` value
      --> src/tsl_cooperlake.rs:159633:16
       |
159633 |         return (!mask);
       |                ^     ^
       |
       = note: `#[warn(unused_parens)]` (part of `#[warn(unused)]`) on by default
help: remove these parentheses
       |
159633 -         return (!mask);
159633 +         return !mask;
       |

warning: unnecessary parentheses around `return` value
      --> src/tsl_cooperlake.rs:159659:16
       |
159659 |         return (!mask);
       |                ^     ^
       |
help: remove these parentheses
       |
159659 -         return (!mask);
159659 +         return !mask;
       |

warning: unnecessary parentheses around `return` value
      --> src/tsl_cooperlake.rs:159743:16
       |
159743 |         return (!mask);
       |                ^     ^
       |
help: remove these parentheses
       |
159743 -         return (!mask);
159743 +         return !mask;
       |

warning: unnecessary parentheses around `return` value
      --> src/tsl_cooperlake.rs:159769:16
       |
159769 |         return (!mask);
       |                ^     ^
       |
help: remove these parentheses
       |
159769 -         return (!mask);
159769 +         return !mask;
       |

warning: unnecessary parentheses around `return` value
      --> src/tsl_cooperlake.rs:159795:16
       |
159795 |         return (!mask);
       |                ^     ^
       |
help: remove these parentheses
       |
159795 -         return (!mask);
159795 +         return !mask;
       |

warning: unnecessary parentheses around `return` value
      --> src/tsl_cooperlake.rs:159879:16
       |
159879 |         return (!mask);
       |                ^     ^
       |
help: remove these parentheses
       |
159879 -         return (!mask);
159879 +         return !mask;
       |

warning: unnecessary parentheses around `return` value
      --> src/tsl_cooperlake.rs:159905:16
       |
159905 |         return (!mask);
       |                ^     ^
       |
help: remove these parentheses
       |
159905 -         return (!mask);
159905 +         return !mask;
       |

warning: unnecessary parentheses around `return` value
      --> src/tsl_cooperlake.rs:159931:16
       |
159931 |         return (!mask);
       |                ^     ^
       |
help: remove these parentheses
       |
159931 -         return (!mask);
159931 +         return !mask;
       |

warning: unnecessary parentheses around `return` value
      --> src/tsl_cooperlake.rs:160015:16
       |
160015 |         return (!mask);
       |                ^     ^
       |
help: remove these parentheses
       |
160015 -         return (!mask);
160015 +         return !mask;
       |

warning: unnecessary parentheses around `return` value
      --> src/tsl_cooperlake.rs:160041:16
       |
160041 |         return (!mask);
       |                ^     ^
       |
help: remove these parentheses
       |
160041 -         return (!mask);
160041 +         return !mask;
       |

warning: unnecessary parentheses around `return` value
      --> src/tsl_cooperlake.rs:160067:16
       |
160067 |         return (!mask);
       |                ^     ^
       |
help: remove these parentheses
       |
160067 -         return (!mask);
160067 +         return !mask;
       |

warning: unnecessary parentheses around `return` value
      --> src/tsl_cooperlake.rs:160151:16
       |
160151 |         return (!mask);
       |                ^     ^
       |
help: remove these parentheses
       |
160151 -         return (!mask);
160151 +         return !mask;
       |

warning: unnecessary parentheses around `return` value
      --> src/tsl_cooperlake.rs:160177:16
       |
160177 |         return (!mask);
       |                ^     ^
       |
help: remove these parentheses
       |
160177 -         return (!mask);
160177 +         return !mask;
       |

warning: unnecessary parentheses around `return` value
      --> src/tsl_cooperlake.rs:160203:16
       |
160203 |         return (!mask);
       |                ^     ^
       |
help: remove these parentheses
       |
160203 -         return (!mask);
160203 +         return !mask;
       |

warning: unnecessary parentheses around `return` value
      --> src/tsl_cooperlake.rs:160287:16
       |
160287 |         return (!mask);
       |                ^     ^
       |
help: remove these parentheses
       |
160287 -         return (!mask);
160287 +         return !mask;
       |

warning: unnecessary parentheses around `return` value
      --> src/tsl_cooperlake.rs:160313:16
       |
160313 |         return (!mask);
       |                ^     ^
       |
help: remove these parentheses
       |
160313 -         return (!mask);
160313 +         return !mask;
       |

warning: unnecessary parentheses around `return` value
      --> src/tsl_cooperlake.rs:160339:16
       |
160339 |         return (!mask);
       |                ^     ^
       |
help: remove these parentheses
       |
160339 -         return (!mask);
160339 +         return !mask;
       |

warning: unnecessary parentheses around `return` value
      --> src/tsl_cooperlake.rs:160423:16
       |
160423 |         return (!mask);
       |                ^     ^
       |
help: remove these parentheses
       |
160423 -         return (!mask);
160423 +         return !mask;
       |

warning: unnecessary parentheses around `return` value
      --> src/tsl_cooperlake.rs:160449:16
       |
160449 |         return (!mask);
       |                ^     ^
       |
help: remove these parentheses
       |
160449 -         return (!mask);
160449 +         return !mask;
       |

warning: unnecessary parentheses around `return` value
      --> src/tsl_cooperlake.rs:160475:16
       |
160475 |         return (!mask);
       |                ^     ^
       |
help: remove these parentheses
       |
160475 -         return (!mask);
160475 +         return !mask;
       |

warning: unnecessary parentheses around `return` value
      --> src/tsl_cooperlake.rs:160559:16
       |
160559 |         return (!mask);
       |                ^     ^
       |
help: remove these parentheses
       |
160559 -         return (!mask);
160559 +         return !mask;
       |

warning: unnecessary parentheses around `return` value
      --> src/tsl_cooperlake.rs:160585:16
       |
160585 |         return (!mask);
       |                ^     ^
       |
help: remove these parentheses
       |
160585 -         return (!mask);
160585 +         return !mask;
       |

warning: unnecessary parentheses around `return` value
      --> src/tsl_cooperlake.rs:160611:16
       |
160611 |         return (!mask);
       |                ^     ^
       |
help: remove these parentheses
       |
160611 -         return (!mask);
160611 +         return !mask;
       |

warning: unnecessary parentheses around `return` value
      --> src/tsl_cooperlake.rs:160695:16
       |
160695 |         return (!mask);
       |                ^     ^
       |
help: remove these parentheses
       |
160695 -         return (!mask);
160695 +         return !mask;
       |

warning: unnecessary parentheses around `return` value
      --> src/tsl_cooperlake.rs:160721:16
       |
160721 |         return (!mask);
       |                ^     ^
       |
help: remove these parentheses
       |
160721 -         return (!mask);
160721 +         return !mask;
       |

warning: unnecessary parentheses around `return` value
      --> src/tsl_cooperlake.rs:160747:16
       |
160747 |         return (!mask);
       |                ^     ^
       |
help: remove these parentheses
       |
160747 -         return (!mask);
160747 +         return !mask;
       |

warning: unnecessary parentheses around `return` value
      --> src/tsl_cooperlake.rs:160831:16
       |
160831 |         return (!mask);
       |                ^     ^
       |
help: remove these parentheses
       |
160831 -         return (!mask);
160831 +         return !mask;
       |

warning: unnecessary parentheses around `return` value
      --> src/tsl_cooperlake.rs:160857:16
       |
160857 |         return (!mask);
       |                ^     ^
       |
help: remove these parentheses
       |
160857 -         return (!mask);
160857 +         return !mask;
       |

warning: unnecessary parentheses around `return` value
      --> src/tsl_cooperlake.rs:160883:16
       |
160883 |         return (!mask);
       |                ^     ^
       |
help: remove these parentheses
       |
160883 -         return (!mask);
160883 +         return !mask;
       |

warning: unnecessary parentheses around `return` value
      --> src/tsl_cooperlake.rs:160967:16
       |
160967 |         return (!mask);
       |                ^     ^
       |
help: remove these parentheses
       |
160967 -         return (!mask);
160967 +         return !mask;
       |

warning: `tsl_generated` (lib test) generated 30 warnings (30 duplicates)
warning: `tsl_generated` (lib) generated 30 warnings (run `cargo fix --lib -p tsl_generated` to apply 30 suggestions)
    Finished `test` profile [unoptimized + debuginfo] target(s) in 14.58s
     Running unittests src/lib.rs (rust/target/cooperlake/debug/deps/tsl_generated-b64d8b5f387e7d1c)
     Running tests/smoke.rs (rust/target/cooperlake/debug/deps/smoke-6bd01a638fada790)
     Running tests/values.rs (rust/target/cooperlake/debug/deps/values-287073bafa28faf1)
error: test failed, to rerun pass `--test values`

Caused by:
  process didn't exit successfully: `/workspace/tslctmp/ci-generated/rust/target/cooperlake/debug/deps/values-287073bafa28faf1` (signal: 4, SIGILL: illegal instruction)
[verify] TSL-BUILD-VERIFY-COMMAND-FAILED: rust profile icelake_rockerlake test command failed with exit code 101: cargo test --manifest-path /workspace/tslctmp/ci-generated/rust/Cargo.toml --no-default-features --features icelake_rockerlake,value_tests --target-dir /workspace/tslctmp/ci-generated/rust/target/icelake_rockerlake: Compiling tsl_generated v0.1.0 (/workspace/tslctmp/ci-generated/rust)
warning: unnecessary parentheses around `return` value
      --> src/tsl_icelake_rockerlake.rs:159905:16
       |
159905 |         return (!mask);
       |                ^     ^
       |
       = note: `#[warn(unused_parens)]` (part of `#[warn(unused)]`) on by default
help: remove these parentheses
       |
159905 -         return (!mask);
159905 +         return !mask;
       |

warning: unnecessary parentheses around `return` value
      --> src/tsl_icelake_rockerlake.rs:159931:16
       |
159931 |         return (!mask);
       |                ^     ^
       |
help: remove these parentheses
       |
159931 -         return (!mask);
159931 +         return !mask;
       |

warning: unnecessary parentheses around `return` value
      --> src/tsl_icelake_rockerlake.rs:160015:16
       |
160015 |         return (!mask);
       |                ^     ^
       |
help: remove these parentheses
       |
160015 -         return (!mask);
160015 +         return !mask;
       |

warning: unnecessary parentheses around `return` value
      --> src/tsl_icelake_rockerlake.rs:160041:16
       |
160041 |         return (!mask);
       |                ^     ^
       |
help: remove these parentheses
       |
160041 -         return (!mask);
160041 +         return !mask;
       |

warning: unnecessary parentheses around `return` value
      --> src/tsl_icelake_rockerlake.rs:160067:16
       |
160067 |         return (!mask);
       |                ^     ^
       |
help: remove these parentheses
       |
160067 -         return (!mask);
160067 +         return !mask;
       |

warning: unnecessary parentheses around `return` value
      --> src/tsl_icelake_rockerlake.rs:160151:16
       |
160151 |         return (!mask);
       |                ^     ^
       |
help: remove these parentheses
       |
160151 -         return (!mask);
160151 +         return !mask;
       |

warning: unnecessary parentheses around `return` value
      --> src/tsl_icelake_rockerlake.rs:160177:16
       |
160177 |         return (!mask);
       |                ^     ^
       |
help: remove these parentheses
       |
160177 -         return (!mask);
160177 +         return !mask;
       |

warning: unnecessary parentheses around `return` value
      --> src/tsl_icelake_rockerlake.rs:160203:16
       |
160203 |         return (!mask);
       |                ^     ^
       |
help: remove these parentheses
       |
160203 -         return (!mask);
160203 +         return !mask;
       |

warning: unnecessary parentheses around `return` value
      --> src/tsl_icelake_rockerlake.rs:160287:16
       |
160287 |         return (!mask);
       |                ^     ^
       |
help: remove these parentheses
       |
160287 -         return (!mask);
160287 +         return !mask;
       |

warning: unnecessary parentheses around `return` value
      --> src/tsl_icelake_rockerlake.rs:160313:16
       |
160313 |         return (!mask);
       |                ^     ^
       |
help: remove these parentheses
       |
160313 -         return (!mask);
160313 +         return !mask;
       |

warning: unnecessary parentheses around `return` value
      --> src/tsl_icelake_rockerlake.rs:160339:16
       |
160339 |         return (!mask);
       |                ^     ^
       |
help: remove these parentheses
       |
160339 -         return (!mask);
160339 +         return !mask;
       |

warning: unnecessary parentheses around `return` value
      --> src/tsl_icelake_rockerlake.rs:160423:16
       |
160423 |         return (!mask);
       |                ^     ^
       |
help: remove these parentheses
       |
160423 -         return (!mask);
160423 +         return !mask;
       |

warning: unnecessary parentheses around `return` value
      --> src/tsl_icelake_rockerlake.rs:160449:16
       |
160449 |         return (!mask);
       |                ^     ^
       |
help: remove these parentheses
       |
160449 -         return (!mask);
160449 +         return !mask;
       |

warning: unnecessary parentheses around `return` value
      --> src/tsl_icelake_rockerlake.rs:160475:16
       |
160475 |         return (!mask);
       |                ^     ^
       |
help: remove these parentheses
       |
160475 -         return (!mask);
160475 +         return !mask;
       |

warning: unnecessary parentheses around `return` value
      --> src/tsl_icelake_rockerlake.rs:160559:16
       |
160559 |         return (!mask);
       |                ^     ^
       |
help: remove these parentheses
       |
160559 -         return (!mask);
160559 +         return !mask;
       |

warning: unnecessary parentheses around `return` value
      --> src/tsl_icelake_rockerlake.rs:160585:16
       |
160585 |         return (!mask);
       |                ^     ^
       |
help: remove these parentheses
       |
160585 -         return (!mask);
160585 +         return !mask;
       |

warning: unnecessary parentheses around `return` value
      --> src/tsl_icelake_rockerlake.rs:160611:16
       |
160611 |         return (!mask);
       |                ^     ^
       |
help: remove these parentheses
       |
160611 -         return (!mask);
160611 +         return !mask;
       |

warning: unnecessary parentheses around `return` value
      --> src/tsl_icelake_rockerlake.rs:160695:16
       |
160695 |         return (!mask);
       |                ^     ^
       |
help: remove these parentheses
       |
160695 -         return (!mask);
160695 +         return !mask;
       |

warning: unnecessary parentheses around `return` value
      --> src/tsl_icelake_rockerlake.rs:160721:16
       |
160721 |         return (!mask);
       |                ^     ^
       |
help: remove these parentheses
       |
160721 -         return (!mask);
160721 +         return !mask;
       |

warning: unnecessary parentheses around `return` value
      --> src/tsl_icelake_rockerlake.rs:160747:16
       |
160747 |         return (!mask);
       |                ^     ^
       |
help: remove these parentheses
       |
160747 -         return (!mask);
160747 +         return !mask;
       |

warning: unnecessary parentheses around `return` value
      --> src/tsl_icelake_rockerlake.rs:160831:16
       |
160831 |         return (!mask);
       |                ^     ^
       |
help: remove these parentheses
       |
160831 -         return (!mask);
160831 +         return !mask;
       |

warning: unnecessary parentheses around `return` value
      --> src/tsl_icelake_rockerlake.rs:160857:16
       |
160857 |         return (!mask);
       |                ^     ^
       |
help: remove these parentheses
       |
160857 -         return (!mask);
160857 +         return !mask;
       |

warning: unnecessary parentheses around `return` value
      --> src/tsl_icelake_rockerlake.rs:160883:16
       |
160883 |         return (!mask);
       |                ^     ^
       |
help: remove these parentheses
       |
160883 -         return (!mask);
160883 +         return !mask;
       |

warning: unnecessary parentheses around `return` value
      --> src/tsl_icelake_rockerlake.rs:160967:16
       |
160967 |         return (!mask);
       |                ^     ^
       |
help: remove these parentheses
       |
160967 -         return (!mask);
160967 +         return !mask;
       |

warning: unnecessary parentheses around `return` value
      --> src/tsl_icelake_rockerlake.rs:160993:16
       |
160993 |         return (!mask);
       |                ^     ^
       |
help: remove these parentheses
       |
160993 -         return (!mask);
160993 +         return !mask;
       |

warning: unnecessary parentheses around `return` value
      --> src/tsl_icelake_rockerlake.rs:161019:16
       |
161019 |         return (!mask);
       |                ^     ^
       |
help: remove these parentheses
       |
161019 -         return (!mask);
161019 +         return !mask;
       |

warning: unnecessary parentheses around `return` value
      --> src/tsl_icelake_rockerlake.rs:161103:16
       |
161103 |         return (!mask);
       |                ^     ^
       |
help: remove these parentheses
       |
161103 -         return (!mask);
161103 +         return !mask;
       |

warning: unnecessary parentheses around `return` value
      --> src/tsl_icelake_rockerlake.rs:161129:16
       |
161129 |         return (!mask);
       |                ^     ^
       |
help: remove these parentheses
       |
161129 -         return (!mask);
161129 +         return !mask;
       |

warning: unnecessary parentheses around `return` value
      --> src/tsl_icelake_rockerlake.rs:161155:16
       |
161155 |         return (!mask);
       |                ^     ^
       |
help: remove these parentheses
       |
161155 -         return (!mask);
161155 +         return !mask;
       |

warning: unnecessary parentheses around `return` value
      --> src/tsl_icelake_rockerlake.rs:161239:16
       |
161239 |         return (!mask);
       |                ^     ^
       |
help: remove these parentheses
       |
161239 -         return (!mask);
161239 +         return !mask;
       |

warning: `tsl_generated` (lib test) generated 30 warnings (30 duplicates)
warning: `tsl_generated` (lib) generated 30 warnings (run `cargo fix --lib -p tsl_generated` to apply 30 suggestions)
    Finished `test` profile [unoptimized + debuginfo] target(s) in 14.93s
     Running unittests src/lib.rs (rust/target/icelake_rockerlake/debug/deps/tsl_generated-dba79a584326137e)
     Running tests/smoke.rs (rust/target/icelake_rockerlake/debug/deps/smoke-620f98b886d4fbba)
     Running tests/values.rs (rust/target/icelake_rockerlake/debug/deps/values-bf6e60da23cc30c0)
error: test failed, to rerun pass `--test values`

Caused by:
  process didn't exit successfully: `/workspace/tslctmp/ci-generated/rust/target/icelake_rockerlake/debug/deps/values-bf6e60da23cc30c0` (signal: 4, SIGILL: illegal instruction)
[verify] TSL-BUILD-VERIFY-COMMAND-FAILED: rust profile kml test command failed with exit code 101: cargo test --manifest-path /workspace/tslctmp/ci-generated/rust/Cargo.toml --no-default-features --features kml,value_tests --target-dir /workspace/tslctmp/ci-generated/rust/target/kml: Compiling tsl_generated v0.1.0 (/workspace/tslctmp/ci-generated/rust)
warning: unnecessary parentheses around `return` value
      --> src/tsl_kml.rs:148191:16
       |
148191 |         return (!mask);
       |                ^     ^
       |
       = note: `#[warn(unused_parens)]` (part of `#[warn(unused)]`) on by default
help: remove these parentheses
       |
148191 -         return (!mask);
148191 +         return !mask;
       |

warning: unnecessary parentheses around `return` value
      --> src/tsl_kml.rs:148327:16
       |
148327 |         return (!mask);
       |                ^     ^
       |
help: remove these parentheses
       |
148327 -         return (!mask);
148327 +         return !mask;
       |

warning: unnecessary parentheses around `return` value
      --> src/tsl_kml.rs:148463:16
       |
148463 |         return (!mask);
       |                ^     ^
       |
help: remove these parentheses
       |
148463 -         return (!mask);
148463 +         return !mask;
       |

warning: unnecessary parentheses around `return` value
      --> src/tsl_kml.rs:148599:16
       |
148599 |         return (!mask);
       |                ^     ^
       |
help: remove these parentheses
       |
148599 -         return (!mask);
148599 +         return !mask;
       |

warning: unnecessary parentheses around `return` value
      --> src/tsl_kml.rs:148735:16
       |
148735 |         return (!mask);
       |                ^     ^
       |
help: remove these parentheses
       |
148735 -         return (!mask);
148735 +         return !mask;
       |

warning: unnecessary parentheses around `return` value
      --> src/tsl_kml.rs:148871:16
       |
148871 |         return (!mask);
       |                ^     ^
       |
help: remove these parentheses
       |
148871 -         return (!mask);
148871 +         return !mask;
       |

warning: unnecessary parentheses around `return` value
      --> src/tsl_kml.rs:149007:16
       |
149007 |         return (!mask);
       |                ^     ^
       |
help: remove these parentheses
       |
149007 -         return (!mask);
149007 +         return !mask;
       |

warning: unnecessary parentheses around `return` value
      --> src/tsl_kml.rs:149143:16
       |
149143 |         return (!mask);
       |                ^     ^
       |
help: remove these parentheses
       |
149143 -         return (!mask);
149143 +         return !mask;
       |

warning: unnecessary parentheses around `return` value
      --> src/tsl_kml.rs:149279:16
       |
149279 |         return (!mask);
       |                ^     ^
       |
help: remove these parentheses
       |
149279 -         return (!mask);
149279 +         return !mask;
       |

warning: unnecessary parentheses around `return` value
      --> src/tsl_kml.rs:149415:16
       |
149415 |         return (!mask);
       |                ^     ^
       |
help: remove these parentheses
       |
149415 -         return (!mask);
149415 +         return !mask;
       |

warning: `tsl_generated` (lib test) generated 10 warnings (run `cargo fix --lib -p tsl_generated --tests` to apply 10 suggestions)
warning: `tsl_generated` (lib) generated 10 warnings (10 duplicates)
    Finished `test` profile [unoptimized + debuginfo] target(s) in 14.28s
     Running unittests src/lib.rs (rust/target/kml/debug/deps/tsl_generated-a0c7fe81617d4bb9)
     Running tests/smoke.rs (rust/target/kml/debug/deps/smoke-1a39431931807c86)
     Running tests/values.rs (rust/target/kml/debug/deps/values-a578670e3b30a448)
error: test failed, to rerun pass `--test values`

Caused by:
  process didn't exit successfully: `/workspace/tslctmp/ci-generated/rust/target/kml/debug/deps/values-a578670e3b30a448` (signal: 4, SIGILL: illegal instruction)
[verify] TSL-BUILD-VERIFY-COMMAND-FAILED: rust profile knl test command failed with exit code 101: cargo test --manifest-path /workspace/tslctmp/ci-generated/rust/Cargo.toml --no-default-features --features knl,value_tests --target-dir /workspace/tslctmp/ci-generated/rust/target/knl: Compiling tsl_generated v0.1.0 (/workspace/tslctmp/ci-generated/rust)
warning: unnecessary parentheses around `return` value
      --> src/tsl_knl.rs:148191:16
       |
148191 |         return (!mask);
       |                ^     ^
       |
       = note: `#[warn(unused_parens)]` (part of `#[warn(unused)]`) on by default
help: remove these parentheses
       |
148191 -         return (!mask);
148191 +         return !mask;
       |

warning: unnecessary parentheses around `return` value
      --> src/tsl_knl.rs:148327:16
       |
148327 |         return (!mask);
       |                ^     ^
       |
help: remove these parentheses
       |
148327 -         return (!mask);
148327 +         return !mask;
       |

warning: unnecessary parentheses around `return` value
      --> src/tsl_knl.rs:148463:16
       |
148463 |         return (!mask);
       |                ^     ^
       |
help: remove these parentheses
       |
148463 -         return (!mask);
148463 +         return !mask;
       |

warning: unnecessary parentheses around `return` value
      --> src/tsl_knl.rs:148599:16
       |
148599 |         return (!mask);
       |                ^     ^
       |
help: remove these parentheses
       |
148599 -         return (!mask);
148599 +         return !mask;
       |

warning: unnecessary parentheses around `return` value
      --> src/tsl_knl.rs:148735:16
       |
148735 |         return (!mask);
       |                ^     ^
       |
help: remove these parentheses
       |
148735 -         return (!mask);
148735 +         return !mask;
       |

warning: unnecessary parentheses around `return` value
      --> src/tsl_knl.rs:148871:16
       |
148871 |         return (!mask);
       |                ^     ^
       |
help: remove these parentheses
       |
148871 -         return (!mask);
148871 +         return !mask;
       |

warning: unnecessary parentheses around `return` value
      --> src/tsl_knl.rs:149007:16
       |
149007 |         return (!mask);
       |                ^     ^
       |
help: remove these parentheses
       |
149007 -         return (!mask);
149007 +         return !mask;
       |

warning: unnecessary parentheses around `return` value
      --> src/tsl_knl.rs:149143:16
       |
149143 |         return (!mask);
       |                ^     ^
       |
help: remove these parentheses
       |
149143 -         return (!mask);
149143 +         return !mask;
       |

warning: unnecessary parentheses around `return` value
      --> src/tsl_knl.rs:149279:16
       |
149279 |         return (!mask);
       |                ^     ^
       |
help: remove these parentheses
       |
149279 -         return (!mask);
149279 +         return !mask;
       |

warning: unnecessary parentheses around `return` value
      --> src/tsl_knl.rs:149415:16
       |
149415 |         return (!mask);
       |                ^     ^
       |
help: remove these parentheses
       |
149415 -         return (!mask);
149415 +         return !mask;
       |

warning: `tsl_generated` (lib test) generated 10 warnings (10 duplicates)
warning: `tsl_generated` (lib) generated 10 warnings (run `cargo fix --lib -p tsl_generated` to apply 10 suggestions)
    Finished `test` profile [unoptimized + debuginfo] target(s) in 14.33s
     Running unittests src/lib.rs (rust/target/knl/debug/deps/tsl_generated-929c73efee087665)
     Running tests/smoke.rs (rust/target/knl/debug/deps/smoke-08659e5ccaa670ba)
     Running tests/values.rs (rust/target/knl/debug/deps/values-4920acd5e03fd150)
error: test failed, to rerun pass `--test values`

Caused by:
  process didn't exit successfully: `/workspace/tslctmp/ci-generated/rust/target/knl/debug/deps/values-4920acd5e03fd150` (signal: 4, SIGILL: illegal instruction)
[verify] TSL-BUILD-VERIFY-COMMAND-FAILED: rust profile neon test command failed with exit code 101: cargo test --manifest-path /workspace/tslctmp/ci-generated/rust/Cargo.toml --no-default-features --features neon,value_tests --target aarch64-unknown-linux-musl --target-dir /workspace/tslctmp/ci-generated/rust/target/neon: Compiling tsl_generated v0.1.0 (/workspace/tslctmp/ci-generated/rust)
warning: unnecessary parentheses around assigned value
      --> src/tsl_neon.rs:140771:31
       |
140771 |                 let shift_s = ((0) as i8 - (shift) as i8);
       |                               ^                         ^
       |
       = note: `#[warn(unused_parens)]` (part of `#[warn(unused)]`) on by default
help: remove these parentheses
       |
140771 -                 let shift_s = ((0) as i8 - (shift) as i8);
140771 +                 let shift_s = (0) as i8 - (shift) as i8;
       |

warning: unnecessary parentheses around assigned value
      --> src/tsl_neon.rs:140776:31
       |
140776 |                 let shift_s = ((0) as i8 - (shift) as i8);
       |                               ^                         ^
       |
help: remove these parentheses
       |
140776 -                 let shift_s = ((0) as i8 - (shift) as i8);
140776 +                 let shift_s = (0) as i8 - (shift) as i8;
       |

warning: unnecessary parentheses around assigned value
      --> src/tsl_neon.rs:140997:31
       |
140997 |                 let shift_s = ((0) as i16 - (shift) as i16);
       |                               ^                           ^
       |
help: remove these parentheses
       |
140997 -                 let shift_s = ((0) as i16 - (shift) as i16);
140997 +                 let shift_s = (0) as i16 - (shift) as i16;
       |

warning: unnecessary parentheses around assigned value
      --> src/tsl_neon.rs:141002:31
       |
141002 |                 let shift_s = ((0) as i16 - (shift) as i16);
       |                               ^                           ^
       |
help: remove these parentheses
       |
141002 -                 let shift_s = ((0) as i16 - (shift) as i16);
141002 +                 let shift_s = (0) as i16 - (shift) as i16;
       |

warning: unnecessary parentheses around assigned value
      --> src/tsl_neon.rs:141223:31
       |
141223 |                 let shift_s = ((0) as i32 - (shift) as i32);
       |                               ^                           ^
       |
help: remove these parentheses
       |
141223 -                 let shift_s = ((0) as i32 - (shift) as i32);
141223 +                 let shift_s = (0) as i32 - (shift) as i32;
       |

warning: unnecessary parentheses around assigned value
      --> src/tsl_neon.rs:141228:31
       |
141228 |                 let shift_s = ((0) as i32 - (shift) as i32);
       |                               ^                           ^
       |
help: remove these parentheses
       |
141228 -                 let shift_s = ((0) as i32 - (shift) as i32);
141228 +                 let shift_s = (0) as i32 - (shift) as i32;
       |

warning: unnecessary parentheses around assigned value
      --> src/tsl_neon.rs:141449:31
       |
141449 |                 let shift_s = ((0) as i64 - (shift) as i64);
       |                               ^                           ^
       |
help: remove these parentheses
       |
141449 -                 let shift_s = ((0) as i64 - (shift) as i64);
141449 +                 let shift_s = (0) as i64 - (shift) as i64;
       |

warning: unnecessary parentheses around assigned value
      --> src/tsl_neon.rs:141454:31
       |
141454 |                 let shift_s = ((0) as i64 - (shift) as i64);
       |                               ^                           ^
       |
help: remove these parentheses
       |
141454 -                 let shift_s = ((0) as i64 - (shift) as i64);
141454 +                 let shift_s = (0) as i64 - (shift) as i64;
       |

warning: unnecessary parentheses around assigned value
      --> src/tsl_neon.rs:141673:27
       |
141673 |             let shift_s = ((0) as i8 - (shift) as i8);
       |                           ^                         ^
       |
help: remove these parentheses
       |
141673 -             let shift_s = ((0) as i8 - (shift) as i8);
141673 +             let shift_s = (0) as i8 - (shift) as i8;
       |

warning: unnecessary parentheses around assigned value
      --> src/tsl_neon.rs:141879:27
       |
141879 |             let shift_s = ((0) as i16 - (shift) as i16);
       |                           ^                           ^
       |
help: remove these parentheses
       |
141879 -             let shift_s = ((0) as i16 - (shift) as i16);
141879 +             let shift_s = (0) as i16 - (shift) as i16;
       |

warning: unnecessary parentheses around assigned value
      --> src/tsl_neon.rs:142085:27
       |
142085 |             let shift_s = ((0) as i32 - (shift) as i32);
       |                           ^                           ^
       |
help: remove these parentheses
       |
142085 -             let shift_s = ((0) as i32 - (shift) as i32);
142085 +             let shift_s = (0) as i32 - (shift) as i32;
       |

warning: unnecessary parentheses around assigned value
      --> src/tsl_neon.rs:142291:27
       |
142291 |             let shift_s = ((0) as i64 - (shift) as i64);
       |                           ^                           ^
       |
help: remove these parentheses
       |
142291 -             let shift_s = ((0) as i64 - (shift) as i64);
142291 +             let shift_s = (0) as i64 - (shift) as i64;
       |

warning: unnecessary parentheses around assigned value
      --> src/tsl_neon.rs:143882:31
       |
143882 |                 let shift_s = ((0) as i8 - (shift) as i8);
       |                               ^                         ^
       |
help: remove these parentheses
       |
143882 -                 let shift_s = ((0) as i8 - (shift) as i8);
143882 +                 let shift_s = (0) as i8 - (shift) as i8;
       |

warning: unnecessary parentheses around assigned value
      --> src/tsl_neon.rs:143887:31
       |
143887 |                 let shift_s = ((0) as i8 - (shift) as i8);
       |                               ^                         ^
       |
help: remove these parentheses
       |
143887 -                 let shift_s = ((0) as i8 - (shift) as i8);
143887 +                 let shift_s = (0) as i8 - (shift) as i8;
       |

warning: unnecessary parentheses around assigned value
      --> src/tsl_neon.rs:144020:31
       |
144020 |                 let shift_s = ((0) as i16 - (shift) as i16);
       |                               ^                           ^
       |
help: remove these parentheses
       |
144020 -                 let shift_s = ((0) as i16 - (shift) as i16);
144020 +                 let shift_s = (0) as i16 - (shift) as i16;
       |

warning: unnecessary parentheses around assigned value
      --> src/tsl_neon.rs:144025:31
       |
144025 |                 let shift_s = ((0) as i16 - (shift) as i16);
       |                               ^                           ^
       |
help: remove these parentheses
       |
144025 -                 let shift_s = ((0) as i16 - (shift) as i16);
144025 +                 let shift_s = (0) as i16 - (shift) as i16;
       |

warning: unnecessary parentheses around assigned value
      --> src/tsl_neon.rs:144158:31
       |
144158 |                 let shift_s = ((0) as i32 - (shift) as i32);
       |                               ^                           ^
       |
help: remove these parentheses
       |
144158 -                 let shift_s = ((0) as i32 - (shift) as i32);
144158 +                 let shift_s = (0) as i32 - (shift) as i32;
       |

warning: unnecessary parentheses around assigned value
      --> src/tsl_neon.rs:144163:31
       |
144163 |                 let shift_s = ((0) as i32 - (shift) as i32);
       |                               ^                           ^
       |
help: remove these parentheses
       |
144163 -                 let shift_s = ((0) as i32 - (shift) as i32);
144163 +                 let shift_s = (0) as i32 - (shift) as i32;
       |

warning: unnecessary parentheses around assigned value
      --> src/tsl_neon.rs:144296:31
       |
144296 |                 let shift_s = ((0) as i64 - (shift) as i64);
       |                               ^                           ^
       |
help: remove these parentheses
       |
144296 -                 let shift_s = ((0) as i64 - (shift) as i64);
144296 +                 let shift_s = (0) as i64 - (shift) as i64;
       |

warning: unnecessary parentheses around assigned value
      --> src/tsl_neon.rs:144301:31
       |
144301 |                 let shift_s = ((0) as i64 - (shift) as i64);
       |                               ^                           ^
       |
help: remove these parentheses
       |
144301 -                 let shift_s = ((0) as i64 - (shift) as i64);
144301 +                 let shift_s = (0) as i64 - (shift) as i64;
       |

warning: unnecessary parentheses around assigned value
      --> src/tsl_neon.rs:144432:27
       |
144432 |             let shift_s = ((0) as i8 - (shift) as i8);
       |                           ^                         ^
       |
help: remove these parentheses
       |
144432 -             let shift_s = ((0) as i8 - (shift) as i8);
144432 +             let shift_s = (0) as i8 - (shift) as i8;
       |

warning: unnecessary parentheses around assigned value
      --> src/tsl_neon.rs:144557:27
       |
144557 |             let shift_s = ((0) as i16 - (shift) as i16);
       |                           ^                           ^
       |
help: remove these parentheses
       |
144557 -             let shift_s = ((0) as i16 - (shift) as i16);
144557 +             let shift_s = (0) as i16 - (shift) as i16;
       |

warning: unnecessary parentheses around assigned value
      --> src/tsl_neon.rs:144682:27
       |
144682 |             let shift_s = ((0) as i32 - (shift) as i32);
       |                           ^                           ^
       |
help: remove these parentheses
       |
144682 -             let shift_s = ((0) as i32 - (shift) as i32);
144682 +             let shift_s = (0) as i32 - (shift) as i32;
       |

warning: unnecessary parentheses around assigned value
      --> src/tsl_neon.rs:144807:27
       |
144807 |             let shift_s = ((0) as i64 - (shift) as i64);
       |                           ^                           ^
       |
help: remove these parentheses
       |
144807 -             let shift_s = ((0) as i64 - (shift) as i64);
144807 +             let shift_s = (0) as i64 - (shift) as i64;
       |

warning: `tsl_generated` (lib test) generated 24 warnings (24 duplicates)
warning: `tsl_generated` (lib) generated 24 warnings (run `cargo fix --lib -p tsl_generated` to apply 24 suggestions)
    Finished `test` profile [unoptimized + debuginfo] target(s) in 12.55s
     Running unittests src/lib.rs (rust/target/neon/aarch64-unknown-linux-musl/debug/deps/tsl_generated-82b58630b5e34c47)
error: test failed, to rerun pass `--lib`

Caused by:
  could not execute process `/workspace/tslctmp/ci-generated/rust/target/neon/aarch64-unknown-linux-musl/debug/deps/tsl_generated-82b58630b5e34c47` (never executed)

Caused by:
  Exec format error (os error 8)
[verify] TSL-BUILD-VERIFY-COMMAND-FAILED: rust profile sapphirerapids test command failed with exit code 101: cargo test --manifest-path /workspace/tslctmp/ci-generated/rust/Cargo.toml --no-default-features --features sapphirerapids,value_tests --target-dir /workspace/tslctmp/ci-generated/rust/target/sapphirerapids: Compiling tsl_generated v0.1.0 (/workspace/tslctmp/ci-generated/rust)
warning: unnecessary parentheses around `return` value
      --> src/tsl_sapphirerapids.rs:159905:16
       |
159905 |         return (!mask);
       |                ^     ^
       |
       = note: `#[warn(unused_parens)]` (part of `#[warn(unused)]`) on by default
help: remove these parentheses
       |
159905 -         return (!mask);
159905 +         return !mask;
       |

warning: unnecessary parentheses around `return` value
      --> src/tsl_sapphirerapids.rs:159931:16
       |
159931 |         return (!mask);
       |                ^     ^
       |
help: remove these parentheses
       |
159931 -         return (!mask);
159931 +         return !mask;
       |

warning: unnecessary parentheses around `return` value
      --> src/tsl_sapphirerapids.rs:160015:16
       |
160015 |         return (!mask);
       |                ^     ^
       |
help: remove these parentheses
       |
160015 -         return (!mask);
160015 +         return !mask;
       |

warning: unnecessary parentheses around `return` value
      --> src/tsl_sapphirerapids.rs:160041:16
       |
160041 |         return (!mask);
       |                ^     ^
       |
help: remove these parentheses
       |
160041 -         return (!mask);
160041 +         return !mask;
       |

warning: unnecessary parentheses around `return` value
      --> src/tsl_sapphirerapids.rs:160067:16
       |
160067 |         return (!mask);
       |                ^     ^
       |
help: remove these parentheses
       |
160067 -         return (!mask);
160067 +         return !mask;
       |

warning: unnecessary parentheses around `return` value
      --> src/tsl_sapphirerapids.rs:160151:16
       |
160151 |         return (!mask);
       |                ^     ^
       |
help: remove these parentheses
       |
160151 -         return (!mask);
160151 +         return !mask;
       |

warning: unnecessary parentheses around `return` value
      --> src/tsl_sapphirerapids.rs:160177:16
       |
160177 |         return (!mask);
       |                ^     ^
       |
help: remove these parentheses
       |
160177 -         return (!mask);
160177 +         return !mask;
       |

warning: unnecessary parentheses around `return` value
      --> src/tsl_sapphirerapids.rs:160203:16
       |
160203 |         return (!mask);
       |                ^     ^
       |
help: remove these parentheses
       |
160203 -         return (!mask);
160203 +         return !mask;
       |

warning: unnecessary parentheses around `return` value
      --> src/tsl_sapphirerapids.rs:160287:16
       |
160287 |         return (!mask);
       |                ^     ^
       |
help: remove these parentheses
       |
160287 -         return (!mask);
160287 +         return !mask;
       |

warning: unnecessary parentheses around `return` value
      --> src/tsl_sapphirerapids.rs:160313:16
       |
160313 |         return (!mask);
       |                ^     ^
       |
help: remove these parentheses
       |
160313 -         return (!mask);
160313 +         return !mask;
       |

warning: unnecessary parentheses around `return` value
      --> src/tsl_sapphirerapids.rs:160339:16
       |
160339 |         return (!mask);
       |                ^     ^
       |
help: remove these parentheses
       |
160339 -         return (!mask);
160339 +         return !mask;
       |

warning: unnecessary parentheses around `return` value
      --> src/tsl_sapphirerapids.rs:160423:16
       |
160423 |         return (!mask);
       |                ^     ^
       |
help: remove these parentheses
       |
160423 -         return (!mask);
160423 +         return !mask;
       |

warning: unnecessary parentheses around `return` value
      --> src/tsl_sapphirerapids.rs:160449:16
       |
160449 |         return (!mask);
       |                ^     ^
       |
help: remove these parentheses
       |
160449 -         return (!mask);
160449 +         return !mask;
       |

warning: unnecessary parentheses around `return` value
      --> src/tsl_sapphirerapids.rs:160475:16
       |
160475 |         return (!mask);
       |                ^     ^
       |
help: remove these parentheses
       |
160475 -         return (!mask);
160475 +         return !mask;
       |

warning: unnecessary parentheses around `return` value
      --> src/tsl_sapphirerapids.rs:160559:16
       |
160559 |         return (!mask);
       |                ^     ^
       |
help: remove these parentheses
       |
160559 -         return (!mask);
160559 +         return !mask;
       |

warning: unnecessary parentheses around `return` value
      --> src/tsl_sapphirerapids.rs:160585:16
       |
160585 |         return (!mask);
       |                ^     ^
       |
help: remove these parentheses
       |
160585 -         return (!mask);
160585 +         return !mask;
       |

warning: unnecessary parentheses around `return` value
      --> src/tsl_sapphirerapids.rs:160611:16
       |
160611 |         return (!mask);
       |                ^     ^
       |
help: remove these parentheses
       |
160611 -         return (!mask);
160611 +         return !mask;
       |

warning: unnecessary parentheses around `return` value
      --> src/tsl_sapphirerapids.rs:160695:16
       |
160695 |         return (!mask);
       |                ^     ^
       |
help: remove these parentheses
       |
160695 -         return (!mask);
160695 +         return !mask;
       |

warning: unnecessary parentheses around `return` value
      --> src/tsl_sapphirerapids.rs:160721:16
       |
160721 |         return (!mask);
       |                ^     ^
       |
help: remove these parentheses
       |
160721 -         return (!mask);
160721 +         return !mask;
       |

warning: unnecessary parentheses around `return` value
      --> src/tsl_sapphirerapids.rs:160747:16
       |
160747 |         return (!mask);
       |                ^     ^
       |
help: remove these parentheses
       |
160747 -         return (!mask);
160747 +         return !mask;
       |

warning: unnecessary parentheses around `return` value
      --> src/tsl_sapphirerapids.rs:160831:16
       |
160831 |         return (!mask);
       |                ^     ^
       |
help: remove these parentheses
       |
160831 -         return (!mask);
160831 +         return !mask;
       |

warning: unnecessary parentheses around `return` value
      --> src/tsl_sapphirerapids.rs:160857:16
       |
160857 |         return (!mask);
       |                ^     ^
       |
help: remove these parentheses
       |
160857 -         return (!mask);
160857 +         return !mask;
       |

warning: unnecessary parentheses around `return` value
      --> src/tsl_sapphirerapids.rs:160883:16
       |
160883 |         return (!mask);
       |                ^     ^
       |
help: remove these parentheses
       |
160883 -         return (!mask);
160883 +         return !mask;
       |

warning: unnecessary parentheses around `return` value
      --> src/tsl_sapphirerapids.rs:160967:16
       |
160967 |         return (!mask);
       |                ^     ^
       |
help: remove these parentheses
       |
160967 -         return (!mask);
160967 +         return !mask;
       |

warning: unnecessary parentheses around `return` value
      --> src/tsl_sapphirerapids.rs:160993:16
       |
160993 |         return (!mask);
       |                ^     ^
       |
help: remove these parentheses
       |
160993 -         return (!mask);
160993 +         return !mask;
       |

warning: unnecessary parentheses around `return` value
      --> src/tsl_sapphirerapids.rs:161019:16
       |
161019 |         return (!mask);
       |                ^     ^
       |
help: remove these parentheses
       |
161019 -         return (!mask);
161019 +         return !mask;
       |

warning: unnecessary parentheses around `return` value
      --> src/tsl_sapphirerapids.rs:161103:16
       |
161103 |         return (!mask);
       |                ^     ^
       |
help: remove these parentheses
       |
161103 -         return (!mask);
161103 +         return !mask;
       |

warning: unnecessary parentheses around `return` value
      --> src/tsl_sapphirerapids.rs:161129:16
       |
161129 |         return (!mask);
       |                ^     ^
       |
help: remove these parentheses
       |
161129 -         return (!mask);
161129 +         return !mask;
       |

warning: unnecessary parentheses around `return` value
      --> src/tsl_sapphirerapids.rs:161155:16
       |
161155 |         return (!mask);
       |                ^     ^
       |
help: remove these parentheses
       |
161155 -         return (!mask);
161155 +         return !mask;
       |

warning: unnecessary parentheses around `return` value
      --> src/tsl_sapphirerapids.rs:161239:16
       |
161239 |         return (!mask);
       |                ^     ^
       |
help: remove these parentheses
       |
161239 -         return (!mask);
161239 +         return !mask;
       |

warning: `tsl_generated` (lib test) generated 30 warnings (run `cargo fix --lib -p tsl_generated --tests` to apply 30 suggestions)
warning: `tsl_generated` (lib) generated 30 warnings (30 duplicates)
    Finished `test` profile [unoptimized + debuginfo] target(s) in 13.70s
     Running unittests src/lib.rs (rust/target/sapphirerapids/debug/deps/tsl_generated-d07281d529ee8c9c)
     Running tests/smoke.rs (rust/target/sapphirerapids/debug/deps/smoke-b4eed8e16fe5cdbd)
     Running tests/values.rs (rust/target/sapphirerapids/debug/deps/values-6bfabe8d4663683a)
error: test failed, to rerun pass `--test values`

Caused by:
  process didn't exit successfully: `/workspace/tslctmp/ci-generated/rust/target/sapphirerapids/debug/deps/values-6bfabe8d4663683a` (signal: 4, SIGILL: illegal instruction)
[verify] TSL-BUILD-VERIFY-COMMAND-FAILED: rust profile skylake test command failed with exit code 101: cargo test --manifest-path /workspace/tslctmp/ci-generated/rust/Cargo.toml --no-default-features --features skylake,value_tests --target-dir /workspace/tslctmp/ci-generated/rust/target/skylake: Compiling tsl_generated v0.1.0 (/workspace/tslctmp/ci-generated/rust)
warning: unnecessary parentheses around `return` value
      --> src/tsl_skylake.rs:159633:16
       |
159633 |         return (!mask);
       |                ^     ^
       |
       = note: `#[warn(unused_parens)]` (part of `#[warn(unused)]`) on by default
help: remove these parentheses
       |
159633 -         return (!mask);
159633 +         return !mask;
       |

warning: unnecessary parentheses around `return` value
      --> src/tsl_skylake.rs:159659:16
       |
159659 |         return (!mask);
       |                ^     ^
       |
help: remove these parentheses
       |
159659 -         return (!mask);
159659 +         return !mask;
       |

warning: unnecessary parentheses around `return` value
      --> src/tsl_skylake.rs:159743:16
       |
159743 |         return (!mask);
       |                ^     ^
       |
help: remove these parentheses
       |
159743 -         return (!mask);
159743 +         return !mask;
       |

warning: unnecessary parentheses around `return` value
      --> src/tsl_skylake.rs:159769:16
       |
159769 |         return (!mask);
       |                ^     ^
       |
help: remove these parentheses
       |
159769 -         return (!mask);
159769 +         return !mask;
       |

warning: unnecessary parentheses around `return` value
      --> src/tsl_skylake.rs:159795:16
       |
159795 |         return (!mask);
       |                ^     ^
       |
help: remove these parentheses
       |
159795 -         return (!mask);
159795 +         return !mask;
       |

warning: unnecessary parentheses around `return` value
      --> src/tsl_skylake.rs:159879:16
       |
159879 |         return (!mask);
       |                ^     ^
       |
help: remove these parentheses
       |
159879 -         return (!mask);
159879 +         return !mask;
       |

warning: unnecessary parentheses around `return` value
      --> src/tsl_skylake.rs:159905:16
       |
159905 |         return (!mask);
       |                ^     ^
       |
help: remove these parentheses
       |
159905 -         return (!mask);
159905 +         return !mask;
       |

warning: unnecessary parentheses around `return` value
      --> src/tsl_skylake.rs:159931:16
       |
159931 |         return (!mask);
       |                ^     ^
       |
help: remove these parentheses
       |
159931 -         return (!mask);
159931 +         return !mask;
       |

warning: unnecessary parentheses around `return` value
      --> src/tsl_skylake.rs:160015:16
       |
160015 |         return (!mask);
       |                ^     ^
       |
help: remove these parentheses
       |
160015 -         return (!mask);
160015 +         return !mask;
       |

warning: unnecessary parentheses around `return` value
      --> src/tsl_skylake.rs:160041:16
       |
160041 |         return (!mask);
       |                ^     ^
       |
help: remove these parentheses
       |
160041 -         return (!mask);
160041 +         return !mask;
       |

warning: unnecessary parentheses around `return` value
      --> src/tsl_skylake.rs:160067:16
       |
160067 |         return (!mask);
       |                ^     ^
       |
help: remove these parentheses
       |
160067 -         return (!mask);
160067 +         return !mask;
       |

warning: unnecessary parentheses around `return` value
      --> src/tsl_skylake.rs:160151:16
       |
160151 |         return (!mask);
       |                ^     ^
       |
help: remove these parentheses
       |
160151 -         return (!mask);
160151 +         return !mask;
       |

warning: unnecessary parentheses around `return` value
      --> src/tsl_skylake.rs:160177:16
       |
160177 |         return (!mask);
       |                ^     ^
       |
help: remove these parentheses
       |
160177 -         return (!mask);
160177 +         return !mask;
       |

warning: unnecessary parentheses around `return` value
      --> src/tsl_skylake.rs:160203:16
       |
160203 |         return (!mask);
       |                ^     ^
       |
help: remove these parentheses
       |
160203 -         return (!mask);
160203 +         return !mask;
       |

warning: unnecessary parentheses around `return` value
      --> src/tsl_skylake.rs:160287:16
       |
160287 |         return (!mask);
       |                ^     ^
       |
help: remove these parentheses
       |
160287 -         return (!mask);
160287 +         return !mask;
       |

warning: unnecessary parentheses around `return` value
      --> src/tsl_skylake.rs:160313:16
       |
160313 |         return (!mask);
       |                ^     ^
       |
help: remove these parentheses
       |
160313 -         return (!mask);
160313 +         return !mask;
       |

warning: unnecessary parentheses around `return` value
      --> src/tsl_skylake.rs:160339:16
       |
160339 |         return (!mask);
       |                ^     ^
       |
help: remove these parentheses
       |
160339 -         return (!mask);
160339 +         return !mask;
       |

warning: unnecessary parentheses around `return` value
      --> src/tsl_skylake.rs:160423:16
       |
160423 |         return (!mask);
       |                ^     ^
       |
help: remove these parentheses
       |
160423 -         return (!mask);
160423 +         return !mask;
       |

warning: unnecessary parentheses around `return` value
      --> src/tsl_skylake.rs:160449:16
       |
160449 |         return (!mask);
       |                ^     ^
       |
help: remove these parentheses
       |
160449 -         return (!mask);
160449 +         return !mask;
       |

warning: unnecessary parentheses around `return` value
      --> src/tsl_skylake.rs:160475:16
       |
160475 |         return (!mask);
       |                ^     ^
       |
help: remove these parentheses
       |
160475 -         return (!mask);
160475 +         return !mask;
       |

warning: unnecessary parentheses around `return` value
      --> src/tsl_skylake.rs:160559:16
       |
160559 |         return (!mask);
       |                ^     ^
       |
help: remove these parentheses
       |
160559 -         return (!mask);
160559 +         return !mask;
       |

warning: unnecessary parentheses around `return` value
      --> src/tsl_skylake.rs:160585:16
       |
160585 |         return (!mask);
       |                ^     ^
       |
help: remove these parentheses
       |
160585 -         return (!mask);
160585 +         return !mask;
       |

warning: unnecessary parentheses around `return` value
      --> src/tsl_skylake.rs:160611:16
       |
160611 |         return (!mask);
       |                ^     ^
       |
help: remove these parentheses
       |
160611 -         return (!mask);
160611 +         return !mask;
       |

warning: unnecessary parentheses around `return` value
      --> src/tsl_skylake.rs:160695:16
       |
160695 |         return (!mask);
       |                ^     ^
       |
help: remove these parentheses
       |
160695 -         return (!mask);
160695 +         return !mask;
       |

warning: unnecessary parentheses around `return` value
      --> src/tsl_skylake.rs:160721:16
       |
160721 |         return (!mask);
       |                ^     ^
       |
help: remove these parentheses
       |
160721 -         return (!mask);
160721 +         return !mask;
       |

warning: unnecessary parentheses around `return` value
      --> src/tsl_skylake.rs:160747:16
       |
160747 |         return (!mask);
       |                ^     ^
       |
help: remove these parentheses
       |
160747 -         return (!mask);
160747 +         return !mask;
       |

warning: unnecessary parentheses around `return` value
      --> src/tsl_skylake.rs:160831:16
       |
160831 |         return (!mask);
       |                ^     ^
       |
help: remove these parentheses
       |
160831 -         return (!mask);
160831 +         return !mask;
       |

warning: unnecessary parentheses around `return` value
      --> src/tsl_skylake.rs:160857:16
       |
160857 |         return (!mask);
       |                ^     ^
       |
help: remove these parentheses
       |
160857 -         return (!mask);
160857 +         return !mask;
       |

warning: unnecessary parentheses around `return` value
      --> src/tsl_skylake.rs:160883:16
       |
160883 |         return (!mask);
       |                ^     ^
       |
help: remove these parentheses
       |
160883 -         return (!mask);
160883 +         return !mask;
       |

warning: unnecessary parentheses around `return` value
      --> src/tsl_skylake.rs:160967:16
       |
160967 |         return (!mask);
       |                ^     ^
       |
help: remove these parentheses
       |
160967 -         return (!mask);
160967 +         return !mask;
       |

warning: `tsl_generated` (lib test) generated 30 warnings (run `cargo fix --lib -p tsl_generated --tests` to apply 30 suggestions)
warning: `tsl_generated` (lib) generated 30 warnings (30 duplicates)
    Finished `test` profile [unoptimized + debuginfo] target(s) in 13.60s
     Running unittests src/lib.rs (rust/target/skylake/debug/deps/tsl_generated-20055aec45989d8a)
     Running tests/smoke.rs (rust/target/skylake/debug/deps/smoke-21688d70fb22f760)
     Running tests/values.rs (rust/target/skylake/debug/deps/values-d27cbd2e34126e3d)
error: test failed, to rerun pass `--test values`

Caused by:
  process didn't exit successfully: `/workspace/tslctmp/ci-generated/rust/target/skylake/debug/deps/values-d27cbd2e34126e3d` (signal: 4, SIGILL: illegal instruction)
[verify] TSL-BUILD-VERIFY-COMMAND-FAILED: rust profile sve test command failed with exit code 101: cargo test --manifest-path /workspace/tslctmp/ci-generated/rust/Cargo.toml --no-default-features --features sve,value_tests --target aarch64-unknown-linux-musl --target-dir /workspace/tslctmp/ci-generated/rust/target/sve: Compiling tsl_generated v0.1.0 (/workspace/tslctmp/ci-generated/rust)
    Finished `test` profile [unoptimized + debuginfo] target(s) in 9.37s
     Running unittests src/lib.rs (rust/target/sve/aarch64-unknown-linux-musl/debug/deps/tsl_generated-b22043c4860111dc)
error: test failed, to rerun pass `--lib`

Caused by:
  could not execute process `/workspace/tslctmp/ci-generated/rust/target/sve/aarch64-unknown-linux-musl/debug/deps/tsl_generated-b22043c4860111dc` (never executed)

Caused by:
  Exec format error (os error 8)
[verify] TSL-BUILD-VERIFY-COMMAND-FAILED: rust profile tigerlake test command failed with exit code 101: cargo test --manifest-path /workspace/tslctmp/ci-generated/rust/Cargo.toml --no-default-features --features tigerlake,value_tests --target-dir /workspace/tslctmp/ci-generated/rust/target/tigerlake: Compiling tsl_generated v0.1.0 (/workspace/tslctmp/ci-generated/rust)
warning: unnecessary parentheses around `return` value
      --> src/tsl_tigerlake.rs:159905:16
       |
159905 |         return (!mask);
       |                ^     ^
       |
       = note: `#[warn(unused_parens)]` (part of `#[warn(unused)]`) on by default
help: remove these parentheses
       |
159905 -         return (!mask);
159905 +         return !mask;
       |

warning: unnecessary parentheses around `return` value
      --> src/tsl_tigerlake.rs:159931:16
       |
159931 |         return (!mask);
       |                ^     ^
       |
help: remove these parentheses
       |
159931 -         return (!mask);
159931 +         return !mask;
       |

warning: unnecessary parentheses around `return` value
      --> src/tsl_tigerlake.rs:160015:16
       |
160015 |         return (!mask);
       |                ^     ^
       |
help: remove these parentheses
       |
160015 -         return (!mask);
160015 +         return !mask;
       |

warning: unnecessary parentheses around `return` value
      --> src/tsl_tigerlake.rs:160041:16
       |
160041 |         return (!mask);
       |                ^     ^
       |
help: remove these parentheses
       |
160041 -         return (!mask);
160041 +         return !mask;
       |

warning: unnecessary parentheses around `return` value
      --> src/tsl_tigerlake.rs:160067:16
       |
160067 |         return (!mask);
       |                ^     ^
       |
help: remove these parentheses
       |
160067 -         return (!mask);
160067 +         return !mask;
       |

warning: unnecessary parentheses around `return` value
      --> src/tsl_tigerlake.rs:160151:16
       |
160151 |         return (!mask);
       |                ^     ^
       |
help: remove these parentheses
       |
160151 -         return (!mask);
160151 +         return !mask;
       |

warning: unnecessary parentheses around `return` value
      --> src/tsl_tigerlake.rs:160177:16
       |
160177 |         return (!mask);
       |                ^     ^
       |
help: remove these parentheses
       |
160177 -         return (!mask);
160177 +         return !mask;
       |

warning: unnecessary parentheses around `return` value
      --> src/tsl_tigerlake.rs:160203:16
       |
160203 |         return (!mask);
       |                ^     ^
       |
help: remove these parentheses
       |
160203 -         return (!mask);
160203 +         return !mask;
       |

warning: unnecessary parentheses around `return` value
      --> src/tsl_tigerlake.rs:160287:16
       |
160287 |         return (!mask);
       |                ^     ^
       |
help: remove these parentheses
       |
160287 -         return (!mask);
160287 +         return !mask;
       |

warning: unnecessary parentheses around `return` value
      --> src/tsl_tigerlake.rs:160313:16
       |
160313 |         return (!mask);
       |                ^     ^
       |
help: remove these parentheses
       |
160313 -         return (!mask);
160313 +         return !mask;
       |

warning: unnecessary parentheses around `return` value
      --> src/tsl_tigerlake.rs:160339:16
       |
160339 |         return (!mask);
       |                ^     ^
       |
help: remove these parentheses
       |
160339 -         return (!mask);
160339 +         return !mask;
       |

warning: unnecessary parentheses around `return` value
      --> src/tsl_tigerlake.rs:160423:16
       |
160423 |         return (!mask);
       |                ^     ^
       |
help: remove these parentheses
       |
160423 -         return (!mask);
160423 +         return !mask;
       |

warning: unnecessary parentheses around `return` value
      --> src/tsl_tigerlake.rs:160449:16
       |
160449 |         return (!mask);
       |                ^     ^
       |
help: remove these parentheses
       |
160449 -         return (!mask);
160449 +         return !mask;
       |

warning: unnecessary parentheses around `return` value
      --> src/tsl_tigerlake.rs:160475:16
       |
160475 |         return (!mask);
       |                ^     ^
       |
help: remove these parentheses
       |
160475 -         return (!mask);
160475 +         return !mask;
       |

warning: unnecessary parentheses around `return` value
      --> src/tsl_tigerlake.rs:160559:16
       |
160559 |         return (!mask);
       |                ^     ^
       |
help: remove these parentheses
       |
160559 -         return (!mask);
160559 +         return !mask;
       |

warning: unnecessary parentheses around `return` value
      --> src/tsl_tigerlake.rs:160585:16
       |
160585 |         return (!mask);
       |                ^     ^
       |
help: remove these parentheses
       |
160585 -         return (!mask);
160585 +         return !mask;
       |

warning: unnecessary parentheses around `return` value
      --> src/tsl_tigerlake.rs:160611:16
       |
160611 |         return (!mask);
       |                ^     ^
       |
help: remove these parentheses
       |
160611 -         return (!mask);
160611 +         return !mask;
       |

warning: unnecessary parentheses around `return` value
      --> src/tsl_tigerlake.rs:160695:16
       |
160695 |         return (!mask);
       |                ^     ^
       |
help: remove these parentheses
       |
160695 -         return (!mask);
160695 +         return !mask;
       |

warning: unnecessary parentheses around `return` value
      --> src/tsl_tigerlake.rs:160721:16
       |
160721 |         return (!mask);
       |                ^     ^
       |
help: remove these parentheses
       |
160721 -         return (!mask);
160721 +         return !mask;
       |

warning: unnecessary parentheses around `return` value
      --> src/tsl_tigerlake.rs:160747:16
       |
160747 |         return (!mask);
       |                ^     ^
       |
help: remove these parentheses
       |
160747 -         return (!mask);
160747 +         return !mask;
       |

warning: unnecessary parentheses around `return` value
      --> src/tsl_tigerlake.rs:160831:16
       |
160831 |         return (!mask);
       |                ^     ^
       |
help: remove these parentheses
       |
160831 -         return (!mask);
160831 +         return !mask;
       |

warning: unnecessary parentheses around `return` value
      --> src/tsl_tigerlake.rs:160857:16
       |
160857 |         return (!mask);
       |                ^     ^
       |
help: remove these parentheses
       |
160857 -         return (!mask);
160857 +         return !mask;
       |

warning: unnecessary parentheses around `return` value
      --> src/tsl_tigerlake.rs:160883:16
       |
160883 |         return (!mask);
       |                ^     ^
       |
help: remove these parentheses
       |
160883 -         return (!mask);
160883 +         return !mask;
       |

warning: unnecessary parentheses around `return` value
      --> src/tsl_tigerlake.rs:160967:16
       |
160967 |         return (!mask);
       |                ^     ^
       |
help: remove these parentheses
       |
160967 -         return (!mask);
160967 +         return !mask;
       |

warning: unnecessary parentheses around `return` value
      --> src/tsl_tigerlake.rs:160993:16
       |
160993 |         return (!mask);
       |                ^     ^
       |
help: remove these parentheses
       |
160993 -         return (!mask);
160993 +         return !mask;
       |

warning: unnecessary parentheses around `return` value
      --> src/tsl_tigerlake.rs:161019:16
       |
161019 |         return (!mask);
       |                ^     ^
       |
help: remove these parentheses
       |
161019 -         return (!mask);
161019 +         return !mask;
       |

warning: unnecessary parentheses around `return` value
      --> src/tsl_tigerlake.rs:161103:16
       |
161103 |         return (!mask);
       |                ^     ^
       |
help: remove these parentheses
       |
161103 -         return (!mask);
161103 +         return !mask;
       |

warning: unnecessary parentheses around `return` value
      --> src/tsl_tigerlake.rs:161129:16
       |
161129 |         return (!mask);
       |                ^     ^
       |
help: remove these parentheses
       |
161129 -         return (!mask);
161129 +         return !mask;
       |

warning: unnecessary parentheses around `return` value
      --> src/tsl_tigerlake.rs:161155:16
       |
161155 |         return (!mask);
       |                ^     ^
       |
help: remove these parentheses
       |
161155 -         return (!mask);
161155 +         return !mask;
       |

warning: unnecessary parentheses around `return` value
      --> src/tsl_tigerlake.rs:161239:16
       |
161239 |         return (!mask);
       |                ^     ^
       |
help: remove these parentheses
       |
161239 -         return (!mask);
161239 +         return !mask;
       |

warning: `tsl_generated` (lib test) generated 30 warnings (run `cargo fix --lib -p tsl_generated --tests` to apply 30 suggestions)
warning: `tsl_generated` (lib) generated 30 warnings (30 duplicates)
    Finished `test` profile [unoptimized + debuginfo] target(s) in 13.75s
     Running unittests src/lib.rs (rust/target/tigerlake/debug/deps/tsl_generated-0d51525b52943ca3)
     Running tests/smoke.rs (rust/target/tigerlake/debug/deps/smoke-2ebcc3e4ae6931d3)
     Running tests/values.rs (rust/target/tigerlake/debug/deps/values-4b30f2d50227fdab)
error: test failed, to rerun pass `--test values`

Caused by:
  process didn't exit successfully: `/workspace/tslctmp/ci-generated/rust/target/tigerlake/debug/deps/values-4b30f2d50227fdab` (signal: 4, SIGILL: illegal instruction)
[verify] TSL-BUILD-VERIFY-COMMAND-FAILED: rust profile zen4 test command failed with exit code 101: cargo test --manifest-path /workspace/tslctmp/ci-generated/rust/Cargo.toml --no-default-features --features zen4,value_tests --target-dir /workspace/tslctmp/ci-generated/rust/target/zen4: Compiling tsl_generated v0.1.0 (/workspace/tslctmp/ci-generated/rust)
warning: unnecessary parentheses around `return` value
      --> src/tsl_zen4.rs:159905:16
       |
159905 |         return (!mask);
       |                ^     ^
       |
       = note: `#[warn(unused_parens)]` (part of `#[warn(unused)]`) on by default
help: remove these parentheses
       |
159905 -         return (!mask);
159905 +         return !mask;
       |

warning: unnecessary parentheses around `return` value
      --> src/tsl_zen4.rs:159931:16
       |
159931 |         return (!mask);
       |                ^     ^
       |
help: remove these parentheses
       |
159931 -         return (!mask);
159931 +         return !mask;
       |

warning: unnecessary parentheses around `return` value
      --> src/tsl_zen4.rs:160015:16
       |
160015 |         return (!mask);
       |                ^     ^
       |
help: remove these parentheses
       |
160015 -         return (!mask);
160015 +         return !mask;
       |

warning: unnecessary parentheses around `return` value
      --> src/tsl_zen4.rs:160041:16
       |
160041 |         return (!mask);
       |                ^     ^
       |
help: remove these parentheses
       |
160041 -         return (!mask);
160041 +         return !mask;
       |

warning: unnecessary parentheses around `return` value
      --> src/tsl_zen4.rs:160067:16
       |
160067 |         return (!mask);
       |                ^     ^
       |
help: remove these parentheses
       |
160067 -         return (!mask);
160067 +         return !mask;
       |

warning: unnecessary parentheses around `return` value
      --> src/tsl_zen4.rs:160151:16
       |
160151 |         return (!mask);
       |                ^     ^
       |
help: remove these parentheses
       |
160151 -         return (!mask);
160151 +         return !mask;
       |

warning: unnecessary parentheses around `return` value
      --> src/tsl_zen4.rs:160177:16
       |
160177 |         return (!mask);
       |                ^     ^
       |
help: remove these parentheses
       |
160177 -         return (!mask);
160177 +         return !mask;
       |

warning: unnecessary parentheses around `return` value
      --> src/tsl_zen4.rs:160203:16
       |
160203 |         return (!mask);
       |                ^     ^
       |
help: remove these parentheses
       |
160203 -         return (!mask);
160203 +         return !mask;
       |

warning: unnecessary parentheses around `return` value
      --> src/tsl_zen4.rs:160287:16
       |
160287 |         return (!mask);
       |                ^     ^
       |
help: remove these parentheses
       |
160287 -         return (!mask);
160287 +         return !mask;
       |

warning: unnecessary parentheses around `return` value
      --> src/tsl_zen4.rs:160313:16
       |
160313 |         return (!mask);
       |                ^     ^
       |
help: remove these parentheses
       |
160313 -         return (!mask);
160313 +         return !mask;
       |

warning: unnecessary parentheses around `return` value
      --> src/tsl_zen4.rs:160339:16
       |
160339 |         return (!mask);
       |                ^     ^
       |
help: remove these parentheses
       |
160339 -         return (!mask);
160339 +         return !mask;
       |

warning: unnecessary parentheses around `return` value
      --> src/tsl_zen4.rs:160423:16
       |
160423 |         return (!mask);
       |                ^     ^
       |
help: remove these parentheses
       |
160423 -         return (!mask);
160423 +         return !mask;
       |

warning: unnecessary parentheses around `return` value
      --> src/tsl_zen4.rs:160449:16
       |
160449 |         return (!mask);
       |                ^     ^
       |
help: remove these parentheses
       |
160449 -         return (!mask);
160449 +         return !mask;
       |

warning: unnecessary parentheses around `return` value
      --> src/tsl_zen4.rs:160475:16
       |
160475 |         return (!mask);
       |                ^     ^
       |
help: remove these parentheses
       |
160475 -         return (!mask);
160475 +         return !mask;
       |

warning: unnecessary parentheses around `return` value
      --> src/tsl_zen4.rs:160559:16
       |
160559 |         return (!mask);
       |                ^     ^
       |
help: remove these parentheses
       |
160559 -         return (!mask);
160559 +         return !mask;
       |

warning: unnecessary parentheses around `return` value
      --> src/tsl_zen4.rs:160585:16
       |
160585 |         return (!mask);
       |                ^     ^
       |
help: remove these parentheses
       |
160585 -         return (!mask);
160585 +         return !mask;
       |

warning: unnecessary parentheses around `return` value
      --> src/tsl_zen4.rs:160611:16
       |
160611 |         return (!mask);
       |                ^     ^
       |
help: remove these parentheses
       |
160611 -         return (!mask);
160611 +         return !mask;
       |

warning: unnecessary parentheses around `return` value
      --> src/tsl_zen4.rs:160695:16
       |
160695 |         return (!mask);
       |                ^     ^
       |
help: remove these parentheses
       |
160695 -         return (!mask);
160695 +         return !mask;
       |

warning: unnecessary parentheses around `return` value
      --> src/tsl_zen4.rs:160721:16
       |
160721 |         return (!mask);
       |                ^     ^
       |
help: remove these parentheses
       |
160721 -         return (!mask);
160721 +         return !mask;
       |

warning: unnecessary parentheses around `return` value
      --> src/tsl_zen4.rs:160747:16
       |
160747 |         return (!mask);
       |                ^     ^
       |
help: remove these parentheses
       |
160747 -         return (!mask);
160747 +         return !mask;
       |

warning: unnecessary parentheses around `return` value
      --> src/tsl_zen4.rs:160831:16
       |
160831 |         return (!mask);
       |                ^     ^
       |
help: remove these parentheses
       |
160831 -         return (!mask);
160831 +         return !mask;
       |

warning: unnecessary parentheses around `return` value
      --> src/tsl_zen4.rs:160857:16
       |
160857 |         return (!mask);
       |                ^     ^
       |
help: remove these parentheses
       |
160857 -         return (!mask);
160857 +         return !mask;
       |

warning: unnecessary parentheses around `return` value
      --> src/tsl_zen4.rs:160883:16
       |
160883 |         return (!mask);
       |                ^     ^
       |
help: remove these parentheses
       |
160883 -         return (!mask);
160883 +         return !mask;
       |

warning: unnecessary parentheses around `return` value
      --> src/tsl_zen4.rs:160967:16
       |
160967 |         return (!mask);
       |                ^     ^
       |
help: remove these parentheses
       |
160967 -         return (!mask);
160967 +         return !mask;
       |

warning: unnecessary parentheses around `return` value
      --> src/tsl_zen4.rs:160993:16
       |
160993 |         return (!mask);
       |                ^     ^
       |
help: remove these parentheses
       |
160993 -         return (!mask);
160993 +         return !mask;
       |

warning: unnecessary parentheses around `return` value
      --> src/tsl_zen4.rs:161019:16
       |
161019 |         return (!mask);
       |                ^     ^
       |
help: remove these parentheses
       |
161019 -         return (!mask);
161019 +         return !mask;
       |

warning: unnecessary parentheses around `return` value
      --> src/tsl_zen4.rs:161103:16
       |
161103 |         return (!mask);
       |                ^     ^
       |
help: remove these parentheses
       |
161103 -         return (!mask);
161103 +         return !mask;
       |

warning: unnecessary parentheses around `return` value
      --> src/tsl_zen4.rs:161129:16
       |
161129 |         return (!mask);
       |                ^     ^
       |
help: remove these parentheses
       |
161129 -         return (!mask);
161129 +         return !mask;
       |

warning: unnecessary parentheses around `return` value
      --> src/tsl_zen4.rs:161155:16
       |
161155 |         return (!mask);
       |                ^     ^
       |
help: remove these parentheses
       |
161155 -         return (!mask);
161155 +         return !mask;
       |

warning: unnecessary parentheses around `return` value
      --> src/tsl_zen4.rs:161239:16
       |
161239 |         return (!mask);
       |                ^     ^
       |
help: remove these parentheses
       |
161239 -         return (!mask);
161239 +         return !mask;
       |

warning: `tsl_generated` (lib test) generated 30 warnings (run `cargo fix --lib -p tsl_generated --tests` to apply 30 suggestions)
warning: `tsl_generated` (lib) generated 30 warnings (30 duplicates)
    Finished `test` profile [unoptimized + debuginfo] target(s) in 15.53s
     Running unittests src/lib.rs (rust/target/zen4/debug/deps/tsl_generated-f6c79a4bfa268d95)
     Running tests/smoke.rs (rust/target/zen4/debug/deps/smoke-c13f6c83a05e8b40)
     Running tests/values.rs (rust/target/zen4/debug/deps/values-b377efe961edfc42)
error: test failed, to rerun pass `--test values`

Caused by:
  process didn't exit successfully: `/workspace/tslctmp/ci-generated/rust/target/zen4/debug/deps/values-b377efe961edfc42` (signal: 4, SIGILL: illegal instruction)
[verify] TSL-BUILD-VERIFY-COMMAND-FAILED: rust profile zen5 test command failed with exit code 101: cargo test --manifest-path /workspace/tslctmp/ci-generated/rust/Cargo.toml --no-default-features --features zen5,value_tests --target-dir /workspace/tslctmp/ci-generated/rust/target/zen5: Compiling tsl_generated v0.1.0 (/workspace/tslctmp/ci-generated/rust)
warning: unnecessary parentheses around `return` value
      --> src/tsl_zen5.rs:159905:16
       |
159905 |         return (!mask);
       |                ^     ^
       |
       = note: `#[warn(unused_parens)]` (part of `#[warn(unused)]`) on by default
help: remove these parentheses
       |
159905 -         return (!mask);
159905 +         return !mask;
       |

warning: unnecessary parentheses around `return` value
      --> src/tsl_zen5.rs:159931:16
       |
159931 |         return (!mask);
       |                ^     ^
       |
help: remove these parentheses
       |
159931 -         return (!mask);
159931 +         return !mask;
       |

warning: unnecessary parentheses around `return` value
      --> src/tsl_zen5.rs:160015:16
       |
160015 |         return (!mask);
       |                ^     ^
       |
help: remove these parentheses
       |
160015 -         return (!mask);
160015 +         return !mask;
       |

warning: unnecessary parentheses around `return` value
      --> src/tsl_zen5.rs:160041:16
       |
160041 |         return (!mask);
       |                ^     ^
       |
help: remove these parentheses
       |
160041 -         return (!mask);
160041 +         return !mask;
       |

warning: unnecessary parentheses around `return` value
      --> src/tsl_zen5.rs:160067:16
       |
160067 |         return (!mask);
       |                ^     ^
       |
help: remove these parentheses
       |
160067 -         return (!mask);
160067 +         return !mask;
       |

warning: unnecessary parentheses around `return` value
      --> src/tsl_zen5.rs:160151:16
       |
160151 |         return (!mask);
       |                ^     ^
       |
help: remove these parentheses
       |
160151 -         return (!mask);
160151 +         return !mask;
       |

warning: unnecessary parentheses around `return` value
      --> src/tsl_zen5.rs:160177:16
       |
160177 |         return (!mask);
       |                ^     ^
       |
help: remove these parentheses
       |
160177 -         return (!mask);
160177 +         return !mask;
       |

warning: unnecessary parentheses around `return` value
      --> src/tsl_zen5.rs:160203:16
       |
160203 |         return (!mask);
       |                ^     ^
       |
help: remove these parentheses
       |
160203 -         return (!mask);
160203 +         return !mask;
       |

warning: unnecessary parentheses around `return` value
      --> src/tsl_zen5.rs:160287:16
       |
160287 |         return (!mask);
       |                ^     ^
       |
help: remove these parentheses
       |
160287 -         return (!mask);
160287 +         return !mask;
       |

warning: unnecessary parentheses around `return` value
      --> src/tsl_zen5.rs:160313:16
       |
160313 |         return (!mask);
       |                ^     ^
       |
help: remove these parentheses
       |
160313 -         return (!mask);
160313 +         return !mask;
       |

warning: unnecessary parentheses around `return` value
      --> src/tsl_zen5.rs:160339:16
       |
160339 |         return (!mask);
       |                ^     ^
       |
help: remove these parentheses
       |
160339 -         return (!mask);
160339 +         return !mask;
       |

warning: unnecessary parentheses around `return` value
      --> src/tsl_zen5.rs:160423:16
       |
160423 |         return (!mask);
       |                ^     ^
       |
help: remove these parentheses
       |
160423 -         return (!mask);
160423 +         return !mask;
       |

warning: unnecessary parentheses around `return` value
      --> src/tsl_zen5.rs:160449:16
       |
160449 |         return (!mask);
       |                ^     ^
       |
help: remove these parentheses
       |
160449 -         return (!mask);
160449 +         return !mask;
       |

warning: unnecessary parentheses around `return` value
      --> src/tsl_zen5.rs:160475:16
       |
160475 |         return (!mask);
       |                ^     ^
       |
help: remove these parentheses
       |
160475 -         return (!mask);
160475 +         return !mask;
       |

warning: unnecessary parentheses around `return` value
      --> src/tsl_zen5.rs:160559:16
       |
160559 |         return (!mask);
       |                ^     ^
       |
help: remove these parentheses
       |
160559 -         return (!mask);
160559 +         return !mask;
       |

warning: unnecessary parentheses around `return` value
      --> src/tsl_zen5.rs:160585:16
       |
160585 |         return (!mask);
       |                ^     ^
       |
help: remove these parentheses
       |
160585 -         return (!mask);
160585 +         return !mask;
       |

warning: unnecessary parentheses around `return` value
      --> src/tsl_zen5.rs:160611:16
       |
160611 |         return (!mask);
       |                ^     ^
       |
help: remove these parentheses
       |
160611 -         return (!mask);
160611 +         return !mask;
       |

warning: unnecessary parentheses around `return` value
      --> src/tsl_zen5.rs:160695:16
       |
160695 |         return (!mask);
       |                ^     ^
       |
help: remove these parentheses
       |
160695 -         return (!mask);
160695 +         return !mask;
       |

warning: unnecessary parentheses around `return` value
      --> src/tsl_zen5.rs:160721:16
       |
160721 |         return (!mask);
       |                ^     ^
       |
help: remove these parentheses
       |
160721 -         return (!mask);
160721 +         return !mask;
       |

warning: unnecessary parentheses around `return` value
      --> src/tsl_zen5.rs:160747:16
       |
160747 |         return (!mask);
       |                ^     ^
       |
help: remove these parentheses
       |
160747 -         return (!mask);
160747 +         return !mask;
       |

warning: unnecessary parentheses around `return` value
      --> src/tsl_zen5.rs:160831:16
       |
160831 |         return (!mask);
       |                ^     ^
       |
help: remove these parentheses
       |
160831 -         return (!mask);
160831 +         return !mask;
       |

warning: unnecessary parentheses around `return` value
      --> src/tsl_zen5.rs:160857:16
       |
160857 |         return (!mask);
       |                ^     ^
       |
help: remove these parentheses
       |
160857 -         return (!mask);
160857 +         return !mask;
       |

warning: unnecessary parentheses around `return` value
      --> src/tsl_zen5.rs:160883:16
       |
160883 |         return (!mask);
       |                ^     ^
       |
help: remove these parentheses
       |
160883 -         return (!mask);
160883 +         return !mask;
       |

warning: unnecessary parentheses around `return` value
      --> src/tsl_zen5.rs:160967:16
       |
160967 |         return (!mask);
       |                ^     ^
       |
help: remove these parentheses
       |
160967 -         return (!mask);
160967 +         return !mask;
       |

warning: unnecessary parentheses around `return` value
      --> src/tsl_zen5.rs:160993:16
       |
160993 |         return (!mask);
       |                ^     ^
       |
help: remove these parentheses
       |
160993 -         return (!mask);
160993 +         return !mask;
       |

warning: unnecessary parentheses around `return` value
      --> src/tsl_zen5.rs:161019:16
       |
161019 |         return (!mask);
       |                ^     ^
       |
help: remove these parentheses
       |
161019 -         return (!mask);
161019 +         return !mask;
       |

warning: unnecessary parentheses around `return` value
      --> src/tsl_zen5.rs:161103:16
       |
161103 |         return (!mask);
       |                ^     ^
       |
help: remove these parentheses
       |
161103 -         return (!mask);
161103 +         return !mask;
       |

warning: unnecessary parentheses around `return` value
      --> src/tsl_zen5.rs:161129:16
       |
161129 |         return (!mask);
       |                ^     ^
       |
help: remove these parentheses
       |
161129 -         return (!mask);
161129 +         return !mask;
       |

warning: unnecessary parentheses around `return` value
      --> src/tsl_zen5.rs:161155:16
       |
161155 |         return (!mask);
       |                ^     ^
       |
help: remove these parentheses
       |
161155 -         return (!mask);
161155 +         return !mask;
       |

warning: unnecessary parentheses around `return` value
      --> src/tsl_zen5.rs:161239:16
       |
161239 |         return (!mask);
       |                ^     ^
       |
help: remove these parentheses
       |
161239 -         return (!mask);
161239 +         return !mask;
       |

warning: `tsl_generated` (lib test) generated 30 warnings (run `cargo fix --lib -p tsl_generated --tests` to apply 30 suggestions)
warning: `tsl_generated` (lib) generated 30 warnings (30 duplicates)
    Finished `test` profile [unoptimized + debuginfo] target(s) in 15.43s
     Running unittests src/lib.rs (rust/target/zen5/debug/deps/tsl_generated-44cefe21d47de020)
     Running tests/smoke.rs (rust/target/zen5/debug/deps/smoke-f354cb7101c80654)
     Running tests/values.rs (rust/target/zen5/debug/deps/values-fbb93e9cf46fe253)
error: test failed, to rerun pass `--test values`

Caused by:
  process didn't exit successfully: `/workspace/tslctmp/ci-generated/rust/target/zen5/debug/deps/values-fbb93e9cf46fe253` (signal: 4, SIGILL: illegal instruction)
generated 230554 specializations across 92 artifacts
wrote 92 files under /workspace/tslctmp/ci-generated
formatted cpp:63 files, rust:24 files
building and running generated value tests
[test-output] cpp avx: ctest --test-dir /workspace/tslctmp/ci-generated/cpp/build/avx --output-on-failure
[stdout]
Test project /workspace/tslctmp/ci-generated/cpp/build/avx
    Start 1: values
1/1 Test #1: values ...........................   Passed    0.00 sec

100% tests passed, 0 tests failed out of 1

Total Test time (real) =   0.01 sec
[test-output] cpp avx2: ctest --test-dir /workspace/tslctmp/ci-generated/cpp/build/avx2 --output-on-failure
[stdout]
Test project /workspace/tslctmp/ci-generated/cpp/build/avx2
    Start 1: values
1/1 Test #1: values ...........................   Passed    0.00 sec

100% tests passed, 0 tests failed out of 1

Total Test time (real) =   0.00 sec
[test-output] cpp cannonlake: ctest --test-dir /workspace/tslctmp/ci-generated/cpp/build/cannonlake --output-on-failure
[stdout]
Test project /workspace/tslctmp/ci-generated/cpp/build/cannonlake
    Start 1: values
1/1 Test #1: values ...........................***Exception: Illegal  0.09 sec


0% tests passed, 1 tests failed out of 1

Total Test time (real) =   0.10 sec

The following tests FAILED:
	  1 - values (ILLEGAL)
[stderr]
Errors while running CTest
[test-output] cpp cascadelake: ctest --test-dir /workspace/tslctmp/ci-generated/cpp/build/cascadelake --output-on-failure
[stdout]
Test project /workspace/tslctmp/ci-generated/cpp/build/cascadelake
    Start 1: values
1/1 Test #1: values ...........................***Exception: Illegal  0.07 sec


0% tests passed, 1 tests failed out of 1

Total Test time (real) =   0.07 sec

The following tests FAILED:
	  1 - values (ILLEGAL)
[stderr]
Errors while running CTest
[test-output] cpp cooperlake: ctest --test-dir /workspace/tslctmp/ci-generated/cpp/build/cooperlake --output-on-failure
[stdout]
Test project /workspace/tslctmp/ci-generated/cpp/build/cooperlake
    Start 1: values
1/1 Test #1: values ...........................***Exception: Illegal  0.07 sec


0% tests passed, 1 tests failed out of 1

Total Test time (real) =   0.08 sec

The following tests FAILED:
	  1 - values (ILLEGAL)
[stderr]
Errors while running CTest
[test-output] cpp icelake_rockerlake: ctest --test-dir /workspace/tslctmp/ci-generated/cpp/build/icelake_rockerlake --output-on-failure
[stdout]
Test project /workspace/tslctmp/ci-generated/cpp/build/icelake_rockerlake
    Start 1: values
1/1 Test #1: values ...........................***Exception: Illegal  0.07 sec


0% tests passed, 1 tests failed out of 1

Total Test time (real) =   0.07 sec

The following tests FAILED:
	  1 - values (ILLEGAL)
[stderr]
Errors while running CTest
[test-output] cpp kml: ctest --test-dir /workspace/tslctmp/ci-generated/cpp/build/kml --output-on-failure
[stdout]
Test project /workspace/tslctmp/ci-generated/cpp/build/kml
    Start 1: values
1/1 Test #1: values ...........................***Exception: Illegal  0.07 sec


0% tests passed, 1 tests failed out of 1

Total Test time (real) =   0.07 sec

The following tests FAILED:
	  1 - values (ILLEGAL)
[stderr]
Errors while running CTest
[test-output] cpp knl: ctest --test-dir /workspace/tslctmp/ci-generated/cpp/build/knl --output-on-failure
[stdout]
Test project /workspace/tslctmp/ci-generated/cpp/build/knl
    Start 1: values
1/1 Test #1: values ...........................***Exception: Illegal  0.07 sec


0% tests passed, 1 tests failed out of 1

Total Test time (real) =   0.07 sec

The following tests FAILED:
	  1 - values (ILLEGAL)
[stderr]
Errors while running CTest
[test-output] cpp neon: ctest --test-dir /workspace/tslctmp/ci-generated/cpp/build/neon --output-on-failure
[stdout]
Test project /workspace/tslctmp/ci-generated/cpp/build/neon
    Start 1: values
1/1 Test #1: values ...........................***Failed    0.00 sec
/workspace/tslctmp/ci-generated/cpp/build/neon/tsl_values: 1: ELF�@@�@8: not found
/workspace/tslctmp/ci-generated/cpp/build/neon/tsl_values: 2: @@@@00����
�
��
����8@��
����ppp650: not found
/workspace/tslctmp/ci-generated/cpp/build/neon/tsl_values: 2: 
: not found
/workspace/tslctmp/ci-generated/cpp/build/neon/tsl_values: 2: 
: not found
/workspace/tslctmp/ci-generated/cpp/build/neon/tsl_values: 2: 
: not found
/workspace/tslctmp/ci-generated/cpp/build/neon/tsl_values: 3: �%: not found
/workspace/tslctmp/ci-generated/cpp/build/neon/tsl_values: 4: �%: not found
/workspace/tslctmp/ci-generated/cpp/build/neon/tsl_values: 5: Syntax error: word unexpected (expecting ")")


0% tests passed, 1 tests failed out of 1

Total Test time (real) =   0.00 sec

The following tests FAILED:
	  1 - values (Failed)
[stderr]
Errors while running CTest
[test-output] cpp sapphirerapids: ctest --test-dir /workspace/tslctmp/ci-generated/cpp/build/sapphirerapids --output-on-failure
[stdout]
Test project /workspace/tslctmp/ci-generated/cpp/build/sapphirerapids
    Start 1: values
1/1 Test #1: values ...........................***Exception: Illegal  0.07 sec


0% tests passed, 1 tests failed out of 1

Total Test time (real) =   0.07 sec

The following tests FAILED:
	  1 - values (ILLEGAL)
[stderr]
Errors while running CTest
[test-output] cpp scalar: ctest --test-dir /workspace/tslctmp/ci-generated/cpp/build/scalar --output-on-failure
[stdout]
Test project /workspace/tslctmp/ci-generated/cpp/build/scalar
    Start 1: values
1/1 Test #1: values ...........................   Passed    0.00 sec

100% tests passed, 0 tests failed out of 1

Total Test time (real) =   0.00 sec
[test-output] cpp skylake: ctest --test-dir /workspace/tslctmp/ci-generated/cpp/build/skylake --output-on-failure
[stdout]
Test project /workspace/tslctmp/ci-generated/cpp/build/skylake
    Start 1: values
1/1 Test #1: values ...........................***Exception: Illegal  0.07 sec


0% tests passed, 1 tests failed out of 1

Total Test time (real) =   0.07 sec

The following tests FAILED:
	  1 - values (ILLEGAL)
[stderr]
Errors while running CTest
[test-output] cpp sse: ctest --test-dir /workspace/tslctmp/ci-generated/cpp/build/sse --output-on-failure
[stdout]
Test project /workspace/tslctmp/ci-generated/cpp/build/sse
    Start 1: values
1/1 Test #1: values ...........................   Passed    0.00 sec

100% tests passed, 0 tests failed out of 1

Total Test time (real) =   0.00 sec
[test-output] cpp sse2: ctest --test-dir /workspace/tslctmp/ci-generated/cpp/build/sse2 --output-on-failure
[stdout]
Test project /workspace/tslctmp/ci-generated/cpp/build/sse2
    Start 1: values
1/1 Test #1: values ...........................   Passed    0.00 sec

100% tests passed, 0 tests failed out of 1

Total Test time (real) =   0.00 sec
[test-output] cpp sse3: ctest --test-dir /workspace/tslctmp/ci-generated/cpp/build/sse3 --output-on-failure
[stdout]
Test project /workspace/tslctmp/ci-generated/cpp/build/sse3
    Start 1: values
1/1 Test #1: values ...........................   Passed    0.00 sec

100% tests passed, 0 tests failed out of 1

Total Test time (real) =   0.00 sec
[test-output] cpp sve: ctest --test-dir /workspace/tslctmp/ci-generated/cpp/build/sve --output-on-failure
[stdout]
Test project /workspace/tslctmp/ci-generated/cpp/build/sve
    Start 1: values
1/1 Test #1: values ...........................***Failed    0.00 sec
/workspace/tslctmp/ci-generated/cpp/build/sve/tsl_values: 1: ELF�@@�!#@8: not found
/workspace/tslctmp/ci-generated/cpp/build/sve/tsl_values: 2: Syntax error: word unexpected (expecting ")")


0% tests passed, 1 tests failed out of 1

Total Test time (real) =   0.00 sec

The following tests FAILED:
	  1 - values (Failed)
[stderr]
Errors while running CTest
[test-output] cpp tigerlake: ctest --test-dir /workspace/tslctmp/ci-generated/cpp/build/tigerlake --output-on-failure
[stdout]
Test project /workspace/tslctmp/ci-generated/cpp/build/tigerlake
    Start 1: values
1/1 Test #1: values ...........................***Exception: Illegal  0.07 sec


0% tests passed, 1 tests failed out of 1

Total Test time (real) =   0.07 sec

The following tests FAILED:
	  1 - values (ILLEGAL)
[stderr]
Errors while running CTest
[test-output] cpp zen4: ctest --test-dir /workspace/tslctmp/ci-generated/cpp/build/zen4 --output-on-failure
[stdout]
Test project /workspace/tslctmp/ci-generated/cpp/build/zen4
    Start 1: values
1/1 Test #1: values ...........................***Exception: Illegal  0.07 sec


0% tests passed, 1 tests failed out of 1

Total Test time (real) =   0.07 sec

The following tests FAILED:
	  1 - values (ILLEGAL)
[stderr]
Errors while running CTest
[test-output] cpp zen5: ctest --test-dir /workspace/tslctmp/ci-generated/cpp/build/zen5 --output-on-failure
[stdout]
Test project /workspace/tslctmp/ci-generated/cpp/build/zen5
    Start 1: values
1/1 Test #1: values ...........................***Exception: Illegal  0.07 sec


0% tests passed, 1 tests failed out of 1

Total Test time (real) =   0.07 sec

The following tests FAILED:
	  1 - values (ILLEGAL)
[stderr]
Errors while running CTest
[test-output] rust avx: cargo test --manifest-path /workspace/tslctmp/ci-generated/rust/Cargo.toml --no-default-features --features avx,value_tests --target-dir /workspace/tslctmp/ci-generated/rust/target/avx
[stdout]
running 0 tests

test result: ok. 0 passed; 0 failed; 0 ignored; 0 measured; 0 filtered out; finished in 0.00s


running 1 test
test smoke ... ok

test result: ok. 1 passed; 0 failed; 0 ignored; 0 measured; 0 filtered out; finished in 0.00s


running 1149 tests
test avx_values::test_add_f32_basic ... ok
test avx_values::test_add_f32_edge ... ok
test avx_values::test_add_f64_basic ... ok
test avx_values::test_add_f64_edge ... ok
test avx_values::test_add_si16_basic ... ok
test avx_values::test_add_si16_edge ... ok
test avx_values::test_add_si32_edge ... ok
test avx_values::test_add_si32_basic ... ok
test avx_values::test_add_si32_mask_all ... ok
test avx_values::test_add_si32_mask_basic ... ok
test avx_values::test_add_si32_mask_zero ... ok
test avx_values::test_add_si32_maskz_all ... ok
test avx_values::test_add_si32_maskz_zero ... ok
test avx_values::test_add_si32_maskz_basic ... ok
test avx_values::test_add_si64_basic ... ok
test avx_values::test_add_si64_edge ... ok
test avx_values::test_add_si8_edge ... ok
test avx_values::test_add_si8_basic ... ok
test avx_values::test_add_ui16_basic ... ok
test avx_values::test_add_ui16_edge ... ok
test avx_values::test_add_ui32_basic ... ok
test avx_values::test_add_ui32_edge ... ok
test avx_values::test_add_ui64_basic ... ok
test avx_values::test_add_ui64_edge ... ok
test avx_values::test_add_ui8_basic ... ok
test avx_values::test_add_ui8_edge ... ok
test avx_values::test_add_ui8_mask_all ... ok
test avx_values::test_add_ui8_mask_basic ... ok
test avx_values::test_add_ui8_mask_zero ... ok
test avx_values::test_add_ui8_maskz_all ... ok
test avx_values::test_add_ui8_maskz_basic ... ok
test avx_values::test_add_ui8_maskz_zero ... ok
test avx_values::test_allocate_aligned_ptr_u8_basic ... ok
test avx_values::test_allocate_aligned_ptr_u8_small ... ok
test avx_values::test_allocate_aligned_ptr_u8_large ... ok
test avx_values::test_allocate_aligned_ptr_u8_stress ... ok
test avx_values::test_allocate_aligned_ptr_u8_value16 ... ok
test avx_values::test_allocate_aligned_ptr_u8_value64 ... ok
test avx_values::test_allocate_aligned_ptr_u8_zero ... ok
test avx_values::test_allocate_ptr_u8_basic ... ok
test avx_values::test_allocate_ptr_u8_large ... ok
test avx_values::test_allocate_ptr_u8_small ... ok
test avx_values::test_allocate_ptr_u8_unaligned_value33 ... ok
test avx_values::test_allocate_ptr_u8_unaligned_value65 ... ok
test avx_values::test_between_exclusive_f32_basic ... ok
test avx_values::test_between_exclusive_f32_mask_basic ... ok
test avx_values::test_between_exclusive_f32_mask_nan_edge ... ok
test avx_values::test_between_exclusive_f32_nan_edge ... ok
test avx_values::test_between_exclusive_si32_mask_mixed ... ok
test avx_values::test_between_exclusive_si32_mixed ... ok
test avx_values::test_between_exclusive_ui32_basic ... ok
test avx_values::test_between_exclusive_ui32_mask_basic ... ok
test avx_values::test_between_inclusive_f32_basic ... ok
test avx_values::test_between_inclusive_f32_between_inclusive_mask_basic ... ok
test avx_values::test_between_inclusive_f32_between_inclusive_mask_nan_edge ... ok
test avx_values::test_between_inclusive_f32_nan_edge ... ok
test avx_values::test_between_inclusive_si32_between_inclusive_mask_mixed ... ok
test avx_values::test_between_inclusive_si32_mixed ... ok
test avx_values::test_between_inclusive_ui32_basic ... ok
test avx_values::test_between_inclusive_ui32_between_inclusive_mask_basic ... ok
test avx_values::test_between_left_inclusive_f32_basic ... ok
test avx_values::test_between_left_inclusive_f32_between_left_inclusive_mask_basic ... ok
test avx_values::test_between_left_inclusive_f32_between_left_inclusive_mask_nan_edge ... ok
test avx_values::test_between_left_inclusive_f32_nan_edge ... ok
test avx_values::test_between_left_inclusive_si32_between_left_inclusive_mask_mixed ... ok
test avx_values::test_between_left_inclusive_si32_mixed ... ok
test avx_values::test_between_left_inclusive_ui32_basic ... ok
test avx_values::test_between_left_inclusive_ui32_between_left_inclusive_mask_basic ... ok
test avx_values::test_between_right_inclusive_f32_basic ... ok
test avx_values::test_between_right_inclusive_f32_between_right_inclusive_mask_nan_edge ... ok
test avx_values::test_between_right_inclusive_f32_between_right_inclusive_mask_basic ... ok
test avx_values::test_between_right_inclusive_f32_nan_edge ... ok
test avx_values::test_between_right_inclusive_si32_between_right_inclusive_mask_mixed ... ok
test avx_values::test_between_right_inclusive_si32_mixed ... ok
test avx_values::test_between_right_inclusive_ui32_basic ... ok
test avx_values::test_between_right_inclusive_ui32_between_right_inclusive_mask_basic ... ok
test avx_values::test_binary_and_f32_basic ... ok
test avx_values::test_binary_and_f32_edge ... ok
test avx_values::test_binary_and_f64_basic ... ok
test avx_values::test_binary_and_f64_edge ... ok
test avx_values::test_binary_and_si16_basic ... ok
test avx_values::test_binary_and_si16_edge ... ok
test avx_values::test_binary_and_si32_basic ... ok
test avx_values::test_binary_and_si32_edge ... ok
test avx_values::test_binary_and_si64_basic ... ok
test avx_values::test_binary_and_si64_edge ... ok
test avx_values::test_binary_and_si8_basic ... ok
test avx_values::test_binary_and_si8_edge ... ok
test avx_values::test_binary_and_ui16_basic ... ok
test avx_values::test_binary_and_ui16_edge ... ok
test avx_values::test_binary_and_ui32_basic ... ok
test avx_values::test_binary_and_ui32_binary_and_maskz_basic ... ok
test avx_values::test_binary_and_ui32_binary_and_mask_basic ... ok
test avx_values::test_binary_and_ui32_edge ... ok
test avx_values::test_binary_and_ui64_basic ... ok
test avx_values::test_binary_and_ui64_edge ... ok
test avx_values::test_binary_and_ui8_basic ... ok
test avx_values::test_binary_and_ui8_edge ... ok
test avx_values::test_binary_andnot_f32_basic ... ok
test avx_values::test_binary_andnot_f64_basic ... ok
test avx_values::test_binary_andnot_si32_basic ... ok
test avx_values::test_binary_andnot_si32_edge ... ok
test avx_values::test_binary_andnot_ui32_basic ... ok
test avx_values::test_binary_andnot_ui32_binary_andnot_mask_basic ... ok
test avx_values::test_binary_andnot_ui32_binary_andnot_maskz_basic ... ok
test avx_values::test_binary_andnot_ui32_edge ... ok
test avx_values::test_binary_or_f32_basic ... ok
test avx_values::test_binary_or_f32_edge ... ok
test avx_values::test_binary_or_f64_edge ... ok
test avx_values::test_binary_or_f64_basic ... ok
test avx_values::test_binary_or_si16_basic ... ok
test avx_values::test_binary_or_si16_edge ... ok
test avx_values::test_binary_or_si32_edge ... ok
test avx_values::test_binary_or_si32_basic ... ok
test avx_values::test_binary_or_si64_basic ... ok
test avx_values::test_binary_or_si64_edge ... ok
test avx_values::test_binary_or_si8_basic ... ok
test avx_values::test_binary_or_ui16_basic ... ok
test avx_values::test_binary_or_si8_edge ... ok
test avx_values::test_binary_or_ui16_edge ... ok
test avx_values::test_binary_or_ui32_basic ... ok
test avx_values::test_binary_or_ui32_binary_or_mask_basic ... ok
test avx_values::test_binary_or_ui32_binary_or_maskz_basic ... ok
test avx_values::test_binary_or_ui32_edge ... ok
test avx_values::test_binary_or_ui64_basic ... ok
test avx_values::test_binary_or_ui64_edge ... ok
test avx_values::test_binary_or_ui8_basic ... ok
test avx_values::test_binary_or_ui8_edge ... ok
test avx_values::test_binary_xor_f32_basic ... ok
test avx_values::test_binary_xor_f32_edge ... ok
test avx_values::test_binary_xor_f64_basic ... ok
test avx_values::test_binary_xor_f64_edge ... ok
test avx_values::test_binary_xor_si16_basic ... ok
test avx_values::test_binary_xor_si32_basic ... ok
test avx_values::test_binary_xor_si16_edge ... ok
test avx_values::test_binary_xor_si32_edge ... ok
test avx_values::test_binary_xor_si64_basic ... ok
test avx_values::test_binary_xor_si64_edge ... ok
test avx_values::test_binary_xor_si8_basic ... ok
test avx_values::test_binary_xor_si8_edge ... ok
test avx_values::test_binary_xor_ui16_basic ... ok
test avx_values::test_binary_xor_ui16_edge ... ok
test avx_values::test_binary_xor_ui32_basic ... ok
test avx_values::test_binary_xor_ui32_binary_xor_mask_basic ... ok
test avx_values::test_binary_xor_ui32_binary_xor_maskz_basic ... ok
test avx_values::test_binary_xor_ui64_basic ... ok
test avx_values::test_binary_xor_ui32_edge ... ok
test avx_values::test_binary_xor_ui64_edge ... ok
test avx_values::test_binary_xor_ui8_basic ... ok
test avx_values::test_binary_xor_ui8_edge ... ok
test avx_values::test_blend_add_si16_blend_add_basic ... ok
test avx_values::test_blend_add_si16_blend_add_edge ... ok
test avx_values::test_blend_add_si32_blend_add_basic ... ok
test avx_values::test_blend_add_si32_blend_add_edge ... ok
test avx_values::test_blend_add_si64_blend_add_basic ... ok
test avx_values::test_blend_add_si64_blend_add_edge ... ok
test avx_values::test_blend_add_si8_blend_add_basic ... ok
test avx_values::test_blend_add_si8_blend_add_edge ... ok
test avx_values::test_blend_add_ui16_blend_add_basic ... ok
test avx_values::test_blend_add_ui16_blend_add_edge ... ok
test avx_values::test_blend_add_ui32_blend_add_basic ... ok
test avx_values::test_blend_add_ui32_blend_add_edge ... ok
test avx_values::test_blend_add_ui64_blend_add_basic ... ok
test avx_values::test_blend_add_ui64_blend_add_edge ... ok
test avx_values::test_blend_add_ui8_blend_add_basic ... ok
test avx_values::test_blend_add_ui8_blend_add_edge ... ok
test avx_values::test_blend_f32_basic ... ok
test avx_values::test_blend_f64_basic ... ok
test avx_values::test_blend_f32_edge ... ok
test avx_values::test_blend_f64_edge ... ok
test avx_values::test_blend_si16_basic ... ok
test avx_values::test_blend_si16_edge ... ok
test avx_values::test_blend_si32_basic ... ok
test avx_values::test_blend_si32_edge ... ok
test avx_values::test_blend_si64_basic ... ok
test avx_values::test_blend_si64_edge ... ok
test avx_values::test_blend_si8_basic ... ok
test avx_values::test_blend_si8_edge ... ok
test avx_values::test_blend_ui16_edge ... ok
test avx_values::test_blend_ui16_basic ... ok
test avx_values::test_blend_ui32_basic ... ok
test avx_values::test_blend_ui32_edge ... ok
test avx_values::test_blend_ui64_basic ... ok
test avx_values::test_blend_ui64_edge ... ok
test avx_values::test_blend_ui8_basic ... ok
test avx_values::test_blend_ui8_edge ... ok
test avx_values::test_cast_f32_to_f32_basic ... ok
test avx_values::test_cast_f32_to_f32_edge ... ok
test avx_values::test_cast_f64_sse_to_si32_basic_bits128 ... ok
test avx_values::test_cast_f64_to_f64_edge ... ok
test avx_values::test_cast_f64_to_f64_basic ... ok
test avx_values::test_cast_si16_to_si16_basic ... ok
test avx_values::test_cast_si16_to_si16_edge ... ok
test avx_values::test_cast_si32_sse_to_f64_basic_bits128 ... ok
test avx_values::test_cast_si32_to_f32_basic ... ok
test avx_values::test_cast_si32_to_f32_edge ... ok
test avx_values::test_cast_si32_to_f32_rounding ... ok
test avx_values::test_cast_si64_to_f64_basic ... ok
test avx_values::test_cast_si8_to_si8_basic ... ok
test avx_values::test_cast_si8_to_si8_edge ... ok
test avx_values::test_cast_ui16_to_ui16_basic ... ok
test avx_values::test_cast_ui16_to_ui16_edge ... ok
test avx_values::test_cast_ui32_to_f32_basic ... ok
test avx_values::test_cast_ui64_to_f64_basic ... ok
test avx_values::test_cast_ui8_to_ui8_basic ... ok
test avx_values::test_cast_ui8_to_ui8_edge ... ok
test avx_values::test_compress_f32_basic ... ok
test avx_values::test_compress_f32_edge ... ok
test avx_values::test_compress_f64_basic ... ok
test avx_values::test_compress_f64_edge ... ok
test avx_values::test_compress_si16_basic ... ok
test avx_values::test_compress_si16_edge ... ok
test avx_values::test_compress_si32_basic ... ok
test avx_values::test_compress_si32_edge ... ok
test avx_values::test_compress_si64_basic ... ok
test avx_values::test_compress_si8_basic ... ok
test avx_values::test_compress_si64_edge ... ok
test avx_values::test_compress_si8_edge ... ok
test avx_values::test_compress_store_f32_store_basic ... ok
test avx_values::test_compress_store_f64_store_basic ... ok
test avx_values::test_compress_store_f32_store_edge ... ok
test avx_values::test_compress_store_f64_store_edge ... ok
test avx_values::test_compress_store_si16_store_basic ... ok
test avx_values::test_compress_store_si32_store_basic ... ok
test avx_values::test_compress_store_si16_store_edge ... ok
test avx_values::test_compress_store_si64_store_basic ... ok
test avx_values::test_compress_store_si32_store_edge ... ok
test avx_values::test_compress_store_si64_store_edge ... ok
test avx_values::test_compress_store_si8_store_basic ... ok
test avx_values::test_compress_store_si8_store_edge ... ok
test avx_values::test_compress_store_ui16_store_basic ... ok
test avx_values::test_compress_store_ui16_store_edge ... ok
test avx_values::test_compress_store_ui32_store_all ... ok
test avx_values::test_compress_store_ui32_store_alternating ... ok
test avx_values::test_compress_store_ui32_store_back_half ... ok
test avx_values::test_compress_store_ui32_store_front_half ... ok
test avx_values::test_compress_store_ui32_store_pairs ... ok
test avx_values::test_compress_store_ui32_store_single_lsb ... ok
test avx_values::test_compress_store_ui32_store_single_msb ... ok
test avx_values::test_compress_store_ui32_store_zero ... ok
test avx_values::test_compress_store_ui64_store_edge ... ok
test avx_values::test_compress_store_ui64_store_basic ... ok
test avx_values::test_compress_store_ui8_store_basic ... ok
test avx_values::test_compress_store_ui8_store_edge ... ok
test avx_values::test_compress_ui16_basic ... ok
test avx_values::test_compress_ui16_edge ... ok
test avx_values::test_compress_ui32_basic ... ok
test avx_values::test_compress_ui32_edge ... ok
test avx_values::test_compress_ui64_basic ... ok
test avx_values::test_compress_ui64_edge ... ok
test avx_values::test_compress_ui8_basic ... ok
test avx_values::test_compress_ui8_edge ... ok
test avx_values::test_conflict_free_si16_basic ... ok
test avx_values::test_conflict_free_si16_edge ... ok
test avx_values::test_conflict_free_si32_basic ... ok
test avx_values::test_conflict_free_si32_edge ... ok
test avx_values::test_conflict_free_si64_basic ... ok
test avx_values::test_conflict_free_si64_edge ... ok
test avx_values::test_conflict_free_si8_basic ... ok
test avx_values::test_conflict_free_ui16_basic ... ok
test avx_values::test_conflict_free_si8_edge ... ok
test avx_values::test_conflict_free_ui16_edge ... ok
test avx_values::test_conflict_free_ui32_basic ... ok
test avx_values::test_conflict_free_ui32_edge ... ok
test avx_values::test_conflict_free_ui64_basic ... ok
test avx_values::test_conflict_free_ui64_edge ... ok
test avx_values::test_conflict_free_ui8_basic ... ok
test avx_values::test_conflict_free_ui8_edge ... ok
test avx_values::test_conflict_si16_basic ... ok
test avx_values::test_conflict_si16_edge ... ok
test avx_values::test_conflict_si32_basic ... ok
test avx_values::test_conflict_si32_edge ... ok
test avx_values::test_conflict_si64_basic ... ok
test avx_values::test_conflict_si64_edge ... ok
test avx_values::test_conflict_si8_basic ... ok
test avx_values::test_conflict_ui16_basic ... ok
test avx_values::test_conflict_ui16_edge ... ok
test avx_values::test_conflict_si8_edge ... ok
test avx_values::test_conflict_ui32_basic ... ok
test avx_values::test_conflict_ui32_edge ... ok
test avx_values::test_conflict_ui64_basic ... ok
test avx_values::test_conflict_ui64_edge ... ok
test avx_values::test_conflict_ui8_basic ... ok
test avx_values::test_conflict_ui8_edge ... ok
test avx_values::test_convert_down_f64_avx2_to_f32_idx1_down ... ok
test avx_values::test_convert_down_si32_to_si16_idx0_down ... ok
test avx_values::test_convert_down_si32_to_si16_idx1_down_edge ... ok
test avx_values::test_convert_down_si64_to_si32_idx0_down ... ok
test avx_values::test_convert_down_si64_to_si32_idx1_down ... ok
test avx_values::test_convert_down_ui64_to_ui32_idx1_down ... ok
test avx_values::test_convert_up_si16_to_si32_idx0_up ... ok
test avx_values::test_convert_up_si16_to_si64_idx3_up ... ok
test avx_values::test_convert_up_si16_to_si32_idx1_up_edge ... ok
test avx_values::test_convert_up_si32_to_si64_idx0_up ... ok
test avx_values::test_convert_up_si32_to_si64_idx1_up ... ok
test avx_values::test_convert_up_si8_to_si16_idx1_up ... ok
test avx_values::test_convert_up_si8_to_si32_idx0_up ... ok
test avx_values::test_convert_up_si8_to_si32_idx3_up ... ok
test avx_values::test_convert_up_ui16_to_ui64_idx2_up ... ok
test avx_values::test_convert_up_ui32_to_ui64_idx1_up ... ok
test avx_values::test_convert_up_ui8_to_ui32_idx2_up_edge ... ok
test avx_values::test_convert_up_ui8_to_ui64_idx7_up ... ok
test avx_values::test_count_matches_f32_basic ... ok
test avx_values::test_count_matches_f32_edge ... ok
test avx_values::test_count_matches_f64_edge ... ok
test avx_values::test_count_matches_f64_basic ... ok
test avx_values::test_count_matches_si16_edge ... ok
test avx_values::test_count_matches_si16_basic ... ok
test avx_values::test_count_matches_si32_basic ... ok
test avx_values::test_count_matches_si32_edge ... ok
test avx_values::test_count_matches_si64_basic ... ok
test avx_values::test_count_matches_si64_edge ... ok
test avx_values::test_count_matches_si8_basic ... ok
test avx_values::test_count_matches_si8_edge ... ok
test avx_values::test_count_matches_ui16_basic ... ok
test avx_values::test_count_matches_ui16_edge ... ok
test avx_values::test_count_matches_ui32_basic ... ok
test avx_values::test_count_matches_ui32_edge ... ok
test avx_values::test_count_matches_ui64_basic ... ok
test avx_values::test_count_matches_ui64_edge ... ok
test avx_values::test_count_matches_ui8_basic ... ok
test avx_values::test_count_matches_ui8_edge ... ok
test avx_values::test_custom_sequence_si16_basic ... ok
test avx_values::test_custom_sequence_si16_edge ... ok
test avx_values::test_custom_sequence_si32_edge ... ok
test avx_values::test_custom_sequence_si64_basic ... ok
test avx_values::test_custom_sequence_si8_basic ... ok
test avx_values::test_custom_sequence_si64_edge ... ok
test avx_values::test_custom_sequence_si8_edge ... ok
test avx_values::test_custom_sequence_ui16_basic ... ok
test avx_values::test_custom_sequence_ui16_edge ... ok
test avx_values::test_custom_sequence_ui32_basic ... ok
test avx_values::test_custom_sequence_ui64_basic ... ok
test avx_values::test_custom_sequence_ui64_edge ... ok
test avx_values::test_custom_sequence_ui8_basic ... ok
test avx_values::test_custom_sequence_ui8_edge ... ok
test avx_values::test_deallocate_ptr_aligned_u8_value64 ... ok
test avx_values::test_deallocate_ptr_aligned_u8_value16 ... ok
test avx_values::test_deallocate_ptr_u8_basic ... ok
test avx_values::test_deallocate_ptr_u8_large ... ok
test avx_values::test_deallocate_ptr_u8_small ... ok
test avx_values::test_deallocate_ptr_u8_unaligned_value33 ... ok
test avx_values::test_deallocate_ptr_u8_unaligned_value65 ... ok
test avx_values::test_div_f32_basic ... ok
test avx_values::test_div_f32_mask_basic ... ok
test avx_values::test_div_f32_maskz_basic ... ok
test avx_values::test_div_f32_mask_zero ... ok
test avx_values::test_div_f32_maskz_zero ... ok
test avx_values::test_div_f32_one ... ok
test avx_values::test_div_si32_generic_basic ... ok
test avx_values::test_div_f64_basic ... ok
test avx_values::test_div_si32_generic_maskz_basic ... ok
test avx_values::test_div_si32_generic_mask_basic ... ok
test avx_values::test_equal_f32_basic ... ok
test avx_values::test_equal_f32_edge ... ok
test avx_values::test_equal_f32_equal_mask_basic ... ok
test avx_values::test_equal_f32_equal_mask_nan_edge ... ok
test avx_values::test_equal_f32_nan_mixed ... ok
test avx_values::test_equal_f64_basic ... ok
test avx_values::test_equal_f64_edge ... ok
test avx_values::test_equal_f64_nan_mixed ... ok
test avx_values::test_equal_si16_basic ... ok
test avx_values::test_equal_si16_edge ... ok
test avx_values::test_equal_si32_basic ... ok
test avx_values::test_equal_si32_edge ... ok
test avx_values::test_equal_si32_equal_mask_mixed ... ok
test avx_values::test_equal_si64_basic ... ok
test avx_values::test_equal_si64_edge ... ok
test avx_values::test_equal_si8_basic ... ok
test avx_values::test_equal_si8_edge ... ok
test avx_values::test_equal_ui16_basic ... ok
test avx_values::test_equal_ui32_basic ... ok
test avx_values::test_equal_ui16_edge ... ok
test avx_values::test_equal_ui32_edge ... ok
test avx_values::test_equal_ui32_equal_mask_basic ... ok
test avx_values::test_equal_ui32_equal_mask_none ... ok
test avx_values::test_equal_ui64_basic ... ok
test avx_values::test_equal_ui64_edge ... ok
test avx_values::test_equal_ui8_basic ... ok
test avx_values::test_equal_ui8_edge ... ok
test avx_values::test_expand_load_f32_load_basic ... ok
test avx_values::test_expand_load_f32_load_edge ... ok
test avx_values::test_expand_load_f64_load_basic ... ok
test avx_values::test_expand_load_f64_load_edge ... ok
test avx_values::test_expand_load_si16_load_basic ... ok
test avx_values::test_expand_load_si16_load_edge ... ok
test avx_values::test_expand_load_si32_load_basic ... ok
test avx_values::test_expand_load_si32_load_edge ... ok
test avx_values::test_expand_load_si64_load_basic ... ok
test avx_values::test_expand_load_si8_load_basic ... ok
test avx_values::test_expand_load_si64_load_edge ... ok
test avx_values::test_expand_load_si8_load_edge ... ok
test avx_values::test_expand_load_ui16_load_basic ... ok
test avx_values::test_expand_load_ui16_load_edge ... ok
test avx_values::test_expand_load_ui32_load_all ... ok
test avx_values::test_expand_load_ui32_load_alternating ... ok
test avx_values::test_expand_load_ui32_load_back_half ... ok
test avx_values::test_expand_load_ui32_load_front_half ... ok
test avx_values::test_expand_load_ui32_load_pairs ... ok
test avx_values::test_expand_load_ui32_load_single_lsb ... ok
test avx_values::test_expand_load_ui32_load_single_msb ... ok
test avx_values::test_expand_load_ui32_load_zero ... ok
test avx_values::test_expand_load_ui64_load_basic ... ok
test avx_values::test_expand_load_ui64_load_edge ... ok
test avx_values::test_expand_load_ui8_load_basic ... ok
test avx_values::test_expand_load_ui8_load_edge ... ok
test avx_values::test_extract_value_f32_idx0_basic ... ok
test avx_values::test_extract_value_f32_idx3_edge ... ok
test avx_values::test_extract_value_f64_idx0_basic ... ok
test avx_values::test_extract_value_f64_idx1_edge ... ok
test avx_values::test_extract_value_si16_idx0_basic ... ok
test avx_values::test_extract_value_si16_idx7_edge ... ok
test avx_values::test_extract_value_si32_idx0_basic ... ok
test avx_values::test_extract_value_si32_idx3_edge ... ok
test avx_values::test_extract_value_si64_idx0_basic ... ok
test avx_values::test_extract_value_si8_idx0_basic ... ok
test avx_values::test_extract_value_si64_idx1_edge ... ok
test avx_values::test_extract_value_si8_idx15_edge ... ok
test avx_values::test_extract_value_ui16_idx0_basic ... ok
test avx_values::test_extract_value_ui16_idx7_edge ... ok
test avx_values::test_extract_value_ui32_idx0_basic ... ok
test avx_values::test_extract_value_ui32_idx7_basic ... ok
test avx_values::test_extract_value_ui64_idx0_basic ... ok
test avx_values::test_extract_value_ui64_idx1_edge ... ok
test avx_values::test_extract_value_ui8_idx0_basic ... ok
test avx_values::test_extract_value_ui8_idx15_edge ... ok
test avx_values::test_from_array_f32_edge ... ok
test avx_values::test_from_array_ui32_basic ... ok
test avx_values::test_gather_si16_basic ... ok
test avx_values::test_gather_si16_edge ... ok
test avx_values::test_gather_si32_basic ... ok
test avx_values::test_gather_si32_edge ... ok
test avx_values::test_gather_si64_basic ... ok
test avx_values::test_gather_si64_edge ... ok
test avx_values::test_gather_si8_basic ... ok
test avx_values::test_gather_si8_edge ... ok
test avx_values::test_gather_ui16_basic ... ok
test avx_values::test_gather_ui16_edge ... ok
test avx_values::test_gather_ui32_basic ... ok
test avx_values::test_gather_ui32_repeat ... ok
test avx_values::test_gather_ui32_reverse ... ok
test avx_values::test_gather_ui32_stride ... ok
test avx_values::test_gather_ui64_basic ... ok
test avx_values::test_gather_ui64_edge ... ok
test avx_values::test_gather_ui8_basic ... ok
test avx_values::test_gather_ui8_edge ... ok
test avx_values::test_greater_than_f32_basic ... ok
test avx_values::test_greater_than_f32_edge ... ok
test avx_values::test_greater_than_f32_greater_than_mask_basic ... ok
test avx_values::test_greater_than_f32_greater_than_mask_nan_edge ... ok
test avx_values::test_greater_than_f64_basic ... ok
test avx_values::test_greater_than_f64_edge ... ok
test avx_values::test_greater_than_or_equal_f32_basic ... ok
test avx_values::test_greater_than_or_equal_f32_edge ... ok
test avx_values::test_greater_than_or_equal_f32_mask_basic ... ok
test avx_values::test_greater_than_or_equal_f32_mask_nan_edge ... ok
test avx_values::test_greater_than_or_equal_f64_basic ... ok
test avx_values::test_greater_than_or_equal_f64_edge ... ok
test avx_values::test_greater_than_or_equal_si16_basic ... ok
test avx_values::test_greater_than_or_equal_si16_edge ... ok
test avx_values::test_greater_than_or_equal_si32_basic ... ok
test avx_values::test_greater_than_or_equal_si32_edge ... ok
test avx_values::test_greater_than_or_equal_si32_mask_mixed ... ok
test avx_values::test_greater_than_or_equal_si64_basic ... ok
test avx_values::test_greater_than_or_equal_si64_edge ... ok
test avx_values::test_greater_than_or_equal_si8_basic ... ok
test avx_values::test_greater_than_or_equal_si8_edge ... ok
test avx_values::test_greater_than_or_equal_ui16_basic ... ok
test avx_values::test_greater_than_or_equal_ui32_basic ... ok
test avx_values::test_greater_than_or_equal_ui16_edge ... ok
test avx_values::test_greater_than_or_equal_ui32_edge ... ok
test avx_values::test_greater_than_or_equal_ui32_mask_basic ... ok
test avx_values::test_greater_than_or_equal_ui32_mask_none ... ok
test avx_values::test_greater_than_or_equal_ui64_basic ... ok
test avx_values::test_greater_than_or_equal_ui64_edge ... ok
test avx_values::test_greater_than_or_equal_ui8_basic ... ok
test avx_values::test_greater_than_or_equal_ui8_edge ... ok
test avx_values::test_greater_than_si16_basic ... ok
test avx_values::test_greater_than_si16_edge ... ok
test avx_values::test_greater_than_si32_basic ... ok
test avx_values::test_greater_than_si32_edge ... ok
test avx_values::test_greater_than_si32_greater_than_mask_mixed ... ok
test avx_values::test_greater_than_si64_basic ... ok
test avx_values::test_greater_than_si64_edge ... ok
test avx_values::test_greater_than_si8_basic ... ok
test avx_values::test_greater_than_si8_edge ... ok
test avx_values::test_greater_than_ui16_basic ... ok
test avx_values::test_greater_than_ui16_edge ... ok
test avx_values::test_greater_than_ui32_basic ... ok
test avx_values::test_greater_than_ui32_edge ... ok
test avx_values::test_greater_than_ui32_greater_than_mask_basic ... ok
test avx_values::test_greater_than_ui32_greater_than_mask_none ... ok
test avx_values::test_greater_than_ui64_basic ... ok
test avx_values::test_greater_than_ui64_edge ... ok
test avx_values::test_greater_than_ui8_edge ... ok
test avx_values::test_greater_than_ui8_basic ... ok
test avx_values::test_hadd_f32_basic ... ok
test avx_values::test_hadd_f64_basic ... ok
test avx_values::test_hadd_si32_basic ... ok
test avx_values::test_hadd_si32_edge ... ok
test avx_values::test_hadd_si64_basic ... ok
test avx_values::test_hadd_ui16_basic ... ok
test avx_values::test_hadd_ui64_basic ... ok
test avx_values::test_hadd_ui8_basic ... ok
test avx_values::test_hand_si32_basic ... ok
test avx_values::test_hand_ui32_basic ... ok
test avx_values::test_hand_ui32_zero ... ok
test avx_values::test_hand_ui64_basic ... ok
test avx_values::test_hand_ui8_basic ... ok
test avx_values::test_hand_ui8_zero ... ok
test avx_values::test_hmax_f32_edge ... ok
test avx_values::test_hmax_f64_basic ... ok
test avx_values::test_hmax_si32_basic ... ok
test avx_values::test_hmax_si32_edge ... ok
test avx_values::test_hmax_ui16_basic ... ok
test avx_values::test_hmax_ui8_edge ... ok
test avx_values::test_hmin_f32_edge ... ok
test avx_values::test_hmin_f64_basic ... ok
test avx_values::test_hmin_si32_edge ... ok
test avx_values::test_hmin_si32_basic ... ok
test avx_values::test_hmin_ui16_basic ... ok
test avx_values::test_hmin_ui8_edge ... ok
test avx_values::test_hor_si16_basic ... ok
test avx_values::test_hor_si16_edge ... ok
test avx_values::test_hor_si32_edge ... ok
test avx_values::test_hor_si32_basic ... ok
test avx_values::test_hor_si64_basic ... ok
test avx_values::test_hor_si64_edge ... ok
test avx_values::test_hor_si8_basic ... ok
test avx_values::test_hor_si8_edge ... ok
test avx_values::test_hor_ui16_basic ... ok
test avx_values::test_hor_ui16_edge ... ok
test avx_values::test_hor_ui32_basic ... ok
test avx_values::test_hor_ui32_zero ... ok
test avx_values::test_hor_ui64_basic ... ok
test avx_values::test_hor_ui64_edge ... ok
test avx_values::test_hor_ui8_basic ... ok
test avx_values::test_hor_ui8_edge ... ok
test avx_values::test_inv_si16_basic ... ok
test avx_values::test_inv_si16_edge ... ok
test avx_values::test_inv_si32_basic ... ok
test avx_values::test_inv_si32_edge ... ok
test avx_values::test_inv_si64_basic ... ok
test avx_values::test_inv_si64_edge ... ok
test avx_values::test_inv_si8_basic ... ok
test avx_values::test_inv_si8_edge ... ok
test avx_values::test_inv_ui16_basic ... ok
test avx_values::test_inv_ui16_edge ... ok
test avx_values::test_inv_ui32_basic ... ok
test avx_values::test_inv_ui32_edge ... ok
test avx_values::test_inv_ui32_mask_basic ... ok
test avx_values::test_inv_ui32_maskz_basic ... ok
test avx_values::test_inv_ui64_basic ... ok
test avx_values::test_inv_ui64_edge ... ok
test avx_values::test_inv_ui8_basic ... ok
test avx_values::test_inv_ui8_edge ... ok
test avx_values::test_less_than_f32_basic ... ok
test avx_values::test_less_than_f32_edge ... ok
test avx_values::test_less_than_f32_less_than_mask_basic ... ok
test avx_values::test_less_than_f32_less_than_mask_nan_edge ... ok
test avx_values::test_less_than_f64_basic ... ok
test avx_values::test_less_than_f64_edge ... ok
test avx_values::test_less_than_or_equal_f32_basic ... ok
test avx_values::test_less_than_or_equal_f32_edge ... ok
test avx_values::test_less_than_or_equal_f32_less_than_or_equal_mask_basic ... ok
test avx_values::test_less_than_or_equal_f32_less_than_or_equal_mask_nan_edge ... ok
test avx_values::test_less_than_or_equal_f64_basic ... ok
test avx_values::test_less_than_or_equal_si16_basic ... ok
test avx_values::test_less_than_or_equal_f64_edge ... ok
test avx_values::test_less_than_or_equal_si16_edge ... ok
test avx_values::test_less_than_or_equal_si32_basic ... ok
test avx_values::test_less_than_or_equal_si32_edge ... ok
test avx_values::test_less_than_or_equal_si32_less_than_or_equal_mask_mixed ... ok
test avx_values::test_less_than_or_equal_si64_basic ... ok
test avx_values::test_less_than_or_equal_si64_edge ... ok
test avx_values::test_less_than_or_equal_si8_basic ... ok
test avx_values::test_less_than_or_equal_si8_edge ... ok
test avx_values::test_less_than_or_equal_ui16_basic ... ok
test avx_values::test_less_than_or_equal_ui16_edge ... ok
test avx_values::test_less_than_or_equal_ui32_basic ... ok
test avx_values::test_less_than_or_equal_ui32_edge ... ok
test avx_values::test_less_than_or_equal_ui32_less_than_or_equal_mask_basic ... ok
test avx_values::test_less_than_or_equal_ui32_less_than_or_equal_mask_none ... ok
test avx_values::test_less_than_or_equal_ui64_basic ... ok
test avx_values::test_less_than_or_equal_ui64_edge ... ok
test avx_values::test_less_than_or_equal_ui8_basic ... ok
test avx_values::test_less_than_or_equal_ui8_edge ... ok
test avx_values::test_less_than_si16_basic ... ok
test avx_values::test_less_than_si16_edge ... ok
test avx_values::test_less_than_si32_basic ... ok
test avx_values::test_less_than_si32_edge ... ok
test avx_values::test_less_than_si32_less_than_mask_mixed ... ok
test avx_values::test_less_than_si64_basic ... ok
test avx_values::test_less_than_si64_edge ... ok
test avx_values::test_less_than_si8_basic ... ok
test avx_values::test_less_than_si8_edge ... ok
test avx_values::test_less_than_ui16_basic ... ok
test avx_values::test_less_than_ui16_edge ... ok
test avx_values::test_less_than_ui32_basic ... ok
test avx_values::test_less_than_ui32_edge ... ok
test avx_values::test_less_than_ui32_less_than_mask_basic ... ok
test avx_values::test_less_than_ui32_less_than_mask_none ... ok
test avx_values::test_less_than_ui64_basic ... ok
test avx_values::test_less_than_ui64_edge ... ok
test avx_values::test_less_than_ui8_basic ... ok
test avx_values::test_less_than_ui8_edge ... ok
test avx_values::test_load_convert_up_f32_avx2_to_f64_basic ... ok
test avx_values::test_load_convert_up_f32_avx2_to_f64_edge ... ok
test avx_values::test_load_f32_basic ... ok
test avx_values::test_load_f32_edge ... ok
test avx_values::test_load_f64_basic ... ok
test avx_values::test_load_f64_edge ... ok
test avx_values::test_load_mask_repr_ui32_aligned_false_packed_false_mask_none ... ok
test avx_values::test_load_mask_repr_ui32_aligned_false_packed_true_mask_none ... ok
test avx_values::test_load_scalar_f32_scalar_basic ... ok
test avx_values::test_load_scalar_f32_scalar_edge ... ok
test avx_values::test_load_scalar_f64_scalar_basic ... ok
test avx_values::test_load_scalar_f64_scalar_edge ... ok
test avx_values::test_load_scalar_si16_scalar_basic ... ok
test avx_values::test_load_scalar_si16_scalar_edge ... ok
test avx_values::test_load_scalar_si32_scalar_basic ... ok
test avx_values::test_load_scalar_si32_scalar_edge ... ok
test avx_values::test_load_scalar_si64_scalar_basic ... ok
test avx_values::test_load_scalar_si64_scalar_edge ... ok
test avx_values::test_load_scalar_si8_scalar_basic ... ok
test avx_values::test_load_scalar_si8_scalar_edge ... ok
test avx_values::test_load_scalar_ui16_scalar_basic ... ok
test avx_values::test_load_scalar_ui16_scalar_edge ... ok
test avx_values::test_load_scalar_ui32_scalar_basic ... ok
test avx_values::test_load_scalar_ui32_scalar_edge ... ok
test avx_values::test_load_scalar_ui64_scalar_basic ... ok
test avx_values::test_load_scalar_ui64_scalar_edge ... ok
test avx_values::test_load_scalar_ui8_scalar_basic ... ok
test avx_values::test_load_scalar_ui8_scalar_edge ... ok
test avx_values::test_load_si16_basic ... ok
test avx_values::test_load_si16_edge ... ok
test avx_values::test_load_si32_basic ... ok
test avx_values::test_load_si32_edge ... ok
test avx_values::test_load_si64_basic ... ok
test avx_values::test_load_si64_edge ... ok
test avx_values::test_load_si8_basic ... ok
test avx_values::test_load_si8_edge ... ok
test avx_values::test_load_ui16_basic ... ok
test avx_values::test_load_ui16_edge ... ok
test avx_values::test_load_ui32_aligned_false_misaligned ... ok
test avx_values::test_load_ui32_basic ... ok
test avx_values::test_load_ui64_basic ... ok
test avx_values::test_load_ui64_edge ... ok
test avx_values::test_load_ui8_basic ... ok
test avx_values::test_load_ui8_edge ... ok
test avx_values::test_lzc_imask_ui32_basic ... ok
test avx_values::test_lzc_imask_ui32_edge ... ok
test avx_values::test_lzc_scalar_ui32_basic ... ok
test avx_values::test_lzc_scalar_ui32_edge ... ok
test avx_values::test_lzc_si16_basic ... ok
test avx_values::test_lzc_si16_edge ... ok
test avx_values::test_lzc_si32_basic ... ok
test avx_values::test_lzc_si32_edge ... ok
test avx_values::test_lzc_si64_basic ... ok
test avx_values::test_lzc_si64_edge ... ok
test avx_values::test_lzc_si8_basic ... ok
test avx_values::test_lzc_si8_edge ... ok
test avx_values::test_lzc_ui16_basic ... ok
test avx_values::test_lzc_ui16_edge ... ok
test avx_values::test_lzc_ui32_basic ... ok
test avx_values::test_lzc_ui32_edge ... ok
test avx_values::test_lzc_ui64_basic ... ok
test avx_values::test_lzc_ui64_edge ... ok
test avx_values::test_lzc_ui8_basic ... ok
test avx_values::test_lzc_ui8_edge ... ok
test avx_values::test_masked_set1_f32_masked_set1_basic ... ok
test avx_values::test_masked_set1_f32_masked_set1_edge ... ok
test avx_values::test_masked_set1_f64_masked_set1_basic ... ok
test avx_values::test_masked_set1_f64_masked_set1_edge ... ok
test avx_values::test_masked_set1_si16_masked_set1_basic ... ok
test avx_values::test_masked_set1_si16_masked_set1_edge ... ok
test avx_values::test_masked_set1_si32_masked_set1_basic ... ok
test avx_values::test_masked_set1_si32_masked_set1_edge ... ok
test avx_values::test_masked_set1_si64_masked_set1_basic ... ok
test avx_values::test_masked_set1_si64_masked_set1_edge ... ok
test avx_values::test_masked_set1_si8_masked_set1_basic ... ok
test avx_values::test_masked_set1_si8_masked_set1_edge ... ok
test avx_values::test_masked_set1_ui16_masked_set1_basic ... ok
test avx_values::test_masked_set1_ui16_masked_set1_edge ... ok
test avx_values::test_masked_set1_ui32_masked_set1_basic ... ok
test avx_values::test_masked_set1_ui32_masked_set1_edge ... ok
test avx_values::test_masked_set1_ui64_masked_set1_basic ... ok
test avx_values::test_masked_set1_ui64_masked_set1_edge ... ok
test avx_values::test_masked_set1_ui8_masked_set1_basic ... ok
test avx_values::test_masked_set1_ui8_masked_set1_edge ... ok
test avx_values::test_max_f32_basic ... ok
test avx_values::test_max_f64_edge ... ok
test avx_values::test_max_si32_basic ... ok
test avx_values::test_max_si32_edge ... ok
test avx_values::test_max_ui8_basic ... ok
test avx_values::test_memory_cp_ui8_basic ... ok
test avx_values::test_memory_cp_ui8_full ... ok
test avx_values::test_memory_cp_ui8_misaligned ... ok
test avx_values::test_memory_cp_ui8_misaligned_full ... ok
test avx_values::test_memory_cp_ui8_one ... ok
test avx_values::test_memory_cp_ui8_zero ... ok
test avx_values::test_min_f32_basic ... ok
test avx_values::test_min_f64_edge ... ok
test avx_values::test_min_si32_basic ... ok
test avx_values::test_min_si32_edge ... ok
test avx_values::test_min_ui8_basic ... ok
test avx_values::test_mod_imm_si32_basic ... ok
test avx_values::test_mod_imm_si32_one ... ok
test avx_values::test_mod_imm_ui16_basic ... ok
test avx_values::test_mod_imm_ui16_one ... ok
test avx_values::test_mod_si16_basic ... ok
test avx_values::test_mod_si32_basic ... ok
test avx_values::test_mod_si32_generic_mask_basic ... ok
test avx_values::test_mod_si32_generic_maskz_basic ... ok
test avx_values::test_mod_si64_basic ... ok
test avx_values::test_mod_si64_edge ... ok
test avx_values::test_mod_si8_basic ... ok
test avx_values::test_mod_si8_edge ... ok
test avx_values::test_mod_ui16_basic ... ok
test avx_values::test_mod_ui32_basic ... ok
test avx_values::test_mod_ui64_basic ... ok
test avx_values::test_mod_ui64_edge ... ok
test avx_values::test_mod_ui8_basic ... ok
test avx_values::test_mod_ui8_edge ... ok
test avx_values::test_mov_f32_mask_basic ... ok
test avx_values::test_mov_f32_mask_edge ... ok
test avx_values::test_mov_f32_maskz_basic ... ok
test avx_values::test_mov_f32_maskz_edge ... ok
test avx_values::test_mov_f64_mask_basic ... ok
test avx_values::test_mov_f64_mask_edge ... ok
test avx_values::test_mov_f64_maskz_basic ... ok
test avx_values::test_mov_f64_maskz_edge ... ok
test avx_values::test_mov_si16_mask_basic ... ok
test avx_values::test_mov_si16_mask_edge ... ok
test avx_values::test_mov_si16_maskz_basic ... ok
test avx_values::test_mov_si16_maskz_edge ... ok
test avx_values::test_mov_si32_mask_basic ... ok
test avx_values::test_mov_si32_mask_edge ... ok
test avx_values::test_mov_si32_maskz_basic ... ok
test avx_values::test_mov_si32_maskz_edge ... ok
test avx_values::test_mov_si64_mask_basic ... ok
test avx_values::test_mov_si64_mask_edge ... ok
test avx_values::test_mov_si64_maskz_basic ... ok
test avx_values::test_mov_si64_maskz_edge ... ok
test avx_values::test_mov_si8_mask_basic ... ok
test avx_values::test_mov_si8_mask_edge ... ok
test avx_values::test_mov_si8_maskz_basic ... ok
test avx_values::test_mov_si8_maskz_edge ... ok
test avx_values::test_mov_ui16_mask_basic ... ok
test avx_values::test_mov_ui16_mask_edge ... ok
test avx_values::test_mov_ui16_maskz_basic ... ok
test avx_values::test_mov_ui16_maskz_edge ... ok
test avx_values::test_mov_ui32_mask_basic ... ok
test avx_values::test_mov_ui32_mask_edge ... ok
test avx_values::test_mov_ui32_maskz_basic ... ok
test avx_values::test_mov_ui32_maskz_edge ... ok
test avx_values::test_mov_ui64_mask_basic ... ok
test avx_values::test_mov_ui64_mask_edge ... ok
test avx_values::test_mov_ui64_maskz_basic ... ok
test avx_values::test_mov_ui64_maskz_edge ... ok
test avx_values::test_mov_ui8_mask_basic ... ok
test avx_values::test_mov_ui8_mask_edge ... ok
test avx_values::test_mov_ui8_maskz_basic ... ok
test avx_values::test_mov_ui8_maskz_edge ... ok
test avx_values::test_mul_f32_basic ... ok
test avx_values::test_mul_f32_edge ... ok
test avx_values::test_mul_f32_mask_basic ... ok
test avx_values::test_mul_f32_maskz_basic ... ok
test avx_values::test_mul_f64_basic ... ok
test avx_values::test_mul_f64_edge ... ok
test avx_values::test_mul_imm_si32_basic ... ok
test avx_values::test_mul_imm_si32_neg ... ok
test avx_values::test_mul_imm_si32_zero ... ok
test avx_values::test_mul_imm_ui16_basic ... ok
test avx_values::test_mul_imm_ui16_zero ... ok
test avx_values::test_mul_si16_basic ... ok
test avx_values::test_mul_si32_basic ... ok
test avx_values::test_mul_si32_generic_mask_basic ... ok
test avx_values::test_mul_si32_generic_maskz_basic ... ok
test avx_values::test_mul_si32_zero ... ok
test avx_values::test_mul_si8_basic ... ok
test avx_values::test_mul_si8_edge ... ok
test avx_values::test_mul_ui16_basic ... ok
test avx_values::test_mul_ui32_basic ... ok
test avx_values::test_mul_ui8_basic ... ok
test avx_values::test_mul_ui8_edge ... ok
test avx_values::test_nequal_f32_basic ... ok
test avx_values::test_nequal_f32_edge ... ok
test avx_values::test_nequal_f32_nan_mixed ... ok
test avx_values::test_nequal_f32_nequal_mask_basic ... ok
test avx_values::test_nequal_f32_nequal_mask_nan_edge ... ok
test avx_values::test_nequal_f64_basic ... ok
test avx_values::test_nequal_f64_edge ... ok
test avx_values::test_nequal_f64_nan_mixed ... ok
test avx_values::test_nequal_si16_basic ... ok
test avx_values::test_nequal_si16_edge ... ok
test avx_values::test_nequal_si32_basic ... ok
test avx_values::test_nequal_si32_edge ... ok
test avx_values::test_nequal_si32_nequal_mask_mixed ... ok
test avx_values::test_nequal_si64_basic ... ok
test avx_values::test_nequal_si64_edge ... ok
test avx_values::test_nequal_si8_basic ... ok
test avx_values::test_nequal_si8_edge ... ok
test avx_values::test_nequal_ui16_basic ... ok
test avx_values::test_nequal_ui16_edge ... ok
test avx_values::test_nequal_ui32_basic ... ok
test avx_values::test_nequal_ui32_edge ... ok
test avx_values::test_nequal_ui32_nequal_mask_basic ... ok
test avx_values::test_nequal_ui32_nequal_mask_none ... ok
test avx_values::test_nequal_ui64_basic ... ok
test avx_values::test_nequal_ui64_edge ... ok
test avx_values::test_nequal_ui8_basic ... ok
test avx_values::test_nequal_ui8_edge ... ok
test avx_values::test_popcnt_si16_basic ... ok
test avx_values::test_popcnt_si16_edge ... ok
test avx_values::test_popcnt_si32_basic ... ok
test avx_values::test_popcnt_si32_edge ... ok
test avx_values::test_popcnt_si64_basic ... ok
test avx_values::test_popcnt_si64_edge ... ok
test avx_values::test_popcnt_si8_basic ... ok
test avx_values::test_popcnt_si8_edge ... ok
test avx_values::test_popcnt_ui16_edge ... ok
test avx_values::test_popcnt_ui16_basic ... ok
test avx_values::test_popcnt_ui32_basic ... ok
test avx_values::test_popcnt_ui32_edge ... ok
test avx_values::test_popcnt_ui64_basic ... ok
test avx_values::test_popcnt_ui64_edge ... ok
test avx_values::test_popcnt_ui8_basic ... ok
test avx_values::test_popcnt_ui8_edge ... ok
test avx_values::test_reinterpret_f32_to_ui32_special ... ok
test avx_values::test_reinterpret_f64_to_f64_basic ... ok
test avx_values::test_reinterpret_f64_to_f64_edge ... ok
test avx_values::test_reinterpret_si16_to_si16_basic ... ok
test avx_values::test_reinterpret_si16_to_si16_edge ... ok
test avx_values::test_reinterpret_si32_to_f32_bits ... ok
test avx_values::test_reinterpret_si32_to_ui32_basic ... ok
test avx_values::test_reinterpret_si8_to_si8_basic ... ok
test avx_values::test_reinterpret_si64_to_f64_bits ... ok
test avx_values::test_reinterpret_ui16_to_ui16_basic ... ok
test avx_values::test_reinterpret_si8_to_si8_edge ... ok
test avx_values::test_reinterpret_ui32_to_f32_bits ... ok
test avx_values::test_reinterpret_ui16_to_ui16_edge ... ok
test avx_values::test_reinterpret_ui64_to_f64_bits ... ok
test avx_values::test_reinterpret_ui8_to_ui8_basic ... ok
test avx_values::test_scatter_si16_basic ... ok
test avx_values::test_reinterpret_ui8_to_ui8_edge ... ok
test avx_values::test_scatter_si16_edge ... ok
test avx_values::test_scatter_si32_basic ... ok
test avx_values::test_scatter_si32_edge ... ok
test avx_values::test_scatter_si64_basic ... ok
test avx_values::test_scatter_si64_edge ... ok
test avx_values::test_scatter_si8_basic ... ok
test avx_values::test_scatter_si8_edge ... ok
test avx_values::test_scatter_ui16_basic ... ok
test avx_values::test_scatter_ui16_edge ... ok
test avx_values::test_scatter_ui32_basic ... ok
test avx_values::test_scatter_ui32_permutation ... ok
test avx_values::test_scatter_ui32_repeat ... ok
test avx_values::test_scatter_ui32_reverse ... ok
test avx_values::test_scatter_ui64_basic ... ok
test avx_values::test_scatter_ui64_edge ... ok
test avx_values::test_scatter_ui8_basic ... ok
test avx_values::test_scatter_ui8_edge ... ok
test avx_values::test_sequence_si16_basic ... ok
test avx_values::test_sequence_si16_edge ... ok
test avx_values::test_sequence_si32_basic ... ok
test avx_values::test_sequence_si64_basic ... ok
test avx_values::test_sequence_si64_edge ... ok
test avx_values::test_sequence_si8_basic ... ok
test avx_values::test_sequence_si8_edge ... ok
test avx_values::test_sequence_ui16_basic ... ok
test avx_values::test_sequence_ui16_edge ... ok
test avx_values::test_sequence_ui32_basic ... ok
test avx_values::test_sequence_ui64_basic ... ok
test avx_values::test_sequence_ui64_edge ... ok
test avx_values::test_sequence_ui8_basic ... ok
test avx_values::test_sequence_ui8_edge ... ok
test avx_values::test_set1_f32_basic ... ok
test avx_values::test_set1_f32_edge ... ok
test avx_values::test_set1_f64_basic ... ok
test avx_values::test_set1_f64_edge ... ok
test avx_values::test_set1_si16_basic ... ok
test avx_values::test_set1_si16_edge ... ok
test avx_values::test_set1_si32_edge ... ok
test avx_values::test_set1_si64_basic ... ok
test avx_values::test_set1_si64_edge ... ok
test avx_values::test_set1_si8_basic ... ok
test avx_values::test_set1_si8_edge ... ok
test avx_values::test_set1_ui16_basic ... ok
test avx_values::test_set1_ui16_edge ... ok
test avx_values::test_set1_ui32_basic ... ok
test avx_values::test_set1_ui64_basic ... ok
test avx_values::test_set1_ui64_edge ... ok
test avx_values::test_set1_ui8_basic ... ok
test avx_values::test_set1_ui8_edge ... ok
test avx_values::test_set_f32_basic ... ok
test avx_values::test_set_f32_edge ... ok
test avx_values::test_set_f64_basic ... ok
test avx_values::test_set_f64_edge ... ok
test avx_values::test_set_si16_basic ... ok
test avx_values::test_set_si16_edge ... ok
test avx_values::test_set_si32_edge ... ok
test avx_values::test_set_si64_basic ... ok
test avx_values::test_set_si64_edge ... ok
test avx_values::test_set_si8_basic ... ok
test avx_values::test_set_si8_edge ... ok
test avx_values::test_set_ui16_basic ... ok
test avx_values::test_set_ui16_edge ... ok
test avx_values::test_set_ui32_basic ... ok
test avx_values::test_set_ui64_basic ... ok
test avx_values::test_set_ui64_edge ... ok
test avx_values::test_set_ui8_basic ... ok
test avx_values::test_set_ui8_edge ... ok
test avx_values::test_set_undef_si32_compile ... ok
test avx_values::test_set_zero_f32_set_zero_basic ... ok
test avx_values::test_set_zero_f32_set_zero_edge ... ok
test avx_values::test_set_zero_f64_set_zero_basic ... ok
test avx_values::test_set_zero_f64_set_zero_edge ... ok
test avx_values::test_set_zero_si16_set_zero_basic ... ok
test avx_values::test_set_zero_si16_set_zero_edge ... ok
test avx_values::test_set_zero_si32_set_zero_basic ... ok
test avx_values::test_set_zero_si64_set_zero_basic ... ok
test avx_values::test_set_zero_si64_set_zero_edge ... ok
test avx_values::test_set_zero_si8_set_zero_basic ... ok
test avx_values::test_set_zero_si8_set_zero_edge ... ok
test avx_values::test_set_zero_ui16_set_zero_basic ... ok
test avx_values::test_set_zero_ui16_set_zero_edge ... ok
test avx_values::test_set_zero_ui32_set_zero_basic ... ok
test avx_values::test_set_zero_ui64_set_zero_basic ... ok
test avx_values::test_set_zero_ui64_set_zero_edge ... ok
test avx_values::test_set_zero_ui8_set_zero_basic ... ok
test avx_values::test_set_zero_ui8_set_zero_edge ... ok
test avx_values::test_shift_left_si16_imm_basic ... ok
test avx_values::test_shift_left_si16_imm_edge ... ok
test avx_values::test_shift_left_si32_imm_basic ... ok
test avx_values::test_shift_left_si32_imm_edge ... ok
test avx_values::test_shift_left_si64_imm_basic ... ok
test avx_values::test_shift_left_si64_imm_edge ... ok
test avx_values::test_shift_left_si8_imm_basic ... ok
test avx_values::test_shift_left_si8_imm_edge ... ok
test avx_values::test_shift_left_ui16_imm_basic ... ok
test avx_values::test_shift_left_ui16_imm_edge ... ok
test avx_values::test_shift_left_ui32_imm_basic ... ok
test avx_values::test_shift_left_ui32_imm_edge ... ok
test avx_values::test_shift_left_ui64_imm_basic ... ok
test avx_values::test_shift_left_ui64_imm_edge ... ok
test avx_values::test_shift_left_ui8_imm_basic ... ok
test avx_values::test_shift_left_ui8_imm_edge ... ok
test avx_values::test_shift_right_imask_ui32_basic ... ok
test avx_values::test_shift_right_si16_imm_basic ... ok
test avx_values::test_shift_right_imask_ui32_zero ... ok
test avx_values::test_shift_right_si16_imm_edge ... ok
test avx_values::test_shift_right_si32_imm_basic ... ok
test avx_values::test_shift_right_si32_imm_edge ... ok
test avx_values::test_shift_right_si64_imm_basic ... ok
test avx_values::test_shift_right_si64_imm_edge ... ok
test avx_values::test_shift_right_si8_imm_basic ... ok
test avx_values::test_shift_right_si8_imm_edge ... ok
test avx_values::test_shift_right_ui16_imm_basic ... ok
test avx_values::test_shift_right_ui16_imm_edge ... ok
test avx_values::test_shift_right_ui32_imm_basic ... ok
test avx_values::test_shift_right_ui32_imm_edge ... ok
test avx_values::test_shift_right_ui64_imm_basic ... ok
test avx_values::test_shift_right_ui64_imm_edge ... ok
test avx_values::test_shift_right_ui8_imm_basic ... ok
test avx_values::test_store_f32_aligned_false_basic ... ok
test avx_values::test_shift_right_ui8_imm_edge ... ok
test avx_values::test_store_f32_aligned_false_edge ... ok
test avx_values::test_store_f64_aligned_false_basic ... ok
test avx_values::test_store_f64_aligned_false_edge ... ok
test avx_values::test_store_mask_repr_f32_aligned_false_packed_true_mask_basic ... ok
test avx_values::test_store_mask_repr_f32_aligned_false_packed_true_mask_edge ... ok
test avx_values::test_store_mask_repr_f32_aligned_true_packed_false_mask_unpacked ... ok
test avx_values::test_store_mask_repr_f32_aligned_true_packed_true_mask_basic ... ok
test avx_values::test_store_mask_repr_f32_aligned_true_packed_true_mask_edge ... ok
test avx_values::test_store_mask_repr_f64_aligned_false_packed_true_mask_basic ... ok
test avx_values::test_store_mask_repr_f64_aligned_false_packed_true_mask_edge ... ok
test avx_values::test_store_mask_repr_f64_aligned_true_packed_true_mask_basic ... ok
test avx_values::test_store_mask_repr_f64_aligned_true_packed_true_mask_edge ... ok
test avx_values::test_store_mask_repr_si16_aligned_false_packed_true_mask_basic ... ok
test avx_values::test_store_mask_repr_si16_aligned_false_packed_true_mask_edge ... ok
test avx_values::test_store_mask_repr_si16_aligned_true_packed_true_mask_basic ... ok
test avx_values::test_store_mask_repr_si16_aligned_true_packed_true_mask_edge ... ok
test avx_values::test_store_mask_repr_si32_aligned_false_packed_true_mask_basic ... ok
test avx_values::test_store_mask_repr_si32_aligned_false_packed_true_mask_edge ... ok
test avx_values::test_store_mask_repr_si32_aligned_true_packed_true_mask_basic ... ok
test avx_values::test_store_mask_repr_si32_aligned_true_packed_true_mask_edge ... ok
test avx_values::test_store_mask_repr_si64_aligned_false_packed_true_mask_basic ... ok
test avx_values::test_store_mask_repr_si64_aligned_false_packed_true_mask_edge ... ok
test avx_values::test_store_mask_repr_si64_aligned_true_packed_true_mask_basic ... ok
test avx_values::test_store_mask_repr_si64_aligned_true_packed_true_mask_edge ... ok
test avx_values::test_store_mask_repr_si8_aligned_false_packed_true_mask_basic ... ok
test avx_values::test_store_mask_repr_si8_aligned_false_packed_true_mask_edge ... ok
test avx_values::test_store_mask_repr_si8_aligned_true_packed_true_mask_basic ... ok
test avx_values::test_store_mask_repr_si8_aligned_true_packed_true_mask_edge ... ok
test avx_values::test_store_mask_repr_ui16_aligned_false_packed_true_mask_basic ... ok
test avx_values::test_store_mask_repr_ui16_aligned_false_packed_true_mask_edge ... ok
test avx_values::test_store_mask_repr_ui16_aligned_true_packed_true_mask_basic ... ok
test avx_values::test_store_mask_repr_ui16_aligned_true_packed_true_mask_edge ... ok
test avx_values::test_store_mask_repr_ui32_aligned_false_packed_false_mask_unpacked ... ok
test avx_values::test_store_mask_repr_ui32_aligned_false_packed_true_mask_basic ... ok
test avx_values::test_store_mask_repr_ui32_aligned_false_packed_true_mask_edge ... ok
test avx_values::test_store_mask_repr_ui32_aligned_true_packed_false_mask_unpacked ... ok
test avx_values::test_store_mask_repr_ui32_aligned_true_packed_true_mask_basic ... ok
test avx_values::test_store_mask_repr_ui32_aligned_true_packed_true_mask_edge ... ok
test avx_values::test_store_mask_repr_ui64_aligned_false_packed_true_mask_basic ... ok
test avx_values::test_store_mask_repr_ui64_aligned_false_packed_true_mask_edge ... ok
test avx_values::test_store_mask_repr_ui64_aligned_true_packed_true_mask_basic ... ok
test avx_values::test_store_mask_repr_ui64_aligned_true_packed_true_mask_edge ... ok
test avx_values::test_store_mask_repr_ui8_aligned_false_packed_true_mask_basic ... ok
test avx_values::test_store_mask_repr_ui8_aligned_false_packed_true_mask_edge ... ok
test avx_values::test_store_mask_repr_ui8_aligned_true_packed_true_mask_basic ... ok
test avx_values::test_store_mask_repr_ui8_aligned_true_packed_true_mask_edge ... ok
test avx_values::test_store_si16_aligned_false_basic ... ok
test avx_values::test_store_si16_aligned_false_edge ... ok
test avx_values::test_store_si32_aligned_false_basic ... ok
test avx_values::test_store_si32_aligned_false_edge ... ok
test avx_values::test_store_si64_aligned_false_basic ... ok
test avx_values::test_store_si64_aligned_false_edge ... ok
test avx_values::test_store_si8_aligned_false_basic ... ok
test avx_values::test_store_si8_aligned_false_edge ... ok
test avx_values::test_store_ui16_aligned_false_basic ... ok
test avx_values::test_store_ui16_aligned_false_edge ... ok
test avx_values::test_store_ui32_aligned_false_basic ... ok
test avx_values::test_store_ui32_aligned_false_misaligned ... ok
test avx_values::test_store_ui64_aligned_false_basic ... ok
test avx_values::test_store_ui8_aligned_false_basic ... ok
test avx_values::test_store_ui64_aligned_false_edge ... ok
test avx_values::test_store_ui8_aligned_false_edge ... ok
test avx_values::test_sub_f32_basic ... ok
test avx_values::test_sub_f32_edge ... ok
test avx_values::test_sub_f64_basic ... ok
test avx_values::test_sub_f64_edge ... ok
test avx_values::test_sub_si16_basic ... ok
test avx_values::test_sub_si16_edge ... ok
test avx_values::test_sub_si32_basic ... ok
test avx_values::test_sub_si32_edge ... ok
test avx_values::test_sub_si32_mask_basic ... ok
test avx_values::test_sub_si32_maskz_all ... ok
test avx_values::test_sub_si32_maskz_basic ... ok
test avx_values::test_sub_si32_maskz_zero ... ok
test avx_values::test_sub_si64_basic ... ok
test avx_values::test_sub_si64_edge ... ok
test avx_values::test_sub_si8_basic ... ok
test avx_values::test_sub_si8_edge ... ok
test avx_values::test_sub_ui16_basic ... ok
test avx_values::test_sub_ui16_edge ... ok
test avx_values::test_sub_ui16_mask_basic ... ok
test avx_values::test_sub_ui16_maskz_all ... ok
test avx_values::test_sub_ui16_maskz_basic ... ok
test avx_values::test_sub_ui16_maskz_zero ... ok
test avx_values::test_sub_ui32_basic ... ok
test avx_values::test_sub_ui32_edge ... ok
test avx_values::test_sub_ui64_basic ... ok
test avx_values::test_sub_ui64_edge ... ok
test avx_values::test_sub_ui8_basic ... ok
test avx_values::test_sub_ui8_edge ... ok
test avx_values::test_to_array_f32_basic ... ok
test avx_values::test_to_array_f32_edge ... ok
test avx_values::test_to_array_f64_basic ... ok
test avx_values::test_to_array_f64_edge ... ok
test avx_values::test_to_array_si16_basic ... ok
test avx_values::test_to_array_si16_edge ... ok
test avx_values::test_to_array_si32_edge ... ok
test avx_values::test_to_array_si64_basic ... ok
test avx_values::test_to_array_si64_edge ... ok
test avx_values::test_to_array_si8_basic ... ok
test avx_values::test_to_array_si8_edge ... ok
test avx_values::test_to_array_ui16_basic ... ok
test avx_values::test_to_array_ui16_edge ... ok
test avx_values::test_to_array_ui32_basic ... ok
test avx_values::test_to_array_ui64_basic ... ok
test avx_values::test_to_array_ui64_edge ... ok
test avx_values::test_to_array_ui8_basic ... ok
test avx_values::test_to_array_ui8_edge ... ok
test avx_values::test_to_integral_f32_basic ... ok
test avx_values::test_to_integral_f64_basic ... ok
test avx_values::test_to_integral_si16_basic ... ok
test avx_values::test_to_integral_si32_basic ... ok
test avx_values::test_to_integral_si64_basic ... ok
test avx_values::test_to_integral_si8_basic ... ok
test avx_values::test_to_integral_ui16_basic ... ok
test avx_values::test_to_integral_ui32_basic ... ok
test avx_values::test_to_integral_ui32_zero ... ok
test avx_values::test_to_integral_ui64_basic ... ok
test avx_values::test_to_integral_ui8_basic ... ok
test avx_values::test_to_ostream_f32_basic ... ok
test avx_values::test_to_ostream_f32_edge ... ok
test avx_values::test_to_ostream_f64_basic ... ok
test avx_values::test_to_ostream_f64_edge ... ok
test avx_values::test_to_ostream_si16_basic ... ok
test avx_values::test_to_ostream_si32_basic ... ok
test avx_values::test_to_ostream_si16_edge ... ok
test avx_values::test_to_ostream_si32_edge ... ok
test avx_values::test_to_ostream_si64_basic ... ok
test avx_values::test_to_ostream_si64_edge ... ok
test avx_values::test_to_ostream_si8_basic ... ok
test avx_values::test_to_ostream_si8_edge ... ok
test avx_values::test_to_ostream_ui16_basic ... ok
test avx_values::test_to_ostream_ui16_edge ... ok
test avx_values::test_to_ostream_ui32_bin_basic ... ok
test avx_values::test_to_ostream_ui64_basic ... ok
test avx_values::test_to_ostream_ui64_edge ... ok
test avx_values::test_to_ostream_ui8_basic ... ok
test avx_values::test_to_ostream_ui8_edge ... ok
test avx_values::test_to_vector_f32_basic ... ok
test avx_values::test_to_vector_f32_edge ... ok
test avx_values::test_to_vector_f64_basic ... ok
test avx_values::test_to_vector_f64_edge ... ok
test avx_values::test_to_vector_si16_basic ... ok
test avx_values::test_to_vector_si16_edge ... ok
test avx_values::test_to_vector_si32_basic ... ok
test avx_values::test_to_vector_si32_edge ... ok
test avx_values::test_to_vector_si64_basic ... ok
test avx_values::test_to_vector_si64_edge ... ok
test avx_values::test_to_vector_si8_basic ... ok
test avx_values::test_to_vector_si8_edge ... ok
test avx_values::test_to_vector_ui16_basic ... ok
test avx_values::test_to_vector_ui16_edge ... ok
test avx_values::test_to_vector_ui32_basic ... ok
test avx_values::test_to_vector_ui32_edge ... ok
test avx_values::test_to_vector_ui64_basic ... ok
test avx_values::test_to_vector_ui64_edge ... ok
test avx_values::test_to_vector_ui8_basic ... ok
test avx_values::test_to_vector_ui8_edge ... ok
test avx_values::test_tzc_ui32_basic ... ok
test avx_values::test_tzc_ui32_edge ... ok
test avx_values::test_unequal_zero_f32_zero_basic ... ok
test avx_values::test_unequal_zero_f32_zero_edge ... ok
test avx_values::test_unequal_zero_f32_zero_nan_only ... ok
test avx_values::test_unequal_zero_f64_zero_basic ... ok
test avx_values::test_unequal_zero_f64_zero_edge ... ok
test avx_values::test_unequal_zero_f64_zero_nan_only ... ok
test avx_values::test_unequal_zero_si16_zero_basic ... ok
test avx_values::test_unequal_zero_si16_zero_edge ... ok
test avx_values::test_unequal_zero_si32_zero_basic ... ok
test avx_values::test_unequal_zero_si32_zero_edge ... ok
test avx_values::test_unequal_zero_si64_zero_basic ... ok
test avx_values::test_unequal_zero_si64_zero_edge ... ok
test avx_values::test_unequal_zero_si8_zero_basic ... ok
test avx_values::test_unequal_zero_si8_zero_edge ... ok
test avx_values::test_unequal_zero_ui16_zero_basic ... ok
test avx_values::test_unequal_zero_ui16_zero_edge ... ok
test avx_values::test_unequal_zero_ui32_zero_basic ... ok
test avx_values::test_unequal_zero_ui32_zero_edge ... ok
test avx_values::test_unequal_zero_ui64_zero_basic ... ok
test avx_values::test_unequal_zero_ui64_zero_edge ... ok
test avx_values::test_unequal_zero_ui8_zero_basic ... ok
test avx_values::test_unequal_zero_ui8_zero_edge ... ok

test result: ok. 1149 passed; 0 failed; 0 ignored; 0 measured; 0 filtered out; finished in 0.07s


running 0 tests

test result: ok. 0 passed; 0 failed; 0 ignored; 0 measured; 0 filtered out; finished in 0.00s
[stderr]
Compiling tsl_generated v0.1.0 (/workspace/tslctmp/ci-generated/rust)
    Finished `test` profile [unoptimized + debuginfo] target(s) in 11.61s
     Running unittests src/lib.rs (rust/target/avx/debug/deps/tsl_generated-6bd2edcac8ba4bd7)
     Running tests/smoke.rs (rust/target/avx/debug/deps/smoke-aca0ec91fec3610e)
     Running tests/values.rs (rust/target/avx/debug/deps/values-de17190de1d608c8)
   Doc-tests tsl_generated
[test-output] rust avx2: cargo test --manifest-path /workspace/tslctmp/ci-generated/rust/Cargo.toml --no-default-features --features avx2,value_tests --target-dir /workspace/tslctmp/ci-generated/rust/target/avx2
[stdout]
running 0 tests

test result: ok. 0 passed; 0 failed; 0 ignored; 0 measured; 0 filtered out; finished in 0.00s


running 1 test
test smoke ... ok

test result: ok. 1 passed; 0 failed; 0 ignored; 0 measured; 0 filtered out; finished in 0.00s


running 1173 tests
test avx2_values::test_add_f32_basic ... ok
test avx2_values::test_add_f32_edge ... ok
test avx2_values::test_add_f64_basic ... ok
test avx2_values::test_add_f64_edge ... ok
test avx2_values::test_add_si16_edge ... ok
test avx2_values::test_add_si16_basic ... ok
test avx2_values::test_add_si32_basic ... ok
test avx2_values::test_add_si32_edge ... ok
test avx2_values::test_add_si32_mask_all ... ok
test avx2_values::test_add_si32_mask_basic ... ok
test avx2_values::test_add_si32_mask_zero ... ok
test avx2_values::test_add_si32_maskz_all ... ok
test avx2_values::test_add_si32_maskz_basic ... ok
test avx2_values::test_add_si32_maskz_zero ... ok
test avx2_values::test_add_si64_basic ... ok
test avx2_values::test_add_si64_edge ... ok
test avx2_values::test_add_si8_basic ... ok
test avx2_values::test_add_si8_edge ... ok
test avx2_values::test_add_ui16_basic ... ok
test avx2_values::test_add_ui16_edge ... ok
test avx2_values::test_add_ui32_basic ... ok
test avx2_values::test_add_ui32_edge ... ok
test avx2_values::test_add_ui64_basic ... ok
test avx2_values::test_add_ui64_edge ... ok
test avx2_values::test_add_ui8_basic ... ok
test avx2_values::test_add_ui8_edge ... ok
test avx2_values::test_add_ui8_mask_all ... ok
test avx2_values::test_add_ui8_mask_basic ... ok
test avx2_values::test_add_ui8_mask_zero ... ok
test avx2_values::test_add_ui8_maskz_all ... ok
test avx2_values::test_add_ui8_maskz_basic ... ok
test avx2_values::test_add_ui8_maskz_zero ... ok
test avx2_values::test_allocate_aligned_ptr_u8_basic ... ok
test avx2_values::test_allocate_aligned_ptr_u8_large ... ok
test avx2_values::test_allocate_aligned_ptr_u8_small ... ok
test avx2_values::test_allocate_aligned_ptr_u8_stress ... ok
test avx2_values::test_allocate_aligned_ptr_u8_value16 ... ok
test avx2_values::test_allocate_aligned_ptr_u8_value64 ... ok
test avx2_values::test_allocate_aligned_ptr_u8_zero ... ok
test avx2_values::test_allocate_ptr_u8_basic ... ok
test avx2_values::test_allocate_ptr_u8_large ... ok
test avx2_values::test_allocate_ptr_u8_small ... ok
test avx2_values::test_allocate_ptr_u8_unaligned_value33 ... ok
test avx2_values::test_allocate_ptr_u8_unaligned_value65 ... ok
test avx2_values::test_between_exclusive_f32_basic ... ok
test avx2_values::test_between_exclusive_f32_mask_basic ... ok
test avx2_values::test_between_exclusive_f32_mask_nan_edge ... ok
test avx2_values::test_between_exclusive_f32_nan_edge ... ok
test avx2_values::test_between_exclusive_si32_mask_mixed ... ok
test avx2_values::test_between_exclusive_si32_mixed ... ok
test avx2_values::test_between_exclusive_ui32_basic ... ok
test avx2_values::test_between_exclusive_ui32_mask_basic ... ok
test avx2_values::test_between_inclusive_f32_basic ... ok
test avx2_values::test_between_inclusive_f32_between_inclusive_mask_basic ... ok
test avx2_values::test_between_inclusive_f32_between_inclusive_mask_nan_edge ... ok
test avx2_values::test_between_inclusive_f32_nan_edge ... ok
test avx2_values::test_between_inclusive_si32_between_inclusive_mask_mixed ... ok
test avx2_values::test_between_inclusive_si32_mixed ... ok
test avx2_values::test_between_inclusive_ui32_basic ... ok
test avx2_values::test_between_inclusive_ui32_between_inclusive_mask_basic ... ok
test avx2_values::test_between_left_inclusive_f32_between_left_inclusive_mask_basic ... ok
test avx2_values::test_between_left_inclusive_f32_basic ... ok
test avx2_values::test_between_left_inclusive_f32_between_left_inclusive_mask_nan_edge ... ok
test avx2_values::test_between_left_inclusive_f32_nan_edge ... ok
test avx2_values::test_between_left_inclusive_si32_mixed ... ok
test avx2_values::test_between_left_inclusive_si32_between_left_inclusive_mask_mixed ... ok
test avx2_values::test_between_left_inclusive_ui32_basic ... ok
test avx2_values::test_between_left_inclusive_ui32_between_left_inclusive_mask_basic ... ok
test avx2_values::test_between_right_inclusive_f32_basic ... ok
test avx2_values::test_between_right_inclusive_f32_between_right_inclusive_mask_basic ... ok
test avx2_values::test_between_right_inclusive_f32_between_right_inclusive_mask_nan_edge ... ok
test avx2_values::test_between_right_inclusive_f32_nan_edge ... ok
test avx2_values::test_between_right_inclusive_si32_between_right_inclusive_mask_mixed ... ok
test avx2_values::test_between_right_inclusive_si32_mixed ... ok
test avx2_values::test_between_right_inclusive_ui32_basic ... ok
test avx2_values::test_between_right_inclusive_ui32_between_right_inclusive_mask_basic ... ok
test avx2_values::test_binary_and_f32_basic ... ok
test avx2_values::test_binary_and_f32_edge ... ok
test avx2_values::test_binary_and_f64_basic ... ok
test avx2_values::test_binary_and_si16_basic ... ok
test avx2_values::test_binary_and_f64_edge ... ok
test avx2_values::test_binary_and_si32_basic ... ok
test avx2_values::test_binary_and_si16_edge ... ok
test avx2_values::test_binary_and_si32_edge ... ok
test avx2_values::test_binary_and_si64_basic ... ok
test avx2_values::test_binary_and_si64_edge ... ok
test avx2_values::test_binary_and_si8_basic ... ok
test avx2_values::test_binary_and_si8_edge ... ok
test avx2_values::test_binary_and_ui16_basic ... ok
test avx2_values::test_binary_and_ui16_edge ... ok
test avx2_values::test_binary_and_ui32_basic ... ok
test avx2_values::test_binary_and_ui32_binary_and_mask_basic ... ok
test avx2_values::test_binary_and_ui32_binary_and_maskz_basic ... ok
test avx2_values::test_binary_and_ui32_edge ... ok
test avx2_values::test_binary_and_ui64_basic ... ok
test avx2_values::test_binary_and_ui64_edge ... ok
test avx2_values::test_binary_and_ui8_basic ... ok
test avx2_values::test_binary_and_ui8_edge ... ok
test avx2_values::test_binary_andnot_f32_basic ... ok
test avx2_values::test_binary_andnot_f64_basic ... ok
test avx2_values::test_binary_andnot_si32_basic ... ok
test avx2_values::test_binary_andnot_si32_edge ... ok
test avx2_values::test_binary_andnot_ui32_basic ... ok
test avx2_values::test_binary_andnot_ui32_binary_andnot_mask_basic ... ok
test avx2_values::test_binary_andnot_ui32_binary_andnot_maskz_basic ... ok
test avx2_values::test_binary_andnot_ui32_edge ... ok
test avx2_values::test_binary_or_f32_basic ... ok
test avx2_values::test_binary_or_f32_edge ... ok
test avx2_values::test_binary_or_f64_basic ... ok
test avx2_values::test_binary_or_f64_edge ... ok
test avx2_values::test_binary_or_si16_edge ... ok
test avx2_values::test_binary_or_si16_basic ... ok
test avx2_values::test_binary_or_si32_basic ... ok
test avx2_values::test_binary_or_si32_edge ... ok
test avx2_values::test_binary_or_si64_basic ... ok
test avx2_values::test_binary_or_si64_edge ... ok
test avx2_values::test_binary_or_si8_basic ... ok
test avx2_values::test_binary_or_si8_edge ... ok
test avx2_values::test_binary_or_ui16_basic ... ok
test avx2_values::test_binary_or_ui16_edge ... ok
test avx2_values::test_binary_or_ui32_binary_or_mask_basic ... ok
test avx2_values::test_binary_or_ui32_basic ... ok
test avx2_values::test_binary_or_ui32_edge ... ok
test avx2_values::test_binary_or_ui32_binary_or_maskz_basic ... ok
test avx2_values::test_binary_or_ui64_basic ... ok
test avx2_values::test_binary_or_ui64_edge ... ok
test avx2_values::test_binary_or_ui8_basic ... ok
test avx2_values::test_binary_or_ui8_edge ... ok
test avx2_values::test_binary_xor_f32_basic ... ok
test avx2_values::test_binary_xor_f32_edge ... ok
test avx2_values::test_binary_xor_f64_basic ... ok
test avx2_values::test_binary_xor_f64_edge ... ok
test avx2_values::test_binary_xor_si16_basic ... ok
test avx2_values::test_binary_xor_si16_edge ... ok
test avx2_values::test_binary_xor_si32_basic ... ok
test avx2_values::test_binary_xor_si32_edge ... ok
test avx2_values::test_binary_xor_si64_basic ... ok
test avx2_values::test_binary_xor_si64_edge ... ok
test avx2_values::test_binary_xor_si8_basic ... ok
test avx2_values::test_binary_xor_si8_edge ... ok
test avx2_values::test_binary_xor_ui16_basic ... ok
test avx2_values::test_binary_xor_ui16_edge ... ok
test avx2_values::test_binary_xor_ui32_basic ... ok
test avx2_values::test_binary_xor_ui32_binary_xor_mask_basic ... ok
test avx2_values::test_binary_xor_ui32_binary_xor_maskz_basic ... ok
test avx2_values::test_binary_xor_ui32_edge ... ok
test avx2_values::test_binary_xor_ui64_basic ... ok
test avx2_values::test_binary_xor_ui64_edge ... ok
test avx2_values::test_binary_xor_ui8_edge ... ok
test avx2_values::test_binary_xor_ui8_basic ... ok
test avx2_values::test_blend_add_si16_blend_add_basic ... ok
test avx2_values::test_blend_add_si16_blend_add_edge ... ok
test avx2_values::test_blend_add_si32_blend_add_basic ... ok
test avx2_values::test_blend_add_si32_blend_add_edge ... ok
test avx2_values::test_blend_add_si64_blend_add_basic ... ok
test avx2_values::test_blend_add_si64_blend_add_edge ... ok
test avx2_values::test_blend_add_si8_blend_add_basic ... ok
test avx2_values::test_blend_add_si8_blend_add_edge ... ok
test avx2_values::test_blend_add_ui16_blend_add_basic ... ok
test avx2_values::test_blend_add_ui16_blend_add_edge ... ok
test avx2_values::test_blend_add_ui32_blend_add_basic ... ok
test avx2_values::test_blend_add_ui32_blend_add_edge ... ok
test avx2_values::test_blend_add_ui64_blend_add_basic ... ok
test avx2_values::test_blend_add_ui64_blend_add_edge ... ok
test avx2_values::test_blend_add_ui8_blend_add_basic ... ok
test avx2_values::test_blend_add_ui8_blend_add_edge ... ok
test avx2_values::test_blend_f32_edge ... ok
test avx2_values::test_blend_f32_basic ... ok
test avx2_values::test_blend_f64_basic ... ok
test avx2_values::test_blend_f64_edge ... ok
test avx2_values::test_blend_si16_basic ... ok
test avx2_values::test_blend_si16_edge ... ok
test avx2_values::test_blend_si32_basic ... ok
test avx2_values::test_blend_si32_edge ... ok
test avx2_values::test_blend_si64_basic ... ok
test avx2_values::test_blend_si64_edge ... ok
test avx2_values::test_blend_si8_basic ... ok
test avx2_values::test_blend_si8_edge ... ok
test avx2_values::test_blend_ui16_basic ... ok
test avx2_values::test_blend_ui16_edge ... ok
test avx2_values::test_blend_ui32_edge ... ok
test avx2_values::test_blend_ui32_basic ... ok
test avx2_values::test_blend_ui64_basic ... ok
test avx2_values::test_blend_ui64_edge ... ok
test avx2_values::test_blend_ui8_basic ... ok
test avx2_values::test_blend_ui8_edge ... ok
test avx2_values::test_cast_f32_to_f32_basic ... ok
test avx2_values::test_cast_f64_avx2_to_si32_basic_bits256 ... ok
test avx2_values::test_cast_f32_to_f32_edge ... ok
test avx2_values::test_cast_f64_to_f64_basic ... ok
test avx2_values::test_cast_f64_sse_to_si32_basic_bits128 ... ok
test avx2_values::test_cast_f64_to_f64_edge ... ok
test avx2_values::test_cast_si16_avx2_to_si32_basic_bits256 ... ok
test avx2_values::test_cast_si16_to_si16_edge ... ok
test avx2_values::test_cast_si16_to_si16_basic ... ok
test avx2_values::test_cast_si32_sse_to_f64_basic_bits128 ... ok
test avx2_values::test_cast_si32_avx2_to_f64_basic_bits256 ... ok
test avx2_values::test_cast_si32_to_f32_basic ... ok
test avx2_values::test_cast_si32_to_f32_edge ... ok
test avx2_values::test_cast_si32_to_f32_rounding ... ok
test avx2_values::test_cast_si64_to_f64_basic ... ok
test avx2_values::test_cast_si8_avx2_to_si16_basic_bits256 ... ok
test avx2_values::test_cast_si8_to_si8_basic ... ok
test avx2_values::test_cast_si8_to_si8_edge ... ok
test avx2_values::test_cast_ui16_avx2_to_ui64_basic_bits256 ... ok
test avx2_values::test_cast_ui16_to_ui16_basic ... ok
test avx2_values::test_cast_ui16_to_ui16_edge ... ok
test avx2_values::test_cast_ui32_avx2_to_ui64_basic_bits256 ... ok
test avx2_values::test_cast_ui32_to_f32_basic ... ok
test avx2_values::test_cast_ui64_to_f64_basic ... ok
test avx2_values::test_cast_ui8_avx2_to_ui32_basic_bits256 ... ok
test avx2_values::test_cast_ui8_avx2_to_ui64_basic_bits256 ... ok
test avx2_values::test_cast_ui8_to_ui8_basic ... ok
test avx2_values::test_cast_ui8_to_ui8_edge ... ok
test avx2_values::test_compress_f32_basic ... ok
test avx2_values::test_compress_f32_edge ... ok
test avx2_values::test_compress_f64_edge ... ok
test avx2_values::test_compress_f64_basic ... ok
test avx2_values::test_compress_si16_basic ... ok
test avx2_values::test_compress_si16_edge ... ok
test avx2_values::test_compress_si32_basic ... ok
test avx2_values::test_compress_si32_edge ... ok
test avx2_values::test_compress_si64_edge ... ok
test avx2_values::test_compress_si64_basic ... ok
test avx2_values::test_compress_si8_basic ... ok
test avx2_values::test_compress_si8_edge ... ok
test avx2_values::test_compress_store_f32_store_basic ... ok
test avx2_values::test_compress_store_f32_store_edge ... ok
test avx2_values::test_compress_store_f64_store_basic ... ok
test avx2_values::test_compress_store_f64_store_edge ... ok
test avx2_values::test_compress_store_si16_store_basic ... ok
test avx2_values::test_compress_store_si32_store_basic ... ok
test avx2_values::test_compress_store_si16_store_edge ... ok
test avx2_values::test_compress_store_si32_store_edge ... ok
test avx2_values::test_compress_store_si64_store_basic ... ok
test avx2_values::test_compress_store_si8_store_basic ... ok
test avx2_values::test_compress_store_si64_store_edge ... ok
test avx2_values::test_compress_store_si8_store_edge ... ok
test avx2_values::test_compress_store_ui16_store_basic ... ok
test avx2_values::test_compress_store_ui16_store_edge ... ok
test avx2_values::test_compress_store_ui32_store_all ... ok
test avx2_values::test_compress_store_ui32_store_alternating ... ok
test avx2_values::test_compress_store_ui32_store_back_half ... ok
test avx2_values::test_compress_store_ui32_store_front_half ... ok
test avx2_values::test_compress_store_ui32_store_pairs ... ok
test avx2_values::test_compress_store_ui32_store_single_lsb ... ok
test avx2_values::test_compress_store_ui32_store_single_msb ... ok
test avx2_values::test_compress_store_ui32_store_zero ... ok
test avx2_values::test_compress_store_ui64_store_basic ... ok
test avx2_values::test_compress_store_ui64_store_edge ... ok
test avx2_values::test_compress_store_ui8_store_basic ... ok
test avx2_values::test_compress_store_ui8_store_edge ... ok
test avx2_values::test_compress_ui16_edge ... ok
test avx2_values::test_compress_ui16_basic ... ok
test avx2_values::test_compress_ui32_basic ... ok
test avx2_values::test_compress_ui32_edge ... ok
test avx2_values::test_compress_ui64_basic ... ok
test avx2_values::test_compress_ui8_basic ... ok
test avx2_values::test_compress_ui64_edge ... ok
test avx2_values::test_compress_ui8_edge ... ok
test avx2_values::test_conflict_free_si16_basic ... ok
test avx2_values::test_conflict_free_si16_edge ... ok
test avx2_values::test_conflict_free_si32_basic ... ok
test avx2_values::test_conflict_free_si32_edge ... ok
test avx2_values::test_conflict_free_si64_edge ... ok
test avx2_values::test_conflict_free_si64_basic ... ok
test avx2_values::test_conflict_free_si8_basic ... ok
test avx2_values::test_conflict_free_si8_edge ... ok
test avx2_values::test_conflict_free_ui16_basic ... ok
test avx2_values::test_conflict_free_ui16_edge ... ok
test avx2_values::test_conflict_free_ui32_edge ... ok
test avx2_values::test_conflict_free_ui32_basic ... ok
test avx2_values::test_conflict_free_ui64_basic ... ok
test avx2_values::test_conflict_free_ui64_edge ... ok
test avx2_values::test_conflict_free_ui8_basic ... ok
test avx2_values::test_conflict_free_ui8_edge ... ok
test avx2_values::test_conflict_si16_basic ... ok
test avx2_values::test_conflict_si16_edge ... ok
test avx2_values::test_conflict_si32_basic ... ok
test avx2_values::test_conflict_si32_edge ... ok
test avx2_values::test_conflict_si64_basic ... ok
test avx2_values::test_conflict_si64_edge ... ok
test avx2_values::test_conflict_si8_edge ... ok
test avx2_values::test_conflict_si8_basic ... ok
test avx2_values::test_conflict_ui16_basic ... ok
test avx2_values::test_conflict_ui16_edge ... ok
test avx2_values::test_conflict_ui32_basic ... ok
test avx2_values::test_conflict_ui32_edge ... ok
test avx2_values::test_conflict_ui64_edge ... ok
test avx2_values::test_conflict_ui64_basic ... ok
test avx2_values::test_conflict_ui8_basic ... ok
test avx2_values::test_conflict_ui8_edge ... ok
test avx2_values::test_convert_down_f64_avx2_to_f32_idx1_down ... ok
test avx2_values::test_convert_down_si32_to_si16_idx0_down ... ok
test avx2_values::test_convert_down_si32_to_si16_idx1_down_edge ... ok
test avx2_values::test_convert_down_si64_to_si32_idx0_down ... ok
test avx2_values::test_convert_down_si64_to_si32_idx1_down ... ok
test avx2_values::test_convert_down_ui64_to_ui32_idx1_down ... ok
test avx2_values::test_convert_up_si16_to_si32_idx0_up ... ok
test avx2_values::test_convert_up_si16_to_si32_idx1_up_edge ... ok
test avx2_values::test_convert_up_si16_to_si64_idx3_up ... ok
test avx2_values::test_convert_up_si32_to_si64_idx0_up ... ok
test avx2_values::test_convert_up_si32_to_si64_idx1_up ... ok
test avx2_values::test_convert_up_si8_to_si16_idx1_up ... ok
test avx2_values::test_convert_up_si8_to_si32_idx0_up ... ok
test avx2_values::test_convert_up_si8_to_si32_idx3_up ... ok
test avx2_values::test_convert_up_ui16_to_ui64_idx2_up ... ok
test avx2_values::test_convert_up_ui32_to_ui64_idx1_up ... ok
test avx2_values::test_convert_up_ui8_to_ui32_idx2_up_edge ... ok
test avx2_values::test_convert_up_ui8_to_ui64_idx7_up ... ok
test avx2_values::test_count_matches_f32_basic ... ok
test avx2_values::test_count_matches_f32_edge ... ok
test avx2_values::test_count_matches_f64_basic ... ok
test avx2_values::test_count_matches_f64_edge ... ok
test avx2_values::test_count_matches_si16_edge ... ok
test avx2_values::test_count_matches_si16_basic ... ok
test avx2_values::test_count_matches_si32_basic ... ok
test avx2_values::test_count_matches_si32_edge ... ok
test avx2_values::test_count_matches_si64_basic ... ok
test avx2_values::test_count_matches_si64_edge ... ok
test avx2_values::test_count_matches_si8_basic ... ok
test avx2_values::test_count_matches_si8_edge ... ok
test avx2_values::test_count_matches_ui16_basic ... ok
test avx2_values::test_count_matches_ui16_edge ... ok
test avx2_values::test_count_matches_ui32_basic ... ok
test avx2_values::test_count_matches_ui32_edge ... ok
test avx2_values::test_count_matches_ui64_basic ... ok
test avx2_values::test_count_matches_ui8_basic ... ok
test avx2_values::test_count_matches_ui64_edge ... ok
test avx2_values::test_count_matches_ui8_edge ... ok
test avx2_values::test_custom_sequence_si16_basic ... ok
test avx2_values::test_custom_sequence_si16_edge ... ok
test avx2_values::test_custom_sequence_si32_edge ... ok
test avx2_values::test_custom_sequence_si64_basic ... ok
test avx2_values::test_custom_sequence_si64_edge ... ok
test avx2_values::test_custom_sequence_si8_basic ... ok
test avx2_values::test_custom_sequence_si8_edge ... ok
test avx2_values::test_custom_sequence_ui16_basic ... ok
test avx2_values::test_custom_sequence_ui16_edge ... ok
test avx2_values::test_custom_sequence_ui32_basic ... ok
test avx2_values::test_custom_sequence_ui64_basic ... ok
test avx2_values::test_custom_sequence_ui64_edge ... ok
test avx2_values::test_custom_sequence_ui8_basic ... ok
test avx2_values::test_custom_sequence_ui8_edge ... ok
test avx2_values::test_deallocate_ptr_aligned_u8_value16 ... ok
test avx2_values::test_deallocate_ptr_aligned_u8_value64 ... ok
test avx2_values::test_deallocate_ptr_u8_basic ... ok
test avx2_values::test_deallocate_ptr_u8_large ... ok
test avx2_values::test_deallocate_ptr_u8_small ... ok
test avx2_values::test_deallocate_ptr_u8_unaligned_value33 ... ok
test avx2_values::test_deallocate_ptr_u8_unaligned_value65 ... ok
test avx2_values::test_div_f32_basic ... ok
test avx2_values::test_div_f32_mask_basic ... ok
test avx2_values::test_div_f32_mask_zero ... ok
test avx2_values::test_div_f32_maskz_basic ... ok
test avx2_values::test_div_f32_maskz_zero ... ok
test avx2_values::test_div_f32_one ... ok
test avx2_values::test_div_f64_basic ... ok
test avx2_values::test_div_si32_generic_basic ... ok
test avx2_values::test_div_si32_generic_maskz_basic ... ok
test avx2_values::test_div_si32_generic_mask_basic ... ok
test avx2_values::test_equal_f32_basic ... ok
test avx2_values::test_equal_f32_edge ... ok
test avx2_values::test_equal_f32_equal_mask_basic ... ok
test avx2_values::test_equal_f32_equal_mask_nan_edge ... ok
test avx2_values::test_equal_f32_nan_mixed ... ok
test avx2_values::test_equal_f64_basic ... ok
test avx2_values::test_equal_f64_edge ... ok
test avx2_values::test_equal_f64_nan_mixed ... ok
test avx2_values::test_equal_si16_basic ... ok
test avx2_values::test_equal_si16_edge ... ok
test avx2_values::test_equal_si32_basic ... ok
test avx2_values::test_equal_si32_edge ... ok
test avx2_values::test_equal_si32_equal_mask_mixed ... ok
test avx2_values::test_equal_si64_basic ... ok
test avx2_values::test_equal_si64_edge ... ok
test avx2_values::test_equal_si8_basic ... ok
test avx2_values::test_equal_si8_edge ... ok
test avx2_values::test_equal_ui16_basic ... ok
test avx2_values::test_equal_ui16_edge ... ok
test avx2_values::test_equal_ui32_edge ... ok
test avx2_values::test_equal_ui32_basic ... ok
test avx2_values::test_equal_ui32_equal_mask_basic ... ok
test avx2_values::test_equal_ui32_equal_mask_none ... ok
test avx2_values::test_equal_ui64_basic ... ok
test avx2_values::test_equal_ui64_edge ... ok
test avx2_values::test_equal_ui8_edge ... ok
test avx2_values::test_equal_ui8_basic ... ok
test avx2_values::test_expand_load_f32_load_basic ... ok
test avx2_values::test_expand_load_f32_load_edge ... ok
test avx2_values::test_expand_load_f64_load_basic ... ok
test avx2_values::test_expand_load_si16_load_basic ... ok
test avx2_values::test_expand_load_f64_load_edge ... ok
test avx2_values::test_expand_load_si16_load_edge ... ok
test avx2_values::test_expand_load_si32_load_basic ... ok
test avx2_values::test_expand_load_si32_load_edge ... ok
test avx2_values::test_expand_load_si64_load_edge ... ok
test avx2_values::test_expand_load_si64_load_basic ... ok
test avx2_values::test_expand_load_si8_load_basic ... ok
test avx2_values::test_expand_load_si8_load_edge ... ok
test avx2_values::test_expand_load_ui16_load_basic ... ok
test avx2_values::test_expand_load_ui16_load_edge ... ok
test avx2_values::test_expand_load_ui32_load_alternating ... ok
test avx2_values::test_expand_load_ui32_load_all ... ok
test avx2_values::test_expand_load_ui32_load_back_half ... ok
test avx2_values::test_expand_load_ui32_load_front_half ... ok
test avx2_values::test_expand_load_ui32_load_pairs ... ok
test avx2_values::test_expand_load_ui32_load_single_lsb ... ok
test avx2_values::test_expand_load_ui32_load_zero ... ok
test avx2_values::test_expand_load_ui32_load_single_msb ... ok
test avx2_values::test_expand_load_ui64_load_basic ... ok
test avx2_values::test_expand_load_ui64_load_edge ... ok
test avx2_values::test_expand_load_ui8_load_basic ... ok
test avx2_values::test_expand_load_ui8_load_edge ... ok
test avx2_values::test_extract_si32_avx2_to_sse_high ... ok
test avx2_values::test_extract_si32_avx2_to_sse_low ... ok
test avx2_values::test_extract_value_f32_idx0_basic ... ok
test avx2_values::test_extract_value_f32_idx3_edge ... ok
test avx2_values::test_extract_value_f64_idx0_basic ... ok
test avx2_values::test_extract_value_f64_idx1_edge ... ok
test avx2_values::test_extract_value_si16_idx0_basic ... ok
test avx2_values::test_extract_value_si16_idx7_edge ... ok
test avx2_values::test_extract_value_si32_idx0_basic ... ok
test avx2_values::test_extract_value_si32_idx3_edge ... ok
test avx2_values::test_extract_value_si64_idx0_basic ... ok
test avx2_values::test_extract_value_si64_idx1_edge ... ok
test avx2_values::test_extract_value_si8_idx0_basic ... ok
test avx2_values::test_extract_value_si8_idx15_edge ... ok
test avx2_values::test_extract_value_ui16_idx0_basic ... ok
test avx2_values::test_extract_value_ui16_idx7_edge ... ok
test avx2_values::test_extract_value_ui32_idx0_basic ... ok
test avx2_values::test_extract_value_ui32_idx7_basic ... ok
test avx2_values::test_extract_value_ui64_idx0_basic ... ok
test avx2_values::test_extract_value_ui64_idx1_edge ... ok
test avx2_values::test_extract_value_ui8_idx0_basic ... ok
test avx2_values::test_extract_value_ui8_idx15_edge ... ok
test avx2_values::test_from_array_ui32_basic ... ok
test avx2_values::test_from_array_f32_edge ... ok
test avx2_values::test_gather_si16_basic ... ok
test avx2_values::test_gather_si16_edge ... ok
test avx2_values::test_gather_si32_basic ... ok
test avx2_values::test_gather_si32_edge ... ok
test avx2_values::test_gather_si64_basic ... ok
test avx2_values::test_gather_si64_edge ... ok
test avx2_values::test_gather_si8_basic ... ok
test avx2_values::test_gather_si8_edge ... ok
test avx2_values::test_gather_ui16_basic ... ok
test avx2_values::test_gather_ui16_edge ... ok
test avx2_values::test_gather_ui32_repeat ... ok
test avx2_values::test_gather_ui32_basic ... ok
test avx2_values::test_gather_ui32_reverse ... ok
test avx2_values::test_gather_ui32_stride ... ok
test avx2_values::test_gather_ui64_basic ... ok
test avx2_values::test_gather_ui64_edge ... ok
test avx2_values::test_gather_ui8_basic ... ok
test avx2_values::test_gather_ui8_edge ... ok
test avx2_values::test_greater_than_f32_basic ... ok
test avx2_values::test_greater_than_f32_edge ... ok
test avx2_values::test_greater_than_f32_greater_than_mask_nan_edge ... ok
test avx2_values::test_greater_than_f32_greater_than_mask_basic ... ok
test avx2_values::test_greater_than_f64_basic ... ok
test avx2_values::test_greater_than_f64_edge ... ok
test avx2_values::test_greater_than_or_equal_f32_basic ... ok
test avx2_values::test_greater_than_or_equal_f32_mask_basic ... ok
test avx2_values::test_greater_than_or_equal_f32_edge ... ok
test avx2_values::test_greater_than_or_equal_f32_mask_nan_edge ... ok
test avx2_values::test_greater_than_or_equal_f64_basic ... ok
test avx2_values::test_greater_than_or_equal_f64_edge ... ok
test avx2_values::test_greater_than_or_equal_si16_basic ... ok
test avx2_values::test_greater_than_or_equal_si16_edge ... ok
test avx2_values::test_greater_than_or_equal_si32_basic ... ok
test avx2_values::test_greater_than_or_equal_si32_mask_mixed ... ok
test avx2_values::test_greater_than_or_equal_si32_edge ... ok
test avx2_values::test_greater_than_or_equal_si64_edge ... ok
test avx2_values::test_greater_than_or_equal_si64_basic ... ok
test avx2_values::test_greater_than_or_equal_si8_basic ... ok
test avx2_values::test_greater_than_or_equal_si8_edge ... ok
test avx2_values::test_greater_than_or_equal_ui16_basic ... ok
test avx2_values::test_greater_than_or_equal_ui16_edge ... ok
test avx2_values::test_greater_than_or_equal_ui32_basic ... ok
test avx2_values::test_greater_than_or_equal_ui32_edge ... ok
test avx2_values::test_greater_than_or_equal_ui32_mask_basic ... ok
test avx2_values::test_greater_than_or_equal_ui32_mask_none ... ok
test avx2_values::test_greater_than_or_equal_ui64_basic ... ok
test avx2_values::test_greater_than_or_equal_ui64_edge ... ok
test avx2_values::test_greater_than_or_equal_ui8_basic ... ok
test avx2_values::test_greater_than_or_equal_ui8_edge ... ok
test avx2_values::test_greater_than_si16_basic ... ok
test avx2_values::test_greater_than_si16_edge ... ok
test avx2_values::test_greater_than_si32_basic ... ok
test avx2_values::test_greater_than_si32_edge ... ok
test avx2_values::test_greater_than_si32_greater_than_mask_mixed ... ok
test avx2_values::test_greater_than_si64_basic ... ok
test avx2_values::test_greater_than_si64_edge ... ok
test avx2_values::test_greater_than_si8_basic ... ok
test avx2_values::test_greater_than_si8_edge ... ok
test avx2_values::test_greater_than_ui16_basic ... ok
test avx2_values::test_greater_than_ui16_edge ... ok
test avx2_values::test_greater_than_ui32_basic ... ok
test avx2_values::test_greater_than_ui32_edge ... ok
test avx2_values::test_greater_than_ui32_greater_than_mask_basic ... ok
test avx2_values::test_greater_than_ui32_greater_than_mask_none ... ok
test avx2_values::test_greater_than_ui64_basic ... ok
test avx2_values::test_greater_than_ui64_edge ... ok
test avx2_values::test_greater_than_ui8_basic ... ok
test avx2_values::test_greater_than_ui8_edge ... ok
test avx2_values::test_hadd_f32_basic ... ok
test avx2_values::test_hadd_si32_basic ... ok
test avx2_values::test_hadd_f64_basic ... ok
test avx2_values::test_hadd_si32_edge ... ok
test avx2_values::test_hadd_si64_basic ... ok
test avx2_values::test_hadd_ui16_basic ... ok
test avx2_values::test_hadd_ui64_basic ... ok
test avx2_values::test_hand_si32_basic ... ok
test avx2_values::test_hadd_ui8_basic ... ok
test avx2_values::test_hand_ui32_zero ... ok
test avx2_values::test_hand_ui32_basic ... ok
test avx2_values::test_hand_ui8_basic ... ok
test avx2_values::test_hand_ui64_basic ... ok
test avx2_values::test_hand_ui8_zero ... ok
test avx2_values::test_hmax_f32_edge ... ok
test avx2_values::test_hmax_f64_basic ... ok
test avx2_values::test_hmax_si32_basic ... ok
test avx2_values::test_hmax_si32_edge ... ok
test avx2_values::test_hmax_ui16_basic ... ok
test avx2_values::test_hmax_ui8_edge ... ok
test avx2_values::test_hmin_f64_basic ... ok
test avx2_values::test_hmin_f32_edge ... ok
test avx2_values::test_hmin_si32_edge ... ok
test avx2_values::test_hmin_si32_basic ... ok
test avx2_values::test_hmin_ui16_basic ... ok
test avx2_values::test_hmin_ui8_edge ... ok
test avx2_values::test_hor_si16_edge ... ok
test avx2_values::test_hor_si16_basic ... ok
test avx2_values::test_hor_si32_basic ... ok
test avx2_values::test_hor_si32_edge ... ok
test avx2_values::test_hor_si64_basic ... ok
test avx2_values::test_hor_si64_edge ... ok
test avx2_values::test_hor_si8_basic ... ok
test avx2_values::test_hor_si8_edge ... ok
test avx2_values::test_hor_ui16_basic ... ok
test avx2_values::test_hor_ui16_edge ... ok
test avx2_values::test_hor_ui32_basic ... ok
test avx2_values::test_hor_ui32_zero ... ok
test avx2_values::test_hor_ui64_edge ... ok
test avx2_values::test_hor_ui64_basic ... ok
test avx2_values::test_hor_ui8_basic ... ok
test avx2_values::test_hor_ui8_edge ... ok
test avx2_values::test_insert_si32_sse_to_avx2_low ... ok
test avx2_values::test_insert_si32_sse_to_avx2_high ... ok
test avx2_values::test_inv_si16_basic ... ok
test avx2_values::test_inv_si16_edge ... ok
test avx2_values::test_inv_si32_basic ... ok
test avx2_values::test_inv_si32_edge ... ok
test avx2_values::test_inv_si64_basic ... ok
test avx2_values::test_inv_si64_edge ... ok
test avx2_values::test_inv_si8_basic ... ok
test avx2_values::test_inv_si8_edge ... ok
test avx2_values::test_inv_ui16_basic ... ok
test avx2_values::test_inv_ui16_edge ... ok
test avx2_values::test_inv_ui32_basic ... ok
test avx2_values::test_inv_ui32_edge ... ok
test avx2_values::test_inv_ui32_mask_basic ... ok
test avx2_values::test_inv_ui32_maskz_basic ... ok
test avx2_values::test_inv_ui64_basic ... ok
test avx2_values::test_inv_ui64_edge ... ok
test avx2_values::test_inv_ui8_basic ... ok
test avx2_values::test_inv_ui8_edge ... ok
test avx2_values::test_less_than_f32_basic ... ok
test avx2_values::test_less_than_f32_edge ... ok
test avx2_values::test_less_than_f32_less_than_mask_basic ... ok
test avx2_values::test_less_than_f32_less_than_mask_nan_edge ... ok
test avx2_values::test_less_than_f64_basic ... ok
test avx2_values::test_less_than_f64_edge ... ok
test avx2_values::test_less_than_or_equal_f32_basic ... ok
test avx2_values::test_less_than_or_equal_f32_edge ... ok
test avx2_values::test_less_than_or_equal_f32_less_than_or_equal_mask_basic ... ok
test avx2_values::test_less_than_or_equal_f32_less_than_or_equal_mask_nan_edge ... ok
test avx2_values::test_less_than_or_equal_f64_basic ... ok
test avx2_values::test_less_than_or_equal_f64_edge ... ok
test avx2_values::test_less_than_or_equal_si16_basic ... ok
test avx2_values::test_less_than_or_equal_si16_edge ... ok
test avx2_values::test_less_than_or_equal_si32_basic ... ok
test avx2_values::test_less_than_or_equal_si32_edge ... ok
test avx2_values::test_less_than_or_equal_si32_less_than_or_equal_mask_mixed ... ok
test avx2_values::test_less_than_or_equal_si64_basic ... ok
test avx2_values::test_less_than_or_equal_si64_edge ... ok
test avx2_values::test_less_than_or_equal_si8_basic ... ok
test avx2_values::test_less_than_or_equal_si8_edge ... ok
test avx2_values::test_less_than_or_equal_ui16_basic ... ok
test avx2_values::test_less_than_or_equal_ui16_edge ... ok
test avx2_values::test_less_than_or_equal_ui32_basic ... ok
test avx2_values::test_less_than_or_equal_ui32_edge ... ok
test avx2_values::test_less_than_or_equal_ui32_less_than_or_equal_mask_basic ... ok
test avx2_values::test_less_than_or_equal_ui32_less_than_or_equal_mask_none ... ok
test avx2_values::test_less_than_or_equal_ui64_basic ... ok
test avx2_values::test_less_than_or_equal_ui64_edge ... ok
test avx2_values::test_less_than_or_equal_ui8_basic ... ok
test avx2_values::test_less_than_or_equal_ui8_edge ... ok
test avx2_values::test_less_than_si16_basic ... ok
test avx2_values::test_less_than_si16_edge ... ok
test avx2_values::test_less_than_si32_basic ... ok
test avx2_values::test_less_than_si32_edge ... ok
test avx2_values::test_less_than_si32_less_than_mask_mixed ... ok
test avx2_values::test_less_than_si64_basic ... ok
test avx2_values::test_less_than_si64_edge ... ok
test avx2_values::test_less_than_si8_basic ... ok
test avx2_values::test_less_than_si8_edge ... ok
test avx2_values::test_less_than_ui16_basic ... ok
test avx2_values::test_less_than_ui16_edge ... ok
test avx2_values::test_less_than_ui32_basic ... ok
test avx2_values::test_less_than_ui32_edge ... ok
test avx2_values::test_less_than_ui32_less_than_mask_basic ... ok
test avx2_values::test_less_than_ui32_less_than_mask_none ... ok
test avx2_values::test_less_than_ui64_basic ... ok
test avx2_values::test_less_than_ui64_edge ... ok
test avx2_values::test_less_than_ui8_basic ... ok
test avx2_values::test_less_than_ui8_edge ... ok
test avx2_values::test_load_convert_up_f32_avx2_to_f64_basic ... ok
test avx2_values::test_load_convert_up_f32_avx2_to_f64_edge ... ok
test avx2_values::test_load_convert_up_si16_avx2_to_si32_edge ... ok
test avx2_values::test_load_convert_up_si16_avx2_to_si32_basic ... ok
test avx2_values::test_load_convert_up_si32_avx2_to_si64_edge ... ok
test avx2_values::test_load_convert_up_si32_avx2_to_si64_basic ... ok
test avx2_values::test_load_convert_up_si8_avx2_to_si16_basic ... ok
test avx2_values::test_load_convert_up_si8_avx2_to_si16_edge ... ok
test avx2_values::test_load_convert_up_ui16_avx2_to_ui32_basic ... ok
test avx2_values::test_load_convert_up_ui16_avx2_to_ui32_edge ... ok
test avx2_values::test_load_convert_up_ui32_avx2_to_ui64_basic ... ok
test avx2_values::test_load_convert_up_ui32_avx2_to_ui64_edge ... ok
test avx2_values::test_load_convert_up_ui8_avx2_to_ui16_basic ... ok
test avx2_values::test_load_convert_up_ui8_avx2_to_ui16_edge ... ok
test avx2_values::test_load_f32_basic ... ok
test avx2_values::test_load_f32_edge ... ok
test avx2_values::test_load_f64_basic ... ok
test avx2_values::test_load_f64_edge ... ok
test avx2_values::test_load_mask_repr_ui32_aligned_false_packed_false_mask_none ... ok
test avx2_values::test_load_mask_repr_ui32_aligned_false_packed_true_mask_none ... ok
test avx2_values::test_load_scalar_f32_scalar_basic ... ok
test avx2_values::test_load_scalar_f32_scalar_edge ... ok
test avx2_values::test_load_scalar_f64_scalar_basic ... ok
test avx2_values::test_load_scalar_f64_scalar_edge ... ok
test avx2_values::test_load_scalar_si16_scalar_basic ... ok
test avx2_values::test_load_scalar_si16_scalar_edge ... ok
test avx2_values::test_load_scalar_si32_scalar_basic ... ok
test avx2_values::test_load_scalar_si32_scalar_edge ... ok
test avx2_values::test_load_scalar_si64_scalar_basic ... ok
test avx2_values::test_load_scalar_si64_scalar_edge ... ok
test avx2_values::test_load_scalar_si8_scalar_basic ... ok
test avx2_values::test_load_scalar_si8_scalar_edge ... ok
test avx2_values::test_load_scalar_ui16_scalar_basic ... ok
test avx2_values::test_load_scalar_ui16_scalar_edge ... ok
test avx2_values::test_load_scalar_ui32_scalar_basic ... ok
test avx2_values::test_load_scalar_ui32_scalar_edge ... ok
test avx2_values::test_load_scalar_ui64_scalar_basic ... ok
test avx2_values::test_load_scalar_ui64_scalar_edge ... ok
test avx2_values::test_load_scalar_ui8_scalar_basic ... ok
test avx2_values::test_load_scalar_ui8_scalar_edge ... ok
test avx2_values::test_load_si16_basic ... ok
test avx2_values::test_load_si16_edge ... ok
test avx2_values::test_load_si32_basic ... ok
test avx2_values::test_load_si32_edge ... ok
test avx2_values::test_load_si64_basic ... ok
test avx2_values::test_load_si64_edge ... ok
test avx2_values::test_load_si8_basic ... ok
test avx2_values::test_load_si8_edge ... ok
test avx2_values::test_load_ui16_basic ... ok
test avx2_values::test_load_ui16_edge ... ok
test avx2_values::test_load_ui32_aligned_false_misaligned ... ok
test avx2_values::test_load_ui32_basic ... ok
test avx2_values::test_load_ui64_basic ... ok
test avx2_values::test_load_ui64_edge ... ok
test avx2_values::test_load_ui8_basic ... ok
test avx2_values::test_load_ui8_edge ... ok
test avx2_values::test_lzc_imask_ui32_basic ... ok
test avx2_values::test_lzc_imask_ui32_edge ... ok
test avx2_values::test_lzc_scalar_ui32_basic ... ok
test avx2_values::test_lzc_scalar_ui32_edge ... ok
test avx2_values::test_lzc_si16_edge ... ok
test avx2_values::test_lzc_si16_basic ... ok
test avx2_values::test_lzc_si32_basic ... ok
test avx2_values::test_lzc_si32_edge ... ok
test avx2_values::test_lzc_si64_basic ... ok
test avx2_values::test_lzc_si64_edge ... ok
test avx2_values::test_lzc_si8_basic ... ok
test avx2_values::test_lzc_si8_edge ... ok
test avx2_values::test_lzc_ui16_basic ... ok
test avx2_values::test_lzc_ui16_edge ... ok
test avx2_values::test_lzc_ui32_basic ... ok
test avx2_values::test_lzc_ui32_edge ... ok
test avx2_values::test_lzc_ui64_basic ... ok
test avx2_values::test_lzc_ui64_edge ... ok
test avx2_values::test_lzc_ui8_basic ... ok
test avx2_values::test_lzc_ui8_edge ... ok
test avx2_values::test_masked_set1_f32_masked_set1_basic ... ok
test avx2_values::test_masked_set1_f32_masked_set1_edge ... ok
test avx2_values::test_masked_set1_f64_masked_set1_basic ... ok
test avx2_values::test_masked_set1_f64_masked_set1_edge ... ok
test avx2_values::test_masked_set1_si16_masked_set1_basic ... ok
test avx2_values::test_masked_set1_si16_masked_set1_edge ... ok
test avx2_values::test_masked_set1_si32_masked_set1_basic ... ok
test avx2_values::test_masked_set1_si32_masked_set1_edge ... ok
test avx2_values::test_masked_set1_si64_masked_set1_basic ... ok
test avx2_values::test_masked_set1_si64_masked_set1_edge ... ok
test avx2_values::test_masked_set1_si8_masked_set1_basic ... ok
test avx2_values::test_masked_set1_si8_masked_set1_edge ... ok
test avx2_values::test_masked_set1_ui16_masked_set1_basic ... ok
test avx2_values::test_masked_set1_ui16_masked_set1_edge ... ok
test avx2_values::test_masked_set1_ui32_masked_set1_basic ... ok
test avx2_values::test_masked_set1_ui32_masked_set1_edge ... ok
test avx2_values::test_masked_set1_ui64_masked_set1_basic ... ok
test avx2_values::test_masked_set1_ui64_masked_set1_edge ... ok
test avx2_values::test_masked_set1_ui8_masked_set1_basic ... ok
test avx2_values::test_masked_set1_ui8_masked_set1_edge ... ok
test avx2_values::test_max_f32_basic ... ok
test avx2_values::test_max_f64_edge ... ok
test avx2_values::test_max_si32_basic ... ok
test avx2_values::test_max_si32_edge ... ok
test avx2_values::test_max_ui8_basic ... ok
test avx2_values::test_memory_cp_ui8_basic ... ok
test avx2_values::test_memory_cp_ui8_full ... ok
test avx2_values::test_memory_cp_ui8_misaligned ... ok
test avx2_values::test_memory_cp_ui8_misaligned_full ... ok
test avx2_values::test_memory_cp_ui8_one ... ok
test avx2_values::test_memory_cp_ui8_zero ... ok
test avx2_values::test_min_f32_basic ... ok
test avx2_values::test_min_f64_edge ... ok
test avx2_values::test_min_si32_basic ... ok
test avx2_values::test_min_si32_edge ... ok
test avx2_values::test_min_ui8_basic ... ok
test avx2_values::test_mod_imm_si32_basic ... ok
test avx2_values::test_mod_imm_si32_one ... ok
test avx2_values::test_mod_imm_ui16_basic ... ok
test avx2_values::test_mod_imm_ui16_one ... ok
test avx2_values::test_mod_si16_basic ... ok
test avx2_values::test_mod_si32_basic ... ok
test avx2_values::test_mod_si32_generic_mask_basic ... ok
test avx2_values::test_mod_si32_generic_maskz_basic ... ok
test avx2_values::test_mod_si64_basic ... ok
test avx2_values::test_mod_si64_edge ... ok
test avx2_values::test_mod_si8_basic ... ok
test avx2_values::test_mod_ui16_basic ... ok
test avx2_values::test_mod_si8_edge ... ok
test avx2_values::test_mod_ui32_basic ... ok
test avx2_values::test_mod_ui64_basic ... ok
test avx2_values::test_mod_ui64_edge ... ok
test avx2_values::test_mod_ui8_basic ... ok
test avx2_values::test_mod_ui8_edge ... ok
test avx2_values::test_mov_f32_mask_basic ... ok
test avx2_values::test_mov_f32_mask_edge ... ok
test avx2_values::test_mov_f32_maskz_basic ... ok
test avx2_values::test_mov_f32_maskz_edge ... ok
test avx2_values::test_mov_f64_mask_basic ... ok
test avx2_values::test_mov_f64_mask_edge ... ok
test avx2_values::test_mov_f64_maskz_basic ... ok
test avx2_values::test_mov_f64_maskz_edge ... ok
test avx2_values::test_mov_si16_mask_basic ... ok
test avx2_values::test_mov_si16_mask_edge ... ok
test avx2_values::test_mov_si16_maskz_basic ... ok
test avx2_values::test_mov_si16_maskz_edge ... ok
test avx2_values::test_mov_si32_mask_basic ... ok
test avx2_values::test_mov_si32_mask_edge ... ok
test avx2_values::test_mov_si32_maskz_basic ... ok
test avx2_values::test_mov_si32_maskz_edge ... ok
test avx2_values::test_mov_si64_mask_basic ... ok
test avx2_values::test_mov_si64_mask_edge ... ok
test avx2_values::test_mov_si64_maskz_basic ... ok
test avx2_values::test_mov_si64_maskz_edge ... ok
test avx2_values::test_mov_si8_mask_basic ... ok
test avx2_values::test_mov_si8_mask_edge ... ok
test avx2_values::test_mov_si8_maskz_basic ... ok
test avx2_values::test_mov_si8_maskz_edge ... ok
test avx2_values::test_mov_ui16_mask_basic ... ok
test avx2_values::test_mov_ui16_mask_edge ... ok
test avx2_values::test_mov_ui16_maskz_basic ... ok
test avx2_values::test_mov_ui16_maskz_edge ... ok
test avx2_values::test_mov_ui32_mask_basic ... ok
test avx2_values::test_mov_ui32_mask_edge ... ok
test avx2_values::test_mov_ui32_maskz_basic ... ok
test avx2_values::test_mov_ui32_maskz_edge ... ok
test avx2_values::test_mov_ui64_mask_basic ... ok
test avx2_values::test_mov_ui64_mask_edge ... ok
test avx2_values::test_mov_ui64_maskz_basic ... ok
test avx2_values::test_mov_ui64_maskz_edge ... ok
test avx2_values::test_mov_ui8_mask_basic ... ok
test avx2_values::test_mov_ui8_mask_edge ... ok
test avx2_values::test_mov_ui8_maskz_basic ... ok
test avx2_values::test_mov_ui8_maskz_edge ... ok
test avx2_values::test_mul_f32_basic ... ok
test avx2_values::test_mul_f32_edge ... ok
test avx2_values::test_mul_f32_mask_basic ... ok
test avx2_values::test_mul_f32_maskz_basic ... ok
test avx2_values::test_mul_f64_basic ... ok
test avx2_values::test_mul_f64_edge ... ok
test avx2_values::test_mul_imm_si32_basic ... ok
test avx2_values::test_mul_imm_si32_neg ... ok
test avx2_values::test_mul_imm_si32_zero ... ok
test avx2_values::test_mul_imm_ui16_basic ... ok
test avx2_values::test_mul_imm_ui16_zero ... ok
test avx2_values::test_mul_si16_basic ... ok
test avx2_values::test_mul_si32_basic ... ok
test avx2_values::test_mul_si32_generic_mask_basic ... ok
test avx2_values::test_mul_si32_generic_maskz_basic ... ok
test avx2_values::test_mul_si32_zero ... ok
test avx2_values::test_mul_si8_basic ... ok
test avx2_values::test_mul_si8_edge ... ok
test avx2_values::test_mul_ui16_basic ... ok
test avx2_values::test_mul_ui32_basic ... ok
test avx2_values::test_mul_ui8_basic ... ok
test avx2_values::test_nequal_f32_basic ... ok
test avx2_values::test_mul_ui8_edge ... ok
test avx2_values::test_nequal_f32_edge ... ok
test avx2_values::test_nequal_f32_nan_mixed ... ok
test avx2_values::test_nequal_f32_nequal_mask_basic ... ok
test avx2_values::test_nequal_f32_nequal_mask_nan_edge ... ok
test avx2_values::test_nequal_f64_basic ... ok
test avx2_values::test_nequal_f64_nan_mixed ... ok
test avx2_values::test_nequal_f64_edge ... ok
test avx2_values::test_nequal_si16_basic ... ok
test avx2_values::test_nequal_si16_edge ... ok
test avx2_values::test_nequal_si32_basic ... ok
test avx2_values::test_nequal_si32_edge ... ok
test avx2_values::test_nequal_si32_nequal_mask_mixed ... ok
test avx2_values::test_nequal_si64_basic ... ok
test avx2_values::test_nequal_si64_edge ... ok
test avx2_values::test_nequal_si8_basic ... ok
test avx2_values::test_nequal_si8_edge ... ok
test avx2_values::test_nequal_ui16_basic ... ok
test avx2_values::test_nequal_ui16_edge ... ok
test avx2_values::test_nequal_ui32_basic ... ok
test avx2_values::test_nequal_ui32_edge ... ok
test avx2_values::test_nequal_ui32_nequal_mask_basic ... ok
test avx2_values::test_nequal_ui32_nequal_mask_none ... ok
test avx2_values::test_nequal_ui64_basic ... ok
test avx2_values::test_nequal_ui64_edge ... ok
test avx2_values::test_nequal_ui8_basic ... ok
test avx2_values::test_nequal_ui8_edge ... ok
test avx2_values::test_popcnt_si16_basic ... ok
test avx2_values::test_popcnt_si16_edge ... ok
test avx2_values::test_popcnt_si32_basic ... ok
test avx2_values::test_popcnt_si32_edge ... ok
test avx2_values::test_popcnt_si64_basic ... ok
test avx2_values::test_popcnt_si64_edge ... ok
test avx2_values::test_popcnt_si8_basic ... ok
test avx2_values::test_popcnt_si8_edge ... ok
test avx2_values::test_popcnt_ui16_basic ... ok
test avx2_values::test_popcnt_ui16_edge ... ok
test avx2_values::test_popcnt_ui32_basic ... ok
test avx2_values::test_popcnt_ui32_edge ... ok
test avx2_values::test_popcnt_ui64_basic ... ok
test avx2_values::test_popcnt_ui64_edge ... ok
test avx2_values::test_popcnt_ui8_basic ... ok
test avx2_values::test_popcnt_ui8_edge ... ok
test avx2_values::test_reinterpret_f32_to_ui32_special ... ok
test avx2_values::test_reinterpret_f64_to_f64_basic ... ok
test avx2_values::test_reinterpret_f64_to_f64_edge ... ok
test avx2_values::test_reinterpret_si16_to_si16_basic ... ok
test avx2_values::test_reinterpret_si16_to_si16_edge ... ok
test avx2_values::test_reinterpret_si32_to_f32_bits ... ok
test avx2_values::test_reinterpret_si32_to_ui32_basic ... ok
test avx2_values::test_reinterpret_si64_to_f64_bits ... ok
test avx2_values::test_reinterpret_si8_to_si8_basic ... ok
test avx2_values::test_reinterpret_si8_to_si8_edge ... ok
test avx2_values::test_reinterpret_ui16_to_ui16_basic ... ok
test avx2_values::test_reinterpret_ui16_to_ui16_edge ... ok
test avx2_values::test_reinterpret_ui32_to_f32_bits ... ok
test avx2_values::test_reinterpret_ui64_to_f64_bits ... ok
test avx2_values::test_reinterpret_ui8_to_ui8_basic ... ok
test avx2_values::test_reinterpret_ui8_to_ui8_edge ... ok
test avx2_values::test_scatter_si16_edge ... ok
test avx2_values::test_scatter_si16_basic ... ok
test avx2_values::test_scatter_si32_edge ... ok
test avx2_values::test_scatter_si32_basic ... ok
test avx2_values::test_scatter_si64_edge ... ok
test avx2_values::test_scatter_si64_basic ... ok
test avx2_values::test_scatter_si8_basic ... ok
test avx2_values::test_scatter_si8_edge ... ok
test avx2_values::test_scatter_ui16_basic ... ok
test avx2_values::test_scatter_ui16_edge ... ok
test avx2_values::test_scatter_ui32_basic ... ok
test avx2_values::test_scatter_ui32_permutation ... ok
test avx2_values::test_scatter_ui32_repeat ... ok
test avx2_values::test_scatter_ui32_reverse ... ok
test avx2_values::test_scatter_ui64_basic ... ok
test avx2_values::test_scatter_ui64_edge ... ok
test avx2_values::test_scatter_ui8_basic ... ok
test avx2_values::test_scatter_ui8_edge ... ok
test avx2_values::test_sequence_si16_basic ... ok
test avx2_values::test_sequence_si16_edge ... ok
test avx2_values::test_sequence_si32_basic ... ok
test avx2_values::test_sequence_si64_basic ... ok
test avx2_values::test_sequence_si64_edge ... ok
test avx2_values::test_sequence_si8_basic ... ok
test avx2_values::test_sequence_si8_edge ... ok
test avx2_values::test_sequence_ui16_basic ... ok
test avx2_values::test_sequence_ui32_basic ... ok
test avx2_values::test_sequence_ui64_basic ... ok
test avx2_values::test_sequence_ui16_edge ... ok
test avx2_values::test_sequence_ui64_edge ... ok
test avx2_values::test_sequence_ui8_basic ... ok
test avx2_values::test_sequence_ui8_edge ... ok
test avx2_values::test_set1_f32_basic ... ok
test avx2_values::test_set1_f32_edge ... ok
test avx2_values::test_set1_f64_basic ... ok
test avx2_values::test_set1_f64_edge ... ok
test avx2_values::test_set1_si16_basic ... ok
test avx2_values::test_set1_si16_edge ... ok
test avx2_values::test_set1_si32_edge ... ok
test avx2_values::test_set1_si64_basic ... ok
test avx2_values::test_set1_si64_edge ... ok
test avx2_values::test_set1_si8_basic ... ok
test avx2_values::test_set1_ui16_basic ... ok
test avx2_values::test_set1_si8_edge ... ok
test avx2_values::test_set1_ui16_edge ... ok
test avx2_values::test_set1_ui32_basic ... ok
test avx2_values::test_set1_ui64_basic ... ok
test avx2_values::test_set1_ui64_edge ... ok
test avx2_values::test_set1_ui8_basic ... ok
test avx2_values::test_set1_ui8_edge ... ok
test avx2_values::test_set_f32_basic ... ok
test avx2_values::test_set_f32_edge ... ok
test avx2_values::test_set_f64_basic ... ok
test avx2_values::test_set_f64_edge ... ok
test avx2_values::test_set_si16_basic ... ok
test avx2_values::test_set_si16_edge ... ok
test avx2_values::test_set_si32_edge ... ok
test avx2_values::test_set_si64_basic ... ok
test avx2_values::test_set_si64_edge ... ok
test avx2_values::test_set_si8_basic ... ok
test avx2_values::test_set_si8_edge ... ok
test avx2_values::test_set_ui16_basic ... ok
test avx2_values::test_set_ui16_edge ... ok
test avx2_values::test_set_ui32_basic ... ok
test avx2_values::test_set_ui64_basic ... ok
test avx2_values::test_set_ui64_edge ... ok
test avx2_values::test_set_ui8_basic ... ok
test avx2_values::test_set_ui8_edge ... ok
test avx2_values::test_set_undef_si32_compile ... ok
test avx2_values::test_set_zero_f32_set_zero_basic ... ok
test avx2_values::test_set_zero_f32_set_zero_edge ... ok
test avx2_values::test_set_zero_f64_set_zero_basic ... ok
test avx2_values::test_set_zero_f64_set_zero_edge ... ok
test avx2_values::test_set_zero_si16_set_zero_basic ... ok
test avx2_values::test_set_zero_si16_set_zero_edge ... ok
test avx2_values::test_set_zero_si64_set_zero_basic ... ok
test avx2_values::test_set_zero_si32_set_zero_basic ... ok
test avx2_values::test_set_zero_si64_set_zero_edge ... ok
test avx2_values::test_set_zero_si8_set_zero_basic ... ok
test avx2_values::test_set_zero_si8_set_zero_edge ... ok
test avx2_values::test_set_zero_ui16_set_zero_basic ... ok
test avx2_values::test_set_zero_ui16_set_zero_edge ... ok
test avx2_values::test_set_zero_ui32_set_zero_basic ... ok
test avx2_values::test_set_zero_ui64_set_zero_basic ... ok
test avx2_values::test_set_zero_ui64_set_zero_edge ... ok
test avx2_values::test_set_zero_ui8_set_zero_basic ... ok
test avx2_values::test_set_zero_ui8_set_zero_edge ... ok
test avx2_values::test_shift_left_si16_imm_basic ... ok
test avx2_values::test_shift_left_si16_imm_edge ... ok
test avx2_values::test_shift_left_si32_imm_basic ... ok
test avx2_values::test_shift_left_si32_imm_edge ... ok
test avx2_values::test_shift_left_si64_imm_basic ... ok
test avx2_values::test_shift_left_si64_imm_edge ... ok
test avx2_values::test_shift_left_si8_imm_edge ... ok
test avx2_values::test_shift_left_si8_imm_basic ... ok
test avx2_values::test_shift_left_ui16_imm_basic ... ok
test avx2_values::test_shift_left_ui16_imm_edge ... ok
test avx2_values::test_shift_left_ui32_imm_basic ... ok
test avx2_values::test_shift_left_ui32_imm_edge ... ok
test avx2_values::test_shift_left_ui64_imm_basic ... ok
test avx2_values::test_shift_left_ui64_imm_edge ... ok
test avx2_values::test_shift_left_ui8_imm_basic ... ok
test avx2_values::test_shift_right_imask_ui32_basic ... ok
test avx2_values::test_shift_left_ui8_imm_edge ... ok
test avx2_values::test_shift_right_imask_ui32_zero ... ok
test avx2_values::test_shift_right_si16_imm_basic ... ok
test avx2_values::test_shift_right_si16_imm_edge ... ok
test avx2_values::test_shift_right_si32_imm_basic ... ok
test avx2_values::test_shift_right_si32_imm_edge ... ok
test avx2_values::test_shift_right_si64_imm_edge ... ok
test avx2_values::test_shift_right_si64_imm_basic ... ok
test avx2_values::test_shift_right_si8_imm_basic ... ok
test avx2_values::test_shift_right_si8_imm_edge ... ok
test avx2_values::test_shift_right_ui16_imm_basic ... ok
test avx2_values::test_shift_right_ui16_imm_edge ... ok
test avx2_values::test_shift_right_ui32_imm_basic ... ok
test avx2_values::test_shift_right_ui32_imm_edge ... ok
test avx2_values::test_shift_right_ui64_imm_basic ... ok
test avx2_values::test_shift_right_ui64_imm_edge ... ok
test avx2_values::test_shift_right_ui8_imm_basic ... ok
test avx2_values::test_shift_right_ui8_imm_edge ... ok
test avx2_values::test_store_f32_aligned_false_edge ... ok
test avx2_values::test_store_f32_aligned_false_basic ... ok
test avx2_values::test_store_f64_aligned_false_basic ... ok
test avx2_values::test_store_f64_aligned_false_edge ... ok
test avx2_values::test_store_mask_repr_f32_aligned_false_packed_true_mask_basic ... ok
test avx2_values::test_store_mask_repr_f32_aligned_false_packed_true_mask_edge ... ok
test avx2_values::test_store_mask_repr_f32_aligned_true_packed_false_mask_unpacked ... ok
test avx2_values::test_store_mask_repr_f32_aligned_true_packed_true_mask_edge ... ok
test avx2_values::test_store_mask_repr_f32_aligned_true_packed_true_mask_basic ... ok
test avx2_values::test_store_mask_repr_f64_aligned_false_packed_true_mask_basic ... ok
test avx2_values::test_store_mask_repr_f64_aligned_false_packed_true_mask_edge ... ok
test avx2_values::test_store_mask_repr_f64_aligned_true_packed_true_mask_basic ... ok
test avx2_values::test_store_mask_repr_f64_aligned_true_packed_true_mask_edge ... ok
test avx2_values::test_store_mask_repr_si16_aligned_false_packed_true_mask_basic ... ok
test avx2_values::test_store_mask_repr_si16_aligned_false_packed_true_mask_edge ... ok
test avx2_values::test_store_mask_repr_si16_aligned_true_packed_true_mask_basic ... ok
test avx2_values::test_store_mask_repr_si16_aligned_true_packed_true_mask_edge ... ok
test avx2_values::test_store_mask_repr_si32_aligned_false_packed_true_mask_basic ... ok
test avx2_values::test_store_mask_repr_si32_aligned_false_packed_true_mask_edge ... ok
test avx2_values::test_store_mask_repr_si32_aligned_true_packed_true_mask_basic ... ok
test avx2_values::test_store_mask_repr_si32_aligned_true_packed_true_mask_edge ... ok
test avx2_values::test_store_mask_repr_si64_aligned_false_packed_true_mask_basic ... ok
test avx2_values::test_store_mask_repr_si64_aligned_false_packed_true_mask_edge ... ok
test avx2_values::test_store_mask_repr_si64_aligned_true_packed_true_mask_basic ... ok
test avx2_values::test_store_mask_repr_si64_aligned_true_packed_true_mask_edge ... ok
test avx2_values::test_store_mask_repr_si8_aligned_false_packed_true_mask_basic ... ok
test avx2_values::test_store_mask_repr_si8_aligned_false_packed_true_mask_edge ... ok
test avx2_values::test_store_mask_repr_si8_aligned_true_packed_true_mask_basic ... ok
test avx2_values::test_store_mask_repr_si8_aligned_true_packed_true_mask_edge ... ok
test avx2_values::test_store_mask_repr_ui16_aligned_false_packed_true_mask_basic ... ok
test avx2_values::test_store_mask_repr_ui16_aligned_false_packed_true_mask_edge ... ok
test avx2_values::test_store_mask_repr_ui16_aligned_true_packed_true_mask_basic ... ok
test avx2_values::test_store_mask_repr_ui16_aligned_true_packed_true_mask_edge ... ok
test avx2_values::test_store_mask_repr_ui32_aligned_false_packed_false_mask_unpacked ... ok
test avx2_values::test_store_mask_repr_ui32_aligned_false_packed_true_mask_basic ... ok
test avx2_values::test_store_mask_repr_ui32_aligned_false_packed_true_mask_edge ... ok
test avx2_values::test_store_mask_repr_ui32_aligned_true_packed_false_mask_unpacked ... ok
test avx2_values::test_store_mask_repr_ui32_aligned_true_packed_true_mask_basic ... ok
test avx2_values::test_store_mask_repr_ui32_aligned_true_packed_true_mask_edge ... ok
test avx2_values::test_store_mask_repr_ui64_aligned_false_packed_true_mask_basic ... ok
test avx2_values::test_store_mask_repr_ui64_aligned_false_packed_true_mask_edge ... ok
test avx2_values::test_store_mask_repr_ui64_aligned_true_packed_true_mask_basic ... ok
test avx2_values::test_store_mask_repr_ui64_aligned_true_packed_true_mask_edge ... ok
test avx2_values::test_store_mask_repr_ui8_aligned_false_packed_true_mask_basic ... ok
test avx2_values::test_store_mask_repr_ui8_aligned_false_packed_true_mask_edge ... ok
test avx2_values::test_store_mask_repr_ui8_aligned_true_packed_true_mask_basic ... ok
test avx2_values::test_store_mask_repr_ui8_aligned_true_packed_true_mask_edge ... ok
test avx2_values::test_store_si16_aligned_false_basic ... ok
test avx2_values::test_store_si16_aligned_false_edge ... ok
test avx2_values::test_store_si32_aligned_false_basic ... ok
test avx2_values::test_store_si32_aligned_false_edge ... ok
test avx2_values::test_store_si64_aligned_false_basic ... ok
test avx2_values::test_store_si64_aligned_false_edge ... ok
test avx2_values::test_store_si8_aligned_false_basic ... ok
test avx2_values::test_store_si8_aligned_false_edge ... ok
test avx2_values::test_store_ui16_aligned_false_basic ... ok
test avx2_values::test_store_ui16_aligned_false_edge ... ok
test avx2_values::test_store_ui32_aligned_false_basic ... ok
test avx2_values::test_store_ui32_aligned_false_misaligned ... ok
test avx2_values::test_store_ui64_aligned_false_basic ... ok
test avx2_values::test_store_ui64_aligned_false_edge ... ok
test avx2_values::test_store_ui8_aligned_false_basic ... ok
test avx2_values::test_store_ui8_aligned_false_edge ... ok
test avx2_values::test_sub_f32_basic ... ok
test avx2_values::test_sub_f32_edge ... ok
test avx2_values::test_sub_f64_basic ... ok
test avx2_values::test_sub_f64_edge ... ok
test avx2_values::test_sub_si16_basic ... ok
test avx2_values::test_sub_si16_edge ... ok
test avx2_values::test_sub_si32_basic ... ok
test avx2_values::test_sub_si32_edge ... ok
test avx2_values::test_sub_si32_mask_basic ... ok
test avx2_values::test_sub_si32_maskz_all ... ok
test avx2_values::test_sub_si32_maskz_basic ... ok
test avx2_values::test_sub_si32_maskz_zero ... ok
test avx2_values::test_sub_si64_basic ... ok
test avx2_values::test_sub_si64_edge ... ok
test avx2_values::test_sub_si8_basic ... ok
test avx2_values::test_sub_si8_edge ... ok
test avx2_values::test_sub_ui16_basic ... ok
test avx2_values::test_sub_ui16_edge ... ok
test avx2_values::test_sub_ui16_mask_basic ... ok
test avx2_values::test_sub_ui16_maskz_all ... ok
test avx2_values::test_sub_ui16_maskz_basic ... ok
test avx2_values::test_sub_ui16_maskz_zero ... ok
test avx2_values::test_sub_ui32_basic ... ok
test avx2_values::test_sub_ui32_edge ... ok
test avx2_values::test_sub_ui64_basic ... ok
test avx2_values::test_sub_ui64_edge ... ok
test avx2_values::test_sub_ui8_basic ... ok
test avx2_values::test_sub_ui8_edge ... ok
test avx2_values::test_to_array_f32_edge ... ok
test avx2_values::test_to_array_f32_basic ... ok
test avx2_values::test_to_array_f64_basic ... ok
test avx2_values::test_to_array_f64_edge ... ok
test avx2_values::test_to_array_si16_basic ... ok
test avx2_values::test_to_array_si16_edge ... ok
test avx2_values::test_to_array_si32_edge ... ok
test avx2_values::test_to_array_si64_basic ... ok
test avx2_values::test_to_array_si64_edge ... ok
test avx2_values::test_to_array_si8_basic ... ok
test avx2_values::test_to_array_ui16_basic ... ok
test avx2_values::test_to_array_si8_edge ... ok
test avx2_values::test_to_array_ui16_edge ... ok
test avx2_values::test_to_array_ui32_basic ... ok
test avx2_values::test_to_array_ui64_basic ... ok
test avx2_values::test_to_array_ui64_edge ... ok
test avx2_values::test_to_array_ui8_basic ... ok
test avx2_values::test_to_array_ui8_edge ... ok
test avx2_values::test_to_integral_f32_basic ... ok
test avx2_values::test_to_integral_f64_basic ... ok
test avx2_values::test_to_integral_si16_basic ... ok
test avx2_values::test_to_integral_si32_basic ... ok
test avx2_values::test_to_integral_si64_basic ... ok
test avx2_values::test_to_integral_si8_basic ... ok
test avx2_values::test_to_integral_ui16_basic ... ok
test avx2_values::test_to_integral_ui32_basic ... ok
test avx2_values::test_to_integral_ui32_zero ... ok
test avx2_values::test_to_integral_ui64_basic ... ok
test avx2_values::test_to_integral_ui8_basic ... ok
test avx2_values::test_to_ostream_f32_basic ... ok
test avx2_values::test_to_ostream_f32_edge ... ok
test avx2_values::test_to_ostream_f64_basic ... ok
test avx2_values::test_to_ostream_f64_edge ... ok
test avx2_values::test_to_ostream_si16_basic ... ok
test avx2_values::test_to_ostream_si16_edge ... ok
test avx2_values::test_to_ostream_si32_basic ... ok
test avx2_values::test_to_ostream_si32_edge ... ok
test avx2_values::test_to_ostream_si64_basic ... ok
test avx2_values::test_to_ostream_si64_edge ... ok
test avx2_values::test_to_ostream_si8_basic ... ok
test avx2_values::test_to_ostream_si8_edge ... ok
test avx2_values::test_to_ostream_ui16_basic ... ok
test avx2_values::test_to_ostream_ui16_edge ... ok
test avx2_values::test_to_ostream_ui32_bin_basic ... ok
test avx2_values::test_to_ostream_ui64_basic ... ok
test avx2_values::test_to_ostream_ui64_edge ... ok
test avx2_values::test_to_ostream_ui8_basic ... ok
test avx2_values::test_to_ostream_ui8_edge ... ok
test avx2_values::test_to_vector_f32_basic ... ok
test avx2_values::test_to_vector_f32_edge ... ok
test avx2_values::test_to_vector_f64_basic ... ok
test avx2_values::test_to_vector_f64_edge ... ok
test avx2_values::test_to_vector_si16_basic ... ok
test avx2_values::test_to_vector_si16_edge ... ok
test avx2_values::test_to_vector_si32_basic ... ok
test avx2_values::test_to_vector_si32_edge ... ok
test avx2_values::test_to_vector_si64_basic ... ok
test avx2_values::test_to_vector_si64_edge ... ok
test avx2_values::test_to_vector_si8_basic ... ok
test avx2_values::test_to_vector_si8_edge ... ok
test avx2_values::test_to_vector_ui16_edge ... ok
test avx2_values::test_to_vector_ui16_basic ... ok
test avx2_values::test_to_vector_ui32_basic ... ok
test avx2_values::test_to_vector_ui32_edge ... ok
test avx2_values::test_to_vector_ui64_basic ... ok
test avx2_values::test_to_vector_ui64_edge ... ok
test avx2_values::test_to_vector_ui8_basic ... ok
test avx2_values::test_to_vector_ui8_edge ... ok
test avx2_values::test_tzc_ui32_basic ... ok
test avx2_values::test_tzc_ui32_edge ... ok
test avx2_values::test_unequal_zero_f32_zero_basic ... ok
test avx2_values::test_unequal_zero_f32_zero_edge ... ok
test avx2_values::test_unequal_zero_f32_zero_nan_only ... ok
test avx2_values::test_unequal_zero_f64_zero_basic ... ok
test avx2_values::test_unequal_zero_f64_zero_edge ... ok
test avx2_values::test_unequal_zero_f64_zero_nan_only ... ok
test avx2_values::test_unequal_zero_si16_zero_basic ... ok
test avx2_values::test_unequal_zero_si16_zero_edge ... ok
test avx2_values::test_unequal_zero_si32_zero_basic ... ok
test avx2_values::test_unequal_zero_si32_zero_edge ... ok
test avx2_values::test_unequal_zero_si64_zero_basic ... ok
test avx2_values::test_unequal_zero_si64_zero_edge ... ok
test avx2_values::test_unequal_zero_si8_zero_basic ... ok
test avx2_values::test_unequal_zero_si8_zero_edge ... ok
test avx2_values::test_unequal_zero_ui16_zero_basic ... ok
test avx2_values::test_unequal_zero_ui16_zero_edge ... ok
test avx2_values::test_unequal_zero_ui32_zero_basic ... ok
test avx2_values::test_unequal_zero_ui32_zero_edge ... ok
test avx2_values::test_unequal_zero_ui64_zero_basic ... ok
test avx2_values::test_unequal_zero_ui64_zero_edge ... ok
test avx2_values::test_unequal_zero_ui8_zero_basic ... ok
test avx2_values::test_unequal_zero_ui8_zero_edge ... ok

test result: ok. 1173 passed; 0 failed; 0 ignored; 0 measured; 0 filtered out; finished in 0.07s


running 0 tests

test result: ok. 0 passed; 0 failed; 0 ignored; 0 measured; 0 filtered out; finished in 0.00s
[stderr]
Compiling tsl_generated v0.1.0 (/workspace/tslctmp/ci-generated/rust)
    Finished `test` profile [unoptimized + debuginfo] target(s) in 11.02s
     Running unittests src/lib.rs (rust/target/avx2/debug/deps/tsl_generated-8c976c3851e53767)
     Running tests/smoke.rs (rust/target/avx2/debug/deps/smoke-8ef19efb91c4c799)
     Running tests/values.rs (rust/target/avx2/debug/deps/values-08e05a9ec323032d)
   Doc-tests tsl_generated
[test-output] rust cannonlake: cargo test --manifest-path /workspace/tslctmp/ci-generated/rust/Cargo.toml --no-default-features --features cannonlake,value_tests --target-dir /workspace/tslctmp/ci-generated/rust/target/cannonlake
[stdout]
running 0 tests

test result: ok. 0 passed; 0 failed; 0 ignored; 0 measured; 0 filtered out; finished in 0.00s


running 1 test
test smoke ... ok

test result: ok. 1 passed; 0 failed; 0 ignored; 0 measured; 0 filtered out; finished in 0.00s


running 1293 tests
test cannonlake_values::test_add_f32_edge ... ok
test cannonlake_values::test_add_f32_basic ... ok
test cannonlake_values::test_add_f64_basic ... ok
test cannonlake_values::test_add_f64_edge ... ok
test cannonlake_values::test_add_si16_basic ... ok
test cannonlake_values::test_add_si16_edge ... ok
test cannonlake_values::test_add_si32_basic ... ok
test cannonlake_values::test_add_si32_edge ... ok
test cannonlake_values::test_add_si32_mask_all ... ok
test cannonlake_values::test_add_si32_mask_basic ... ok
test cannonlake_values::test_add_si32_mask_zero ... ok
test cannonlake_values::test_add_si32_maskz_all ... ok
test cannonlake_values::test_add_si32_maskz_basic ... ok
test cannonlake_values::test_add_si32_maskz_zero ... ok
test cannonlake_values::test_add_si64_basic ... ok
test cannonlake_values::test_add_si64_edge ... ok
test cannonlake_values::test_add_si8_basic ... ok
test cannonlake_values::test_add_si8_edge ... ok
test cannonlake_values::test_add_ui16_basic ... ok
test cannonlake_values::test_add_ui16_edge ... ok
test cannonlake_values::test_add_ui32_basic ... ok
test cannonlake_values::test_add_ui32_edge ... ok
test cannonlake_values::test_add_ui64_basic ... ok
test cannonlake_values::test_add_ui64_edge ... ok
test cannonlake_values::test_add_ui8_basic ... ok
test cannonlake_values::test_add_ui8_edge ... ok
test cannonlake_values::test_add_ui8_mask_all ... ok
test cannonlake_values::test_add_ui8_mask_basic ... ok
test cannonlake_values::test_add_ui8_mask_zero ... ok
test cannonlake_values::test_add_ui8_maskz_all ... ok
test cannonlake_values::test_add_ui8_maskz_basic ... ok
test cannonlake_values::test_add_ui8_maskz_zero ... ok
test cannonlake_values::test_allocate_aligned_ptr_u8_basic ... ok
test cannonlake_values::test_allocate_aligned_ptr_u8_large ... ok
test cannonlake_values::test_allocate_aligned_ptr_u8_small ... ok
test cannonlake_values::test_allocate_aligned_ptr_u8_stress ... ok
test cannonlake_values::test_allocate_aligned_ptr_u8_value16 ... ok
test cannonlake_values::test_allocate_aligned_ptr_u8_value64 ... ok
test cannonlake_values::test_allocate_aligned_ptr_u8_zero ... ok
test cannonlake_values::test_allocate_ptr_u8_basic ... ok
test cannonlake_values::test_allocate_ptr_u8_large ... ok
test cannonlake_values::test_allocate_ptr_u8_small ... ok
test cannonlake_values::test_allocate_ptr_u8_unaligned_value33 ... ok
test cannonlake_values::test_allocate_ptr_u8_unaligned_value65 ... ok
test cannonlake_values::test_between_exclusive_f32_basic ... ok
test cannonlake_values::test_between_exclusive_f32_mask_basic ... ok
test cannonlake_values::test_between_exclusive_f32_mask_nan_edge ... ok
test cannonlake_values::test_between_exclusive_f32_nan_edge ... ok
test cannonlake_values::test_between_exclusive_si32_mask_mixed ... ok
test cannonlake_values::test_between_exclusive_si32_mixed ... ok
test cannonlake_values::test_between_exclusive_ui32_basic ... ok
test cannonlake_values::test_between_exclusive_ui32_mask_basic ... ok
test cannonlake_values::test_between_inclusive_f32_basic ... ok
test cannonlake_values::test_between_inclusive_f32_between_inclusive_mask_basic ... ok
test cannonlake_values::test_between_inclusive_f32_between_inclusive_mask_nan_edge ... ok
test cannonlake_values::test_between_inclusive_f32_nan_edge ... ok
test cannonlake_values::test_between_inclusive_si32_between_inclusive_mask_mixed ... ok
test cannonlake_values::test_between_inclusive_si32_mixed ... ok
test cannonlake_values::test_between_inclusive_ui32_basic ... ok
test cannonlake_values::test_between_inclusive_ui32_between_inclusive_mask_basic ... ok
test cannonlake_values::test_between_left_inclusive_f32_basic ... ok
test cannonlake_values::test_between_left_inclusive_f32_between_left_inclusive_mask_basic ... ok
test cannonlake_values::test_between_left_inclusive_f32_between_left_inclusive_mask_nan_edge ... ok
test cannonlake_values::test_between_left_inclusive_f32_nan_edge ... ok
test cannonlake_values::test_between_left_inclusive_si32_between_left_inclusive_mask_mixed ... ok
test cannonlake_values::test_between_left_inclusive_si32_mixed ... ok
test cannonlake_values::test_between_left_inclusive_ui32_basic ... ok
test cannonlake_values::test_between_left_inclusive_ui32_between_left_inclusive_mask_basic ... ok
test cannonlake_values::test_between_right_inclusive_f32_basic ... ok
test cannonlake_values::test_between_right_inclusive_f32_between_right_inclusive_mask_basic ... ok
test cannonlake_values::test_between_right_inclusive_f32_between_right_inclusive_mask_nan_edge ... ok
test cannonlake_values::test_between_right_inclusive_f32_nan_edge ... ok
test cannonlake_values::test_between_right_inclusive_si32_between_right_inclusive_mask_mixed ... ok
test cannonlake_values::test_between_right_inclusive_si32_mixed ... ok
test cannonlake_values::test_between_right_inclusive_ui32_basic ... ok
test cannonlake_values::test_between_right_inclusive_ui32_between_right_inclusive_mask_basic ... ok
test cannonlake_values::test_binary_and_f32_basic ... ok
test cannonlake_values::test_binary_and_f32_edge ... ok
test cannonlake_values::test_binary_and_f64_basic ... ok
test cannonlake_values::test_binary_and_f64_edge ... ok
test cannonlake_values::test_binary_and_si16_basic ... ok
test cannonlake_values::test_binary_and_si16_edge ... ok
test cannonlake_values::test_binary_and_si32_basic ... ok
test cannonlake_values::test_binary_and_si32_edge ... ok
test cannonlake_values::test_binary_and_si64_basic ... ok
test cannonlake_values::test_binary_and_si64_edge ... ok
test cannonlake_values::test_binary_and_si8_basic ... ok
test cannonlake_values::test_binary_and_si8_edge ... ok
test cannonlake_values::test_binary_and_ui16_basic ... ok
test cannonlake_values::test_binary_and_ui16_edge ... ok
test cannonlake_values::test_binary_and_ui32_basic ... ok
test cannonlake_values::test_binary_and_ui32_binary_and_mask_basic ... ok
test cannonlake_values::test_binary_and_ui32_binary_and_maskz_basic ... ok
test cannonlake_values::test_binary_and_ui32_edge ... ok
test cannonlake_values::test_binary_and_ui64_basic ... ok
test cannonlake_values::test_binary_and_ui64_edge ... ok
test cannonlake_values::test_binary_and_ui8_basic ... ok
test cannonlake_values::test_binary_and_ui8_edge ... ok
test cannonlake_values::test_binary_andnot_f32_basic ... ok
test cannonlake_values::test_binary_andnot_f64_basic ... ok
test cannonlake_values::test_binary_andnot_si32_basic ... ok
test cannonlake_values::test_binary_andnot_si32_edge ... ok
test cannonlake_values::test_binary_andnot_ui32_basic ... ok
test cannonlake_values::test_binary_andnot_ui32_binary_andnot_mask_basic ... ok
test cannonlake_values::test_binary_andnot_ui32_binary_andnot_maskz_basic ... ok
test cannonlake_values::test_binary_andnot_ui32_edge ... ok
test cannonlake_values::test_binary_or_f32_basic ... ok
test cannonlake_values::test_binary_or_f32_edge ... ok
test cannonlake_values::test_binary_or_f64_basic ... ok
test cannonlake_values::test_binary_or_si16_basic ... ok
test cannonlake_values::test_binary_or_f64_edge ... ok
test cannonlake_values::test_binary_or_si16_edge ... ok
test cannonlake_values::test_binary_or_si32_basic ... ok
test cannonlake_values::test_binary_or_si32_edge ... ok
test cannonlake_values::test_binary_or_si64_basic ... ok
test cannonlake_values::test_binary_or_si64_edge ... ok
test cannonlake_values::test_binary_or_si8_basic ... ok
test cannonlake_values::test_binary_or_si8_edge ... ok
test cannonlake_values::test_binary_or_ui16_basic ... ok
test cannonlake_values::test_binary_or_ui16_edge ... ok
test cannonlake_values::test_binary_or_ui32_basic ... ok
test cannonlake_values::test_binary_or_ui32_binary_or_maskz_basic ... ok
test cannonlake_values::test_binary_or_ui32_binary_or_mask_basic ... ok
test cannonlake_values::test_binary_or_ui32_edge ... ok
test cannonlake_values::test_binary_or_ui64_basic ... ok
test cannonlake_values::test_binary_or_ui64_edge ... ok
test cannonlake_values::test_binary_or_ui8_basic ... ok
test cannonlake_values::test_binary_or_ui8_edge ... ok
test cannonlake_values::test_binary_xor_f32_basic ... ok
test cannonlake_values::test_binary_xor_f32_edge ... ok
test cannonlake_values::test_binary_xor_f64_basic ... ok
test cannonlake_values::test_binary_xor_f64_edge ... ok
test cannonlake_values::test_binary_xor_si16_basic ... ok
test cannonlake_values::test_binary_xor_si16_edge ... ok
test cannonlake_values::test_binary_xor_si32_basic ... ok
test cannonlake_values::test_binary_xor_si64_basic ... ok
test cannonlake_values::test_binary_xor_si32_edge ... ok
test cannonlake_values::test_binary_xor_si64_edge ... ok
test cannonlake_values::test_binary_xor_si8_basic ... ok
test cannonlake_values::test_binary_xor_si8_edge ... ok
test cannonlake_values::test_binary_xor_ui16_basic ... ok
test cannonlake_values::test_binary_xor_ui16_edge ... ok
test cannonlake_values::test_binary_xor_ui32_basic ... ok
test cannonlake_values::test_binary_xor_ui32_binary_xor_mask_basic ... ok
test cannonlake_values::test_binary_xor_ui32_binary_xor_maskz_basic ... ok
test cannonlake_values::test_binary_xor_ui32_edge ... ok
test cannonlake_values::test_binary_xor_ui64_basic ... ok
test cannonlake_values::test_binary_xor_ui64_edge ... ok
test cannonlake_values::test_binary_xor_ui8_edge ... ok
test cannonlake_values::test_binary_xor_ui8_basic ... ok
test cannonlake_values::test_blend_add_si16_blend_add_basic ... ok
test cannonlake_values::test_blend_add_si16_blend_add_edge ... ok
test cannonlake_values::test_blend_add_si32_blend_add_basic ... ok
test cannonlake_values::test_blend_add_si32_blend_add_edge ... ok
test cannonlake_values::test_blend_add_si64_blend_add_basic ... ok
test cannonlake_values::test_blend_add_si64_blend_add_edge ... ok
test cannonlake_values::test_blend_add_si8_blend_add_basic ... ok
test cannonlake_values::test_blend_add_si8_blend_add_edge ... ok
test cannonlake_values::test_blend_add_ui16_blend_add_basic ... ok
test cannonlake_values::test_blend_add_ui16_blend_add_edge ... ok
test cannonlake_values::test_blend_add_ui32_blend_add_basic ... ok
test cannonlake_values::test_blend_add_ui32_blend_add_edge ... ok
test cannonlake_values::test_blend_add_ui64_blend_add_basic ... ok
test cannonlake_values::test_blend_add_ui64_blend_add_edge ... ok
test cannonlake_values::test_blend_add_ui8_blend_add_basic ... ok
test cannonlake_values::test_blend_add_ui8_blend_add_edge ... ok
test cannonlake_values::test_blend_f32_basic ... ok
test cannonlake_values::test_blend_f32_edge ... ok
test cannonlake_values::test_blend_f64_basic ... ok
test cannonlake_values::test_blend_f64_edge ... ok
test cannonlake_values::test_blend_si16_basic ... ok
test cannonlake_values::test_blend_si16_edge ... ok
test cannonlake_values::test_blend_si32_basic ... ok
test cannonlake_values::test_blend_si32_edge ... ok
test cannonlake_values::test_blend_si64_basic ... ok
test cannonlake_values::test_blend_si64_edge ... ok
test cannonlake_values::test_blend_si8_basic ... ok
test cannonlake_values::test_blend_si8_edge ... ok
test cannonlake_values::test_blend_ui16_basic ... ok
test cannonlake_values::test_blend_ui16_edge ... ok
test cannonlake_values::test_blend_ui32_basic ... ok
test cannonlake_values::test_blend_ui32_edge ... ok
test cannonlake_values::test_blend_ui64_basic ... ok
test cannonlake_values::test_blend_ui64_edge ... ok
test cannonlake_values::test_blend_ui8_basic ... ok
test cannonlake_values::test_blend_ui8_edge ... ok
test cannonlake_values::test_cast_f32_to_f32_basic ... ok
test cannonlake_values::test_cast_f32_to_f32_edge ... ok
test cannonlake_values::test_cast_f64_avx2_to_si32_basic_bits256 ... ok
[stderr]
Compiling tsl_generated v0.1.0 (/workspace/tslctmp/ci-generated/rust)
warning: unnecessary parentheses around `return` value
      --> src/tsl_cannonlake.rs:159633:16
       |
159633 |         return (!mask);
       |                ^     ^
       |
       = note: `#[warn(unused_parens)]` (part of `#[warn(unused)]`) on by default
help: remove these parentheses
       |
159633 -         return (!mask);
159633 +         return !mask;
       |

warning: unnecessary parentheses around `return` value
      --> src/tsl_cannonlake.rs:159659:16
       |
159659 |         return (!mask);
       |                ^     ^
       |
help: remove these parentheses
       |
159659 -         return (!mask);
159659 +         return !mask;
       |

warning: unnecessary parentheses around `return` value
      --> src/tsl_cannonlake.rs:159743:16
       |
159743 |         return (!mask);
       |                ^     ^
       |
help: remove these parentheses
       |
159743 -         return (!mask);
159743 +         return !mask;
       |

warning: unnecessary parentheses around `return` value
      --> src/tsl_cannonlake.rs:159769:16
       |
159769 |         return (!mask);
       |                ^     ^
       |
help: remove these parentheses
       |
159769 -         return (!mask);
159769 +         return !mask;
       |

warning: unnecessary parentheses around `return` value
      --> src/tsl_cannonlake.rs:159795:16
       |
159795 |         return (!mask);
       |                ^     ^
       |
help: remove these parentheses
       |
159795 -         return (!mask);
159795 +         return !mask;
       |

warning: unnecessary parentheses around `return` value
      --> src/tsl_cannonlake.rs:159879:16
       |
159879 |         return (!mask);
       |                ^     ^
       |
help: remove these parentheses
       |
159879 -         return (!mask);
159879 +         return !mask;
       |

warning: unnecessary parentheses around `return` value
      --> src/tsl_cannonlake.rs:159905:16
       |
159905 |         return (!mask);
       |                ^     ^
       |
help: remove these parentheses
       |
159905 -         return (!mask);
159905 +         return !mask;
       |

warning: unnecessary parentheses around `return` value
      --> src/tsl_cannonlake.rs:159931:16
       |
159931 |         return (!mask);
       |                ^     ^
       |
help: remove these parentheses
       |
159931 -         return (!mask);
159931 +         return !mask;
       |

warning: unnecessary parentheses around `return` value
      --> src/tsl_cannonlake.rs:160015:16
       |
160015 |         return (!mask);
       |                ^     ^
       |
help: remove these parentheses
       |
160015 -         return (!mask);
160015 +         return !mask;
       |

warning: unnecessary parentheses around `return` value
      --> src/tsl_cannonlake.rs:160041:16
       |
160041 |         return (!mask);
       |                ^     ^
       |
help: remove these parentheses
       |
160041 -         return (!mask);
160041 +         return !mask;
       |

warning: unnecessary parentheses around `return` value
      --> src/tsl_cannonlake.rs:160067:16
       |
160067 |         return (!mask);
       |                ^     ^
       |
help: remove these parentheses
       |
160067 -         return (!mask);
160067 +         return !mask;
       |

warning: unnecessary parentheses around `return` value
      --> src/tsl_cannonlake.rs:160151:16
       |
160151 |         return (!mask);
       |                ^     ^
       |
help: remove these parentheses
       |
160151 -         return (!mask);
160151 +         return !mask;
       |

warning: unnecessary parentheses around `return` value
      --> src/tsl_cannonlake.rs:160177:16
       |
160177 |         return (!mask);
       |                ^     ^
       |
help: remove these parentheses
       |
160177 -         return (!mask);
160177 +         return !mask;
       |

warning: unnecessary parentheses around `return` value
      --> src/tsl_cannonlake.rs:160203:16
       |
160203 |         return (!mask);
       |                ^     ^
       |
help: remove these parentheses
       |
160203 -         return (!mask);
160203 +         return !mask;
       |

warning: unnecessary parentheses around `return` value
      --> src/tsl_cannonlake.rs:160287:16
       |
160287 |         return (!mask);
       |                ^     ^
       |
help: remove these parentheses
       |
160287 -         return (!mask);
160287 +         return !mask;
       |

warning: unnecessary parentheses around `return` value
      --> src/tsl_cannonlake.rs:160313:16
       |
160313 |         return (!mask);
       |                ^     ^
       |
help: remove these parentheses
       |
160313 -         return (!mask);
160313 +         return !mask;
       |

warning: unnecessary parentheses around `return` value
      --> src/tsl_cannonlake.rs:160339:16
       |
160339 |         return (!mask);
       |                ^     ^
       |
help: remove these parentheses
       |
160339 -         return (!mask);
160339 +         return !mask;
       |

warning: unnecessary parentheses around `return` value
      --> src/tsl_cannonlake.rs:160423:16
       |
160423 |         return (!mask);
       |                ^     ^
       |
help: remove these parentheses
       |
160423 -         return (!mask);
160423 +         return !mask;
       |

warning: unnecessary parentheses around `return` value
      --> src/tsl_cannonlake.rs:160449:16
       |
160449 |         return (!mask);
       |                ^     ^
       |
help: remove these parentheses
       |
160449 -         return (!mask);
160449 +         return !mask;
       |

warning: unnecessary parentheses around `return` value
      --> src/tsl_cannonlake.rs:160475:16
       |
160475 |         return (!mask);
       |                ^     ^
       |
help: remove these parentheses
       |
160475 -         return (!mask);
160475 +         return !mask;
       |

warning: unnecessary parentheses around `return` value
      --> src/tsl_cannonlake.rs:160559:16
       |
160559 |         return (!mask);
       |                ^     ^
       |
help: remove these parentheses
       |
160559 -         return (!mask);
160559 +         return !mask;
       |

warning: unnecessary parentheses around `return` value
      --> src/tsl_cannonlake.rs:160585:16
       |
160585 |         return (!mask);
       |                ^     ^
       |
help: remove these parentheses
       |
160585 -         return (!mask);
160585 +         return !mask;
       |

warning: unnecessary parentheses around `return` value
      --> src/tsl_cannonlake.rs:160611:16
       |
160611 |         return (!mask);
       |                ^     ^
       |
help: remove these parentheses
       |
160611 -         return (!mask);
160611 +         return !mask;
       |

warning: unnecessary parentheses around `return` value
      --> src/tsl_cannonlake.rs:160695:16
       |
160695 |         return (!mask);
       |                ^     ^
       |
help: remove these parentheses
       |
160695 -         return (!mask);
160695 +         return !mask;
       |

warning: unnecessary parentheses around `return` value
      --> src/tsl_cannonlake.rs:160721:16
       |
160721 |         return (!mask);
       |                ^     ^
       |
help: remove these parentheses
       |
160721 -         return (!mask);
160721 +         return !mask;
       |

warning: unnecessary parentheses around `return` value
      --> src/tsl_cannonlake.rs:160747:16
       |
160747 |         return (!mask);
       |                ^     ^
       |
help: remove these parentheses
       |
160747 -         return (!mask);
160747 +         return !mask;
       |

warning: unnecessary parentheses around `return` value
      --> src/tsl_cannonlake.rs:160831:16
       |
160831 |         return (!mask);
       |                ^     ^
       |
help: remove these parentheses
       |
160831 -         return (!mask);
160831 +         return !mask;
       |

warning: unnecessary parentheses around `return` value
      --> src/tsl_cannonlake.rs:160857:16
       |
160857 |         return (!mask);
       |                ^     ^
       |
help: remove these parentheses
       |
160857 -         return (!mask);
160857 +         return !mask;
       |

warning: unnecessary parentheses around `return` value
      --> src/tsl_cannonlake.rs:160883:16
       |
160883 |         return (!mask);
       |                ^     ^
       |
help: remove these parentheses
       |
160883 -         return (!mask);
160883 +         return !mask;
       |

warning: unnecessary parentheses around `return` value
      --> src/tsl_cannonlake.rs:160967:16
       |
160967 |         return (!mask);
       |                ^     ^
       |
help: remove these parentheses
       |
160967 -         return (!mask);
160967 +         return !mask;
       |

warning: `tsl_generated` (lib test) generated 30 warnings (run `cargo fix --lib -p tsl_generated --tests` to apply 30 suggestions)
warning: `tsl_generated` (lib) generated 30 warnings (30 duplicates)
    Finished `test` profile [unoptimized + debuginfo] target(s) in 13.15s
     Running unittests src/lib.rs (rust/target/cannonlake/debug/deps/tsl_generated-8c964b32cffc5597)
     Running tests/smoke.rs (rust/target/cannonlake/debug/deps/smoke-d49904835d21c2bd)
     Running tests/values.rs (rust/target/cannonlake/debug/deps/values-2fbe5f2c72cf9c31)
error: test failed, to rerun pass `--test values`

Caused by:
  process didn't exit successfully: `/workspace/tslctmp/ci-generated/rust/target/cannonlake/debug/deps/values-2fbe5f2c72cf9c31` (signal: 4, SIGILL: illegal instruction)
[test-output] rust cascadelake: cargo test --manifest-path /workspace/tslctmp/ci-generated/rust/Cargo.toml --no-default-features --features cascadelake,value_tests --target-dir /workspace/tslctmp/ci-generated/rust/target/cascadelake
[stdout]
running 0 tests

test result: ok. 0 passed; 0 failed; 0 ignored; 0 measured; 0 filtered out; finished in 0.00s


running 1 test
test smoke ... ok

test result: ok. 1 passed; 0 failed; 0 ignored; 0 measured; 0 filtered out; finished in 0.00s


running 1293 tests
test cascadelake_values::test_add_f32_basic ... ok
test cascadelake_values::test_add_f32_edge ... ok
test cascadelake_values::test_add_f64_basic ... ok
test cascadelake_values::test_add_f64_edge ... ok
test cascadelake_values::test_add_si16_basic ... ok
test cascadelake_values::test_add_si16_edge ... ok
test cascadelake_values::test_add_si32_basic ... ok
test cascadelake_values::test_add_si32_edge ... ok
test cascadelake_values::test_add_si32_mask_basic ... ok
test cascadelake_values::test_add_si32_mask_all ... ok
test cascadelake_values::test_add_si32_mask_zero ... ok
test cascadelake_values::test_add_si32_maskz_all ... ok
test cascadelake_values::test_add_si32_maskz_basic ... ok
test cascadelake_values::test_add_si64_basic ... ok
test cascadelake_values::test_add_si32_maskz_zero ... ok
test cascadelake_values::test_add_si64_edge ... ok
test cascadelake_values::test_add_si8_basic ... ok
test cascadelake_values::test_add_si8_edge ... ok
test cascadelake_values::test_add_ui16_basic ... ok
test cascadelake_values::test_add_ui16_edge ... ok
test cascadelake_values::test_add_ui32_basic ... ok
test cascadelake_values::test_add_ui32_edge ... ok
test cascadelake_values::test_add_ui64_basic ... ok
test cascadelake_values::test_add_ui64_edge ... ok
test cascadelake_values::test_add_ui8_basic ... ok
test cascadelake_values::test_add_ui8_edge ... ok
test cascadelake_values::test_add_ui8_mask_all ... ok
test cascadelake_values::test_add_ui8_mask_basic ... ok
test cascadelake_values::test_add_ui8_mask_zero ... ok
test cascadelake_values::test_add_ui8_maskz_all ... ok
test cascadelake_values::test_add_ui8_maskz_basic ... ok
test cascadelake_values::test_add_ui8_maskz_zero ... ok
test cascadelake_values::test_allocate_aligned_ptr_u8_large ... ok
test cascadelake_values::test_allocate_aligned_ptr_u8_basic ... ok
test cascadelake_values::test_allocate_aligned_ptr_u8_small ... ok
test cascadelake_values::test_allocate_aligned_ptr_u8_stress ... ok
test cascadelake_values::test_allocate_aligned_ptr_u8_value16 ... ok
test cascadelake_values::test_allocate_aligned_ptr_u8_value64 ... ok
test cascadelake_values::test_allocate_ptr_u8_basic ... ok
test cascadelake_values::test_allocate_aligned_ptr_u8_zero ... ok
test cascadelake_values::test_allocate_ptr_u8_large ... ok
test cascadelake_values::test_allocate_ptr_u8_small ... ok
test cascadelake_values::test_allocate_ptr_u8_unaligned_value33 ... ok
test cascadelake_values::test_allocate_ptr_u8_unaligned_value65 ... ok
test cascadelake_values::test_between_exclusive_f32_basic ... ok
test cascadelake_values::test_between_exclusive_f32_mask_basic ... ok
test cascadelake_values::test_between_exclusive_f32_mask_nan_edge ... ok
test cascadelake_values::test_between_exclusive_f32_nan_edge ... ok
test cascadelake_values::test_between_exclusive_si32_mask_mixed ... ok
test cascadelake_values::test_between_exclusive_si32_mixed ... ok
test cascadelake_values::test_between_exclusive_ui32_basic ... ok
test cascadelake_values::test_between_exclusive_ui32_mask_basic ... ok
test cascadelake_values::test_between_inclusive_f32_basic ... ok
test cascadelake_values::test_between_inclusive_f32_between_inclusive_mask_basic ... ok
test cascadelake_values::test_between_inclusive_f32_between_inclusive_mask_nan_edge ... ok
test cascadelake_values::test_between_inclusive_f32_nan_edge ... ok
test cascadelake_values::test_between_inclusive_si32_between_inclusive_mask_mixed ... ok
test cascadelake_values::test_between_inclusive_si32_mixed ... ok
test cascadelake_values::test_between_inclusive_ui32_basic ... ok
test cascadelake_values::test_between_inclusive_ui32_between_inclusive_mask_basic ... ok
test cascadelake_values::test_between_left_inclusive_f32_basic ... ok
test cascadelake_values::test_between_left_inclusive_f32_between_left_inclusive_mask_nan_edge ... ok
test cascadelake_values::test_between_left_inclusive_f32_between_left_inclusive_mask_basic ... ok
test cascadelake_values::test_between_left_inclusive_f32_nan_edge ... ok
test cascadelake_values::test_between_left_inclusive_si32_between_left_inclusive_mask_mixed ... ok
test cascadelake_values::test_between_left_inclusive_ui32_basic ... ok
test cascadelake_values::test_between_left_inclusive_si32_mixed ... ok
test cascadelake_values::test_between_left_inclusive_ui32_between_left_inclusive_mask_basic ... ok
test cascadelake_values::test_between_right_inclusive_f32_basic ... ok
test cascadelake_values::test_between_right_inclusive_f32_between_right_inclusive_mask_basic ... ok
test cascadelake_values::test_between_right_inclusive_f32_between_right_inclusive_mask_nan_edge ... ok
test cascadelake_values::test_between_right_inclusive_f32_nan_edge ... ok
test cascadelake_values::test_between_right_inclusive_si32_between_right_inclusive_mask_mixed ... ok
test cascadelake_values::test_between_right_inclusive_si32_mixed ... ok
test cascadelake_values::test_between_right_inclusive_ui32_basic ... ok
test cascadelake_values::test_between_right_inclusive_ui32_between_right_inclusive_mask_basic ... ok
test cascadelake_values::test_binary_and_f32_basic ... ok
test cascadelake_values::test_binary_and_f32_edge ... ok
test cascadelake_values::test_binary_and_f64_basic ... ok
test cascadelake_values::test_binary_and_f64_edge ... ok
test cascadelake_values::test_binary_and_si16_basic ... ok
test cascadelake_values::test_binary_and_si16_edge ... ok
test cascadelake_values::test_binary_and_si32_basic ... ok
test cascadelake_values::test_binary_and_si32_edge ... ok
test cascadelake_values::test_binary_and_si64_basic ... ok
test cascadelake_values::test_binary_and_si64_edge ... ok
test cascadelake_values::test_binary_and_si8_basic ... ok
test cascadelake_values::test_binary_and_si8_edge ... ok
test cascadelake_values::test_binary_and_ui16_basic ... ok
test cascadelake_values::test_binary_and_ui16_edge ... ok
test cascadelake_values::test_binary_and_ui32_basic ... ok
test cascadelake_values::test_binary_and_ui32_binary_and_mask_basic ... ok
test cascadelake_values::test_binary_and_ui32_binary_and_maskz_basic ... ok
test cascadelake_values::test_binary_and_ui32_edge ... ok
test cascadelake_values::test_binary_and_ui64_basic ... ok
test cascadelake_values::test_binary_and_ui64_edge ... ok
test cascadelake_values::test_binary_and_ui8_basic ... ok
test cascadelake_values::test_binary_and_ui8_edge ... ok
test cascadelake_values::test_binary_andnot_f32_basic ... ok
test cascadelake_values::test_binary_andnot_f64_basic ... ok
test cascadelake_values::test_binary_andnot_si32_basic ... ok
test cascadelake_values::test_binary_andnot_si32_edge ... ok
test cascadelake_values::test_binary_andnot_ui32_basic ... ok
test cascadelake_values::test_binary_andnot_ui32_binary_andnot_mask_basic ... ok
test cascadelake_values::test_binary_andnot_ui32_binary_andnot_maskz_basic ... ok
test cascadelake_values::test_binary_andnot_ui32_edge ... ok
test cascadelake_values::test_binary_or_f32_basic ... ok
test cascadelake_values::test_binary_or_f32_edge ... ok
test cascadelake_values::test_binary_or_f64_basic ... ok
test cascadelake_values::test_binary_or_f64_edge ... ok
test cascadelake_values::test_binary_or_si16_basic ... ok
test cascadelake_values::test_binary_or_si16_edge ... ok
test cascadelake_values::test_binary_or_si32_edge ... ok
test cascadelake_values::test_binary_or_si32_basic ... ok
test cascadelake_values::test_binary_or_si64_basic ... ok
test cascadelake_values::test_binary_or_si64_edge ... ok
test cascadelake_values::test_binary_or_si8_basic ... ok
test cascadelake_values::test_binary_or_si8_edge ... ok
test cascadelake_values::test_binary_or_ui16_basic ... ok
test cascadelake_values::test_binary_or_ui16_edge ... ok
test cascadelake_values::test_binary_or_ui32_basic ... ok
test cascadelake_values::test_binary_or_ui32_binary_or_mask_basic ... ok
test cascadelake_values::test_binary_or_ui32_binary_or_maskz_basic ... ok
test cascadelake_values::test_binary_or_ui32_edge ... ok
test cascadelake_values::test_binary_or_ui64_basic ... ok
test cascadelake_values::test_binary_or_ui64_edge ... ok
test cascadelake_values::test_binary_or_ui8_basic ... ok
test cascadelake_values::test_binary_or_ui8_edge ... ok
test cascadelake_values::test_binary_xor_f32_basic ... ok
test cascadelake_values::test_binary_xor_f32_edge ... ok
test cascadelake_values::test_binary_xor_f64_basic ... ok
test cascadelake_values::test_binary_xor_f64_edge ... ok
test cascadelake_values::test_binary_xor_si16_basic ... ok
test cascadelake_values::test_binary_xor_si16_edge ... ok
test cascadelake_values::test_binary_xor_si32_basic ... ok
test cascadelake_values::test_binary_xor_si32_edge ... ok
test cascadelake_values::test_binary_xor_si64_basic ... ok
test cascadelake_values::test_binary_xor_si64_edge ... ok
test cascadelake_values::test_binary_xor_si8_basic ... ok
test cascadelake_values::test_binary_xor_si8_edge ... ok
test cascadelake_values::test_binary_xor_ui16_basic ... ok
test cascadelake_values::test_binary_xor_ui16_edge ... ok
test cascadelake_values::test_binary_xor_ui32_basic ... ok
test cascadelake_values::test_binary_xor_ui32_binary_xor_mask_basic ... ok
test cascadelake_values::test_binary_xor_ui32_binary_xor_maskz_basic ... ok
test cascadelake_values::test_binary_xor_ui32_edge ... ok
test cascadelake_values::test_binary_xor_ui64_basic ... ok
test cascadelake_values::test_binary_xor_ui64_edge ... ok
test cascadelake_values::test_binary_xor_ui8_basic ... ok
test cascadelake_values::test_binary_xor_ui8_edge ... ok
test cascadelake_values::test_blend_add_si16_blend_add_basic ... ok
test cascadelake_values::test_blend_add_si16_blend_add_edge ... ok
test cascadelake_values::test_blend_add_si32_blend_add_basic ... ok
test cascadelake_values::test_blend_add_si32_blend_add_edge ... ok
test cascadelake_values::test_blend_add_si64_blend_add_basic ... ok
test cascadelake_values::test_blend_add_si64_blend_add_edge ... ok
test cascadelake_values::test_blend_add_si8_blend_add_basic ... ok
test cascadelake_values::test_blend_add_si8_blend_add_edge ... ok
test cascadelake_values::test_blend_add_ui16_blend_add_basic ... ok
test cascadelake_values::test_blend_add_ui16_blend_add_edge ... ok
test cascadelake_values::test_blend_add_ui32_blend_add_basic ... ok
test cascadelake_values::test_blend_add_ui32_blend_add_edge ... ok
test cascadelake_values::test_blend_add_ui64_blend_add_basic ... ok
test cascadelake_values::test_blend_add_ui64_blend_add_edge ... ok
test cascadelake_values::test_blend_add_ui8_blend_add_basic ... ok
test cascadelake_values::test_blend_add_ui8_blend_add_edge ... ok
test cascadelake_values::test_blend_f32_basic ... ok
test cascadelake_values::test_blend_f32_edge ... ok
test cascadelake_values::test_blend_f64_basic ... ok
test cascadelake_values::test_blend_f64_edge ... ok
test cascadelake_values::test_blend_si16_basic ... ok
test cascadelake_values::test_blend_si16_edge ... ok
test cascadelake_values::test_blend_si32_basic ... ok
test cascadelake_values::test_blend_si32_edge ... ok
test cascadelake_values::test_blend_si64_basic ... ok
test cascadelake_values::test_blend_si64_edge ... ok
test cascadelake_values::test_blend_si8_basic ... ok
test cascadelake_values::test_blend_si8_edge ... ok
test cascadelake_values::test_blend_ui16_basic ... ok
test cascadelake_values::test_blend_ui16_edge ... ok
test cascadelake_values::test_blend_ui32_basic ... ok
test cascadelake_values::test_blend_ui64_basic ... ok
test cascadelake_values::test_blend_ui32_edge ... ok
test cascadelake_values::test_blend_ui64_edge ... ok
test cascadelake_values::test_blend_ui8_basic ... ok
test cascadelake_values::test_blend_ui8_edge ... ok
test cascadelake_values::test_cast_f32_to_f32_edge ... ok
test cascadelake_values::test_cast_f32_to_f32_basic ... ok
[stderr]
Compiling tsl_generated v0.1.0 (/workspace/tslctmp/ci-generated/rust)
warning: unnecessary parentheses around `return` value
      --> src/tsl_cascadelake.rs:159633:16
       |
159633 |         return (!mask);
       |                ^     ^
       |
       = note: `#[warn(unused_parens)]` (part of `#[warn(unused)]`) on by default
help: remove these parentheses
       |
159633 -         return (!mask);
159633 +         return !mask;
       |

warning: unnecessary parentheses around `return` value
      --> src/tsl_cascadelake.rs:159659:16
       |
159659 |         return (!mask);
       |                ^     ^
       |
help: remove these parentheses
       |
159659 -         return (!mask);
159659 +         return !mask;
       |

warning: unnecessary parentheses around `return` value
      --> src/tsl_cascadelake.rs:159743:16
       |
159743 |         return (!mask);
       |                ^     ^
       |
help: remove these parentheses
       |
159743 -         return (!mask);
159743 +         return !mask;
       |

warning: unnecessary parentheses around `return` value
      --> src/tsl_cascadelake.rs:159769:16
       |
159769 |         return (!mask);
       |                ^     ^
       |
help: remove these parentheses
       |
159769 -         return (!mask);
159769 +         return !mask;
       |

warning: unnecessary parentheses around `return` value
      --> src/tsl_cascadelake.rs:159795:16
       |
159795 |         return (!mask);
       |                ^     ^
       |
help: remove these parentheses
       |
159795 -         return (!mask);
159795 +         return !mask;
       |

warning: unnecessary parentheses around `return` value
      --> src/tsl_cascadelake.rs:159879:16
       |
159879 |         return (!mask);
       |                ^     ^
       |
help: remove these parentheses
       |
159879 -         return (!mask);
159879 +         return !mask;
       |

warning: unnecessary parentheses around `return` value
      --> src/tsl_cascadelake.rs:159905:16
       |
159905 |         return (!mask);
       |                ^     ^
       |
help: remove these parentheses
       |
159905 -         return (!mask);
159905 +         return !mask;
       |

warning: unnecessary parentheses around `return` value
      --> src/tsl_cascadelake.rs:159931:16
       |
159931 |         return (!mask);
       |                ^     ^
       |
help: remove these parentheses
       |
159931 -         return (!mask);
159931 +         return !mask;
       |

warning: unnecessary parentheses around `return` value
      --> src/tsl_cascadelake.rs:160015:16
       |
160015 |         return (!mask);
       |                ^     ^
       |
help: remove these parentheses
       |
160015 -         return (!mask);
160015 +         return !mask;
       |

warning: unnecessary parentheses around `return` value
      --> src/tsl_cascadelake.rs:160041:16
       |
160041 |         return (!mask);
       |                ^     ^
       |
help: remove these parentheses
       |
160041 -         return (!mask);
160041 +         return !mask;
       |

warning: unnecessary parentheses around `return` value
      --> src/tsl_cascadelake.rs:160067:16
       |
160067 |         return (!mask);
       |                ^     ^
       |
help: remove these parentheses
       |
160067 -         return (!mask);
160067 +         return !mask;
       |

warning: unnecessary parentheses around `return` value
      --> src/tsl_cascadelake.rs:160151:16
       |
160151 |         return (!mask);
       |                ^     ^
       |
help: remove these parentheses
       |
160151 -         return (!mask);
160151 +         return !mask;
       |

warning: unnecessary parentheses around `return` value
      --> src/tsl_cascadelake.rs:160177:16
       |
160177 |         return (!mask);
       |                ^     ^
       |
help: remove these parentheses
       |
160177 -         return (!mask);
160177 +         return !mask;
       |

warning: unnecessary parentheses around `return` value
      --> src/tsl_cascadelake.rs:160203:16
       |
160203 |         return (!mask);
       |                ^     ^
       |
help: remove these parentheses
       |
160203 -         return (!mask);
160203 +         return !mask;
       |

warning: unnecessary parentheses around `return` value
      --> src/tsl_cascadelake.rs:160287:16
       |
160287 |         return (!mask);
       |                ^     ^
       |
help: remove these parentheses
       |
160287 -         return (!mask);
160287 +         return !mask;
       |

warning: unnecessary parentheses around `return` value
      --> src/tsl_cascadelake.rs:160313:16
       |
160313 |         return (!mask);
       |                ^     ^
       |
help: remove these parentheses
       |
160313 -         return (!mask);
160313 +         return !mask;
       |

warning: unnecessary parentheses around `return` value
      --> src/tsl_cascadelake.rs:160339:16
       |
160339 |         return (!mask);
       |                ^     ^
       |
help: remove these parentheses
       |
160339 -         return (!mask);
160339 +         return !mask;
       |

warning: unnecessary parentheses around `return` value
      --> src/tsl_cascadelake.rs:160423:16
       |
160423 |         return (!mask);
       |                ^     ^
       |
help: remove these parentheses
       |
160423 -         return (!mask);
160423 +         return !mask;
       |

warning: unnecessary parentheses around `return` value
      --> src/tsl_cascadelake.rs:160449:16
       |
160449 |         return (!mask);
       |                ^     ^
       |
help: remove these parentheses
       |
160449 -         return (!mask);
160449 +         return !mask;
       |

warning: unnecessary parentheses around `return` value
      --> src/tsl_cascadelake.rs:160475:16
       |
160475 |         return (!mask);
       |                ^     ^
       |
help: remove these parentheses
       |
160475 -         return (!mask);
160475 +         return !mask;
       |

warning: unnecessary parentheses around `return` value
      --> src/tsl_cascadelake.rs:160559:16
       |
160559 |         return (!mask);
       |                ^     ^
       |
help: remove these parentheses
       |
160559 -         return (!mask);
160559 +         return !mask;
       |

warning: unnecessary parentheses around `return` value
      --> src/tsl_cascadelake.rs:160585:16
       |
160585 |         return (!mask);
       |                ^     ^
       |
help: remove these parentheses
       |
160585 -         return (!mask);
160585 +         return !mask;
       |

warning: unnecessary parentheses around `return` value
      --> src/tsl_cascadelake.rs:160611:16
       |
160611 |         return (!mask);
       |                ^     ^
       |
help: remove these parentheses
       |
160611 -         return (!mask);
160611 +         return !mask;
       |

warning: unnecessary parentheses around `return` value
      --> src/tsl_cascadelake.rs:160695:16
       |
160695 |         return (!mask);
       |                ^     ^
       |
help: remove these parentheses
       |
160695 -         return (!mask);
160695 +         return !mask;
       |

warning: unnecessary parentheses around `return` value
      --> src/tsl_cascadelake.rs:160721:16
       |
160721 |         return (!mask);
       |                ^     ^
       |
help: remove these parentheses
       |
160721 -         return (!mask);
160721 +         return !mask;
       |

warning: unnecessary parentheses around `return` value
      --> src/tsl_cascadelake.rs:160747:16
       |
160747 |         return (!mask);
       |                ^     ^
       |
help: remove these parentheses
       |
160747 -         return (!mask);
160747 +         return !mask;
       |

warning: unnecessary parentheses around `return` value
      --> src/tsl_cascadelake.rs:160831:16
       |
160831 |         return (!mask);
       |                ^     ^
       |
help: remove these parentheses
       |
160831 -         return (!mask);
160831 +         return !mask;
       |

warning: unnecessary parentheses around `return` value
      --> src/tsl_cascadelake.rs:160857:16
       |
160857 |         return (!mask);
       |                ^     ^
       |
help: remove these parentheses
       |
160857 -         return (!mask);
160857 +         return !mask;
       |

warning: unnecessary parentheses around `return` value
      --> src/tsl_cascadelake.rs:160883:16
       |
160883 |         return (!mask);
       |                ^     ^
       |
help: remove these parentheses
       |
160883 -         return (!mask);
160883 +         return !mask;
       |

warning: unnecessary parentheses around `return` value
      --> src/tsl_cascadelake.rs:160967:16
       |
160967 |         return (!mask);
       |                ^     ^
       |
help: remove these parentheses
       |
160967 -         return (!mask);
160967 +         return !mask;
       |

warning: `tsl_generated` (lib test) generated 30 warnings (run `cargo fix --lib -p tsl_generated --tests` to apply 30 suggestions)
warning: `tsl_generated` (lib) generated 30 warnings (30 duplicates)
    Finished `test` profile [unoptimized + debuginfo] target(s) in 14.86s
     Running unittests src/lib.rs (rust/target/cascadelake/debug/deps/tsl_generated-5a654c03bba40586)
     Running tests/smoke.rs (rust/target/cascadelake/debug/deps/smoke-090d0fcdef867a23)
     Running tests/values.rs (rust/target/cascadelake/debug/deps/values-ea4d2bc9b8a5111e)
error: test failed, to rerun pass `--test values`

Caused by:
  process didn't exit successfully: `/workspace/tslctmp/ci-generated/rust/target/cascadelake/debug/deps/values-ea4d2bc9b8a5111e` (signal: 4, SIGILL: illegal instruction)
[test-output] rust cooperlake: cargo test --manifest-path /workspace/tslctmp/ci-generated/rust/Cargo.toml --no-default-features --features cooperlake,value_tests --target-dir /workspace/tslctmp/ci-generated/rust/target/cooperlake
[stdout]
running 0 tests

test result: ok. 0 passed; 0 failed; 0 ignored; 0 measured; 0 filtered out; finished in 0.00s


running 1 test
test smoke ... ok

test result: ok. 1 passed; 0 failed; 0 ignored; 0 measured; 0 filtered out; finished in 0.00s


running 1293 tests
test cooperlake_values::test_add_f32_basic ... ok
test cooperlake_values::test_add_f32_edge ... ok
test cooperlake_values::test_add_f64_basic ... ok
test cooperlake_values::test_add_f64_edge ... ok
test cooperlake_values::test_add_si16_edge ... ok
test cooperlake_values::test_add_si16_basic ... ok
test cooperlake_values::test_add_si32_basic ... ok
test cooperlake_values::test_add_si32_edge ... ok
test cooperlake_values::test_add_si32_mask_all ... ok
test cooperlake_values::test_add_si32_mask_basic ... ok
test cooperlake_values::test_add_si32_mask_zero ... ok
test cooperlake_values::test_add_si32_maskz_all ... ok
test cooperlake_values::test_add_si32_maskz_zero ... ok
test cooperlake_values::test_add_si32_maskz_basic ... ok
test cooperlake_values::test_add_si64_basic ... ok
test cooperlake_values::test_add_si64_edge ... ok
test cooperlake_values::test_add_si8_basic ... ok
test cooperlake_values::test_add_si8_edge ... ok
test cooperlake_values::test_add_ui16_basic ... ok
test cooperlake_values::test_add_ui16_edge ... ok
test cooperlake_values::test_add_ui32_basic ... ok
test cooperlake_values::test_add_ui32_edge ... ok
test cooperlake_values::test_add_ui64_basic ... ok
test cooperlake_values::test_add_ui8_basic ... ok
test cooperlake_values::test_add_ui64_edge ... ok
test cooperlake_values::test_add_ui8_edge ... ok
test cooperlake_values::test_add_ui8_mask_all ... ok
test cooperlake_values::test_add_ui8_mask_basic ... ok
test cooperlake_values::test_add_ui8_mask_zero ... ok
test cooperlake_values::test_add_ui8_maskz_all ... ok
test cooperlake_values::test_add_ui8_maskz_zero ... ok
test cooperlake_values::test_add_ui8_maskz_basic ... ok
test cooperlake_values::test_allocate_aligned_ptr_u8_basic ... ok
test cooperlake_values::test_allocate_aligned_ptr_u8_large ... ok
test cooperlake_values::test_allocate_aligned_ptr_u8_small ... ok
test cooperlake_values::test_allocate_aligned_ptr_u8_stress ... ok
test cooperlake_values::test_allocate_aligned_ptr_u8_value16 ... ok
test cooperlake_values::test_allocate_aligned_ptr_u8_value64 ... ok
test cooperlake_values::test_allocate_aligned_ptr_u8_zero ... ok
test cooperlake_values::test_allocate_ptr_u8_basic ... ok
test cooperlake_values::test_allocate_ptr_u8_large ... ok
test cooperlake_values::test_allocate_ptr_u8_small ... ok
test cooperlake_values::test_allocate_ptr_u8_unaligned_value33 ... ok
test cooperlake_values::test_allocate_ptr_u8_unaligned_value65 ... ok
test cooperlake_values::test_between_exclusive_f32_basic ... ok
test cooperlake_values::test_between_exclusive_f32_mask_basic ... ok
test cooperlake_values::test_between_exclusive_f32_mask_nan_edge ... ok
test cooperlake_values::test_between_exclusive_f32_nan_edge ... ok
test cooperlake_values::test_between_exclusive_si32_mixed ... ok
test cooperlake_values::test_between_exclusive_si32_mask_mixed ... ok
test cooperlake_values::test_between_exclusive_ui32_basic ... ok
test cooperlake_values::test_between_exclusive_ui32_mask_basic ... ok
test cooperlake_values::test_between_inclusive_f32_basic ... ok
test cooperlake_values::test_between_inclusive_f32_between_inclusive_mask_basic ... ok
test cooperlake_values::test_between_inclusive_f32_between_inclusive_mask_nan_edge ... ok
test cooperlake_values::test_between_inclusive_f32_nan_edge ... ok
test cooperlake_values::test_between_inclusive_si32_mixed ... ok
test cooperlake_values::test_between_inclusive_si32_between_inclusive_mask_mixed ... ok
test cooperlake_values::test_between_inclusive_ui32_basic ... ok
test cooperlake_values::test_between_inclusive_ui32_between_inclusive_mask_basic ... ok
test cooperlake_values::test_between_left_inclusive_f32_basic ... ok
test cooperlake_values::test_between_left_inclusive_f32_between_left_inclusive_mask_basic ... ok
test cooperlake_values::test_between_left_inclusive_f32_between_left_inclusive_mask_nan_edge ... ok
test cooperlake_values::test_between_left_inclusive_f32_nan_edge ... ok
test cooperlake_values::test_between_left_inclusive_si32_between_left_inclusive_mask_mixed ... ok
test cooperlake_values::test_between_left_inclusive_ui32_basic ... ok
test cooperlake_values::test_between_left_inclusive_si32_mixed ... ok
test cooperlake_values::test_between_left_inclusive_ui32_between_left_inclusive_mask_basic ... ok
test cooperlake_values::test_between_right_inclusive_f32_basic ... ok
test cooperlake_values::test_between_right_inclusive_f32_between_right_inclusive_mask_basic ... ok
test cooperlake_values::test_between_right_inclusive_f32_between_right_inclusive_mask_nan_edge ... ok
test cooperlake_values::test_between_right_inclusive_si32_between_right_inclusive_mask_mixed ... ok
test cooperlake_values::test_between_right_inclusive_si32_mixed ... ok
test cooperlake_values::test_between_right_inclusive_ui32_basic ... ok
test cooperlake_values::test_between_right_inclusive_f32_nan_edge ... ok
test cooperlake_values::test_between_right_inclusive_ui32_between_right_inclusive_mask_basic ... ok
test cooperlake_values::test_binary_and_f32_basic ... ok
test cooperlake_values::test_binary_and_f32_edge ... ok
test cooperlake_values::test_binary_and_f64_basic ... ok
test cooperlake_values::test_binary_and_f64_edge ... ok
test cooperlake_values::test_binary_and_si16_edge ... ok
test cooperlake_values::test_binary_and_si16_basic ... ok
test cooperlake_values::test_binary_and_si32_basic ... ok
test cooperlake_values::test_binary_and_si32_edge ... ok
test cooperlake_values::test_binary_and_si64_basic ... ok
test cooperlake_values::test_binary_and_si64_edge ... ok
test cooperlake_values::test_binary_and_si8_basic ... ok
test cooperlake_values::test_binary_and_si8_edge ... ok
test cooperlake_values::test_binary_and_ui16_basic ... ok
test cooperlake_values::test_binary_and_ui16_edge ... ok
test cooperlake_values::test_binary_and_ui32_basic ... ok
test cooperlake_values::test_binary_and_ui32_binary_and_mask_basic ... ok
test cooperlake_values::test_binary_and_ui32_binary_and_maskz_basic ... ok
test cooperlake_values::test_binary_and_ui32_edge ... ok
test cooperlake_values::test_binary_and_ui64_basic ... ok
test cooperlake_values::test_binary_and_ui64_edge ... ok
test cooperlake_values::test_binary_and_ui8_basic ... ok
test cooperlake_values::test_binary_and_ui8_edge ... ok
test cooperlake_values::test_binary_andnot_f32_basic ... ok
test cooperlake_values::test_binary_andnot_f64_basic ... ok
test cooperlake_values::test_binary_andnot_si32_basic ... ok
test cooperlake_values::test_binary_andnot_ui32_basic ... ok
test cooperlake_values::test_binary_andnot_si32_edge ... ok
test cooperlake_values::test_binary_andnot_ui32_binary_andnot_mask_basic ... ok
test cooperlake_values::test_binary_andnot_ui32_binary_andnot_maskz_basic ... ok
test cooperlake_values::test_binary_andnot_ui32_edge ... ok
test cooperlake_values::test_binary_or_f32_basic ... ok
test cooperlake_values::test_binary_or_f32_edge ... ok
test cooperlake_values::test_binary_or_f64_basic ... ok
test cooperlake_values::test_binary_or_f64_edge ... ok
test cooperlake_values::test_binary_or_si16_basic ... ok
test cooperlake_values::test_binary_or_si16_edge ... ok
test cooperlake_values::test_binary_or_si32_basic ... ok
test cooperlake_values::test_binary_or_si32_edge ... ok
test cooperlake_values::test_binary_or_si64_basic ... ok
test cooperlake_values::test_binary_or_si64_edge ... ok
test cooperlake_values::test_binary_or_si8_basic ... ok
test cooperlake_values::test_binary_or_si8_edge ... ok
test cooperlake_values::test_binary_or_ui16_basic ... ok
test cooperlake_values::test_binary_or_ui16_edge ... ok
test cooperlake_values::test_binary_or_ui32_basic ... ok
test cooperlake_values::test_binary_or_ui32_binary_or_mask_basic ... ok
test cooperlake_values::test_binary_or_ui32_binary_or_maskz_basic ... ok
test cooperlake_values::test_binary_or_ui64_basic ... ok
test cooperlake_values::test_binary_or_ui32_edge ... ok
test cooperlake_values::test_binary_or_ui64_edge ... ok
test cooperlake_values::test_binary_or_ui8_basic ... ok
test cooperlake_values::test_binary_or_ui8_edge ... ok
test cooperlake_values::test_binary_xor_f32_edge ... ok
test cooperlake_values::test_binary_xor_f32_basic ... ok
test cooperlake_values::test_binary_xor_f64_basic ... ok
test cooperlake_values::test_binary_xor_f64_edge ... ok
test cooperlake_values::test_binary_xor_si16_basic ... ok
test cooperlake_values::test_binary_xor_si32_basic ... ok
test cooperlake_values::test_binary_xor_si16_edge ... ok
test cooperlake_values::test_binary_xor_si32_edge ... ok
test cooperlake_values::test_binary_xor_si64_basic ... ok
test cooperlake_values::test_binary_xor_si64_edge ... ok
test cooperlake_values::test_binary_xor_si8_basic ... ok
test cooperlake_values::test_binary_xor_si8_edge ... ok
test cooperlake_values::test_binary_xor_ui16_basic ... ok
test cooperlake_values::test_binary_xor_ui16_edge ... ok
test cooperlake_values::test_binary_xor_ui32_basic ... ok
test cooperlake_values::test_binary_xor_ui32_binary_xor_mask_basic ... ok
test cooperlake_values::test_binary_xor_ui32_binary_xor_maskz_basic ... ok
test cooperlake_values::test_binary_xor_ui64_basic ... ok
test cooperlake_values::test_binary_xor_ui32_edge ... ok
test cooperlake_values::test_binary_xor_ui64_edge ... ok
test cooperlake_values::test_binary_xor_ui8_basic ... ok
test cooperlake_values::test_binary_xor_ui8_edge ... ok
test cooperlake_values::test_blend_add_si16_blend_add_basic ... ok
test cooperlake_values::test_blend_add_si16_blend_add_edge ... ok
test cooperlake_values::test_blend_add_si32_blend_add_basic ... ok
test cooperlake_values::test_blend_add_si32_blend_add_edge ... ok
test cooperlake_values::test_blend_add_si64_blend_add_basic ... ok
test cooperlake_values::test_blend_add_si64_blend_add_edge ... ok
test cooperlake_values::test_blend_add_si8_blend_add_basic ... ok
test cooperlake_values::test_blend_add_si8_blend_add_edge ... ok
test cooperlake_values::test_blend_add_ui16_blend_add_edge ... ok
test cooperlake_values::test_blend_add_ui16_blend_add_basic ... ok
test cooperlake_values::test_blend_add_ui32_blend_add_basic ... ok
test cooperlake_values::test_blend_add_ui32_blend_add_edge ... ok
test cooperlake_values::test_blend_add_ui64_blend_add_basic ... ok
test cooperlake_values::test_blend_add_ui64_blend_add_edge ... ok
test cooperlake_values::test_blend_add_ui8_blend_add_basic ... ok
test cooperlake_values::test_blend_add_ui8_blend_add_edge ... ok
test cooperlake_values::test_blend_f32_basic ... ok
test cooperlake_values::test_blend_f32_edge ... ok
test cooperlake_values::test_blend_f64_basic ... ok
test cooperlake_values::test_blend_f64_edge ... ok
test cooperlake_values::test_blend_si16_basic ... ok
test cooperlake_values::test_blend_si16_edge ... ok
test cooperlake_values::test_blend_si32_basic ... ok
test cooperlake_values::test_blend_si32_edge ... ok
test cooperlake_values::test_blend_si64_edge ... ok
test cooperlake_values::test_blend_si64_basic ... ok
test cooperlake_values::test_blend_si8_basic ... ok
test cooperlake_values::test_blend_si8_edge ... ok
test cooperlake_values::test_blend_ui16_basic ... ok
test cooperlake_values::test_blend_ui32_basic ... ok
test cooperlake_values::test_blend_ui16_edge ... ok
test cooperlake_values::test_blend_ui32_edge ... ok
test cooperlake_values::test_blend_ui64_basic ... ok
test cooperlake_values::test_blend_ui64_edge ... ok
test cooperlake_values::test_blend_ui8_basic ... ok
test cooperlake_values::test_blend_ui8_edge ... ok
test cooperlake_values::test_cast_f32_to_f32_basic ... ok
test cooperlake_values::test_cast_f32_to_f32_edge ... ok
test cooperlake_values::test_cast_f64_avx2_to_si32_basic_bits256 ... ok
[stderr]
Compiling tsl_generated v0.1.0 (/workspace/tslctmp/ci-generated/rust)
warning: unnecessary parentheses around `return` value
      --> src/tsl_cooperlake.rs:159633:16
       |
159633 |         return (!mask);
       |                ^     ^
       |
       = note: `#[warn(unused_parens)]` (part of `#[warn(unused)]`) on by default
help: remove these parentheses
       |
159633 -         return (!mask);
159633 +         return !mask;
       |

warning: unnecessary parentheses around `return` value
      --> src/tsl_cooperlake.rs:159659:16
       |
159659 |         return (!mask);
       |                ^     ^
       |
help: remove these parentheses
       |
159659 -         return (!mask);
159659 +         return !mask;
       |

warning: unnecessary parentheses around `return` value
      --> src/tsl_cooperlake.rs:159743:16
       |
159743 |         return (!mask);
       |                ^     ^
       |
help: remove these parentheses
       |
159743 -         return (!mask);
159743 +         return !mask;
       |

warning: unnecessary parentheses around `return` value
      --> src/tsl_cooperlake.rs:159769:16
       |
159769 |         return (!mask);
       |                ^     ^
       |
help: remove these parentheses
       |
159769 -         return (!mask);
159769 +         return !mask;
       |

warning: unnecessary parentheses around `return` value
      --> src/tsl_cooperlake.rs:159795:16
       |
159795 |         return (!mask);
       |                ^     ^
       |
help: remove these parentheses
       |
159795 -         return (!mask);
159795 +         return !mask;
       |

warning: unnecessary parentheses around `return` value
      --> src/tsl_cooperlake.rs:159879:16
       |
159879 |         return (!mask);
       |                ^     ^
       |
help: remove these parentheses
       |
159879 -         return (!mask);
159879 +         return !mask;
       |

warning: unnecessary parentheses around `return` value
      --> src/tsl_cooperlake.rs:159905:16
       |
159905 |         return (!mask);
       |                ^     ^
       |
help: remove these parentheses
       |
159905 -         return (!mask);
159905 +         return !mask;
       |

warning: unnecessary parentheses around `return` value
      --> src/tsl_cooperlake.rs:159931:16
       |
159931 |         return (!mask);
       |                ^     ^
       |
help: remove these parentheses
       |
159931 -         return (!mask);
159931 +         return !mask;
       |

warning: unnecessary parentheses around `return` value
      --> src/tsl_cooperlake.rs:160015:16
       |
160015 |         return (!mask);
       |                ^     ^
       |
help: remove these parentheses
       |
160015 -         return (!mask);
160015 +         return !mask;
       |

warning: unnecessary parentheses around `return` value
      --> src/tsl_cooperlake.rs:160041:16
       |
160041 |         return (!mask);
       |                ^     ^
       |
help: remove these parentheses
       |
160041 -         return (!mask);
160041 +         return !mask;
       |

warning: unnecessary parentheses around `return` value
      --> src/tsl_cooperlake.rs:160067:16
       |
160067 |         return (!mask);
       |                ^     ^
       |
help: remove these parentheses
       |
160067 -         return (!mask);
160067 +         return !mask;
       |

warning: unnecessary parentheses around `return` value
      --> src/tsl_cooperlake.rs:160151:16
       |
160151 |         return (!mask);
       |                ^     ^
       |
help: remove these parentheses
       |
160151 -         return (!mask);
160151 +         return !mask;
       |

warning: unnecessary parentheses around `return` value
      --> src/tsl_cooperlake.rs:160177:16
       |
160177 |         return (!mask);
       |                ^     ^
       |
help: remove these parentheses
       |
160177 -         return (!mask);
160177 +         return !mask;
       |

warning: unnecessary parentheses around `return` value
      --> src/tsl_cooperlake.rs:160203:16
       |
160203 |         return (!mask);
       |                ^     ^
       |
help: remove these parentheses
       |
160203 -         return (!mask);
160203 +         return !mask;
       |

warning: unnecessary parentheses around `return` value
      --> src/tsl_cooperlake.rs:160287:16
       |
160287 |         return (!mask);
       |                ^     ^
       |
help: remove these parentheses
       |
160287 -         return (!mask);
160287 +         return !mask;
       |

warning: unnecessary parentheses around `return` value
      --> src/tsl_cooperlake.rs:160313:16
       |
160313 |         return (!mask);
       |                ^     ^
       |
help: remove these parentheses
       |
160313 -         return (!mask);
160313 +         return !mask;
       |

warning: unnecessary parentheses around `return` value
      --> src/tsl_cooperlake.rs:160339:16
       |
160339 |         return (!mask);
       |                ^     ^
       |
help: remove these parentheses
       |
160339 -         return (!mask);
160339 +         return !mask;
       |

warning: unnecessary parentheses around `return` value
      --> src/tsl_cooperlake.rs:160423:16
       |
160423 |         return (!mask);
       |                ^     ^
       |
help: remove these parentheses
       |
160423 -         return (!mask);
160423 +         return !mask;
       |

warning: unnecessary parentheses around `return` value
      --> src/tsl_cooperlake.rs:160449:16
       |
160449 |         return (!mask);
       |                ^     ^
       |
help: remove these parentheses
       |
160449 -         return (!mask);
160449 +         return !mask;
       |

warning: unnecessary parentheses around `return` value
      --> src/tsl_cooperlake.rs:160475:16
       |
160475 |         return (!mask);
       |                ^     ^
       |
help: remove these parentheses
       |
160475 -         return (!mask);
160475 +         return !mask;
       |

warning: unnecessary parentheses around `return` value
      --> src/tsl_cooperlake.rs:160559:16
       |
160559 |         return (!mask);
       |                ^     ^
       |
help: remove these parentheses
       |
160559 -         return (!mask);
160559 +         return !mask;
       |

warning: unnecessary parentheses around `return` value
      --> src/tsl_cooperlake.rs:160585:16
       |
160585 |         return (!mask);
       |                ^     ^
       |
help: remove these parentheses
       |
160585 -         return (!mask);
160585 +         return !mask;
       |

warning: unnecessary parentheses around `return` value
      --> src/tsl_cooperlake.rs:160611:16
       |
160611 |         return (!mask);
       |                ^     ^
       |
help: remove these parentheses
       |
160611 -         return (!mask);
160611 +         return !mask;
       |

warning: unnecessary parentheses around `return` value
      --> src/tsl_cooperlake.rs:160695:16
       |
160695 |         return (!mask);
       |                ^     ^
       |
help: remove these parentheses
       |
160695 -         return (!mask);
160695 +         return !mask;
       |

warning: unnecessary parentheses around `return` value
      --> src/tsl_cooperlake.rs:160721:16
       |
160721 |         return (!mask);
       |                ^     ^
       |
help: remove these parentheses
       |
160721 -         return (!mask);
160721 +         return !mask;
       |

warning: unnecessary parentheses around `return` value
      --> src/tsl_cooperlake.rs:160747:16
       |
160747 |         return (!mask);
       |                ^     ^
       |
help: remove these parentheses
       |
160747 -         return (!mask);
160747 +         return !mask;
       |

warning: unnecessary parentheses around `return` value
      --> src/tsl_cooperlake.rs:160831:16
       |
160831 |         return (!mask);
       |                ^     ^
       |
help: remove these parentheses
       |
160831 -         return (!mask);
160831 +         return !mask;
       |

warning: unnecessary parentheses around `return` value
      --> src/tsl_cooperlake.rs:160857:16
       |
160857 |         return (!mask);
       |                ^     ^
       |
help: remove these parentheses
       |
160857 -         return (!mask);
160857 +         return !mask;
       |

warning: unnecessary parentheses around `return` value
      --> src/tsl_cooperlake.rs:160883:16
       |
160883 |         return (!mask);
       |                ^     ^
       |
help: remove these parentheses
       |
160883 -         return (!mask);
160883 +         return !mask;
       |

warning: unnecessary parentheses around `return` value
      --> src/tsl_cooperlake.rs:160967:16
       |
160967 |         return (!mask);
       |                ^     ^
       |
help: remove these parentheses
       |
160967 -         return (!mask);
160967 +         return !mask;
       |

warning: `tsl_generated` (lib test) generated 30 warnings (30 duplicates)
warning: `tsl_generated` (lib) generated 30 warnings (run `cargo fix --lib -p tsl_generated` to apply 30 suggestions)
    Finished `test` profile [unoptimized + debuginfo] target(s) in 14.58s
     Running unittests src/lib.rs (rust/target/cooperlake/debug/deps/tsl_generated-b64d8b5f387e7d1c)
     Running tests/smoke.rs (rust/target/cooperlake/debug/deps/smoke-6bd01a638fada790)
     Running tests/values.rs (rust/target/cooperlake/debug/deps/values-287073bafa28faf1)
error: test failed, to rerun pass `--test values`

Caused by:
  process didn't exit successfully: `/workspace/tslctmp/ci-generated/rust/target/cooperlake/debug/deps/values-287073bafa28faf1` (signal: 4, SIGILL: illegal instruction)
[test-output] rust icelake_rockerlake: cargo test --manifest-path /workspace/tslctmp/ci-generated/rust/Cargo.toml --no-default-features --features icelake_rockerlake,value_tests --target-dir /workspace/tslctmp/ci-generated/rust/target/icelake_rockerlake
[stdout]
running 0 tests

test result: ok. 0 passed; 0 failed; 0 ignored; 0 measured; 0 filtered out; finished in 0.00s


running 1 test
test smoke ... ok

test result: ok. 1 passed; 0 failed; 0 ignored; 0 measured; 0 filtered out; finished in 0.00s


running 1293 tests
test icelake_rockerlake_values::test_add_f32_basic ... ok
test icelake_rockerlake_values::test_add_f32_edge ... ok
test icelake_rockerlake_values::test_add_f64_basic ... ok
test icelake_rockerlake_values::test_add_f64_edge ... ok
test icelake_rockerlake_values::test_add_si16_basic ... ok
test icelake_rockerlake_values::test_add_si16_edge ... ok
test icelake_rockerlake_values::test_add_si32_basic ... ok
test icelake_rockerlake_values::test_add_si32_edge ... ok
test icelake_rockerlake_values::test_add_si32_mask_all ... ok
test icelake_rockerlake_values::test_add_si32_mask_basic ... ok
test icelake_rockerlake_values::test_add_si32_mask_zero ... ok
test icelake_rockerlake_values::test_add_si32_maskz_all ... ok
test icelake_rockerlake_values::test_add_si32_maskz_basic ... ok
test icelake_rockerlake_values::test_add_si32_maskz_zero ... ok
test icelake_rockerlake_values::test_add_si64_basic ... ok
test icelake_rockerlake_values::test_add_si64_edge ... ok
test icelake_rockerlake_values::test_add_si8_basic ... ok
test icelake_rockerlake_values::test_add_si8_edge ... ok
test icelake_rockerlake_values::test_add_ui16_basic ... ok
test icelake_rockerlake_values::test_add_ui16_edge ... ok
test icelake_rockerlake_values::test_add_ui32_basic ... ok
test icelake_rockerlake_values::test_add_ui64_basic ... ok
test icelake_rockerlake_values::test_add_ui32_edge ... ok
test icelake_rockerlake_values::test_add_ui64_edge ... ok
test icelake_rockerlake_values::test_add_ui8_basic ... ok
test icelake_rockerlake_values::test_add_ui8_edge ... ok
test icelake_rockerlake_values::test_add_ui8_mask_all ... ok
test icelake_rockerlake_values::test_add_ui8_mask_basic ... ok
test icelake_rockerlake_values::test_add_ui8_mask_zero ... ok
test icelake_rockerlake_values::test_add_ui8_maskz_all ... ok
test icelake_rockerlake_values::test_add_ui8_maskz_basic ... ok
test icelake_rockerlake_values::test_add_ui8_maskz_zero ... ok
test icelake_rockerlake_values::test_allocate_aligned_ptr_u8_large ... ok
test icelake_rockerlake_values::test_allocate_aligned_ptr_u8_basic ... ok
test icelake_rockerlake_values::test_allocate_aligned_ptr_u8_small ... ok
test icelake_rockerlake_values::test_allocate_aligned_ptr_u8_stress ... ok
test icelake_rockerlake_values::test_allocate_aligned_ptr_u8_value16 ... ok
test icelake_rockerlake_values::test_allocate_aligned_ptr_u8_value64 ... ok
test icelake_rockerlake_values::test_allocate_aligned_ptr_u8_zero ... ok
test icelake_rockerlake_values::test_allocate_ptr_u8_basic ... ok
test icelake_rockerlake_values::test_allocate_ptr_u8_large ... ok
test icelake_rockerlake_values::test_allocate_ptr_u8_small ... ok
test icelake_rockerlake_values::test_allocate_ptr_u8_unaligned_value33 ... ok
test icelake_rockerlake_values::test_allocate_ptr_u8_unaligned_value65 ... ok
test icelake_rockerlake_values::test_between_exclusive_f32_basic ... ok
test icelake_rockerlake_values::test_between_exclusive_f32_mask_basic ... ok
test icelake_rockerlake_values::test_between_exclusive_f32_nan_edge ... ok
test icelake_rockerlake_values::test_between_exclusive_f32_mask_nan_edge ... ok
test icelake_rockerlake_values::test_between_exclusive_si32_mask_mixed ... ok
test icelake_rockerlake_values::test_between_exclusive_si32_mixed ... ok
test icelake_rockerlake_values::test_between_exclusive_ui32_basic ... ok
test icelake_rockerlake_values::test_between_exclusive_ui32_mask_basic ... ok
test icelake_rockerlake_values::test_between_inclusive_f32_basic ... ok
test icelake_rockerlake_values::test_between_inclusive_f32_between_inclusive_mask_basic ... ok
test icelake_rockerlake_values::test_between_inclusive_f32_between_inclusive_mask_nan_edge ... ok
test icelake_rockerlake_values::test_between_inclusive_f32_nan_edge ... ok
test icelake_rockerlake_values::test_between_inclusive_si32_between_inclusive_mask_mixed ... ok
test icelake_rockerlake_values::test_between_inclusive_si32_mixed ... ok
test icelake_rockerlake_values::test_between_inclusive_ui32_basic ... ok
test icelake_rockerlake_values::test_between_inclusive_ui32_between_inclusive_mask_basic ... ok
test icelake_rockerlake_values::test_between_left_inclusive_f32_basic ... ok
test icelake_rockerlake_values::test_between_left_inclusive_f32_between_left_inclusive_mask_basic ... ok
test icelake_rockerlake_values::test_between_left_inclusive_f32_between_left_inclusive_mask_nan_edge ... ok
test icelake_rockerlake_values::test_between_left_inclusive_f32_nan_edge ... ok
test icelake_rockerlake_values::test_between_left_inclusive_si32_between_left_inclusive_mask_mixed ... ok
test icelake_rockerlake_values::test_between_left_inclusive_si32_mixed ... ok
test icelake_rockerlake_values::test_between_left_inclusive_ui32_between_left_inclusive_mask_basic ... ok
test icelake_rockerlake_values::test_between_left_inclusive_ui32_basic ... ok
test icelake_rockerlake_values::test_between_right_inclusive_f32_basic ... ok
test icelake_rockerlake_values::test_between_right_inclusive_f32_between_right_inclusive_mask_basic ... ok
test icelake_rockerlake_values::test_between_right_inclusive_f32_between_right_inclusive_mask_nan_edge ... ok
test icelake_rockerlake_values::test_between_right_inclusive_f32_nan_edge ... ok
test icelake_rockerlake_values::test_between_right_inclusive_si32_between_right_inclusive_mask_mixed ... ok
test icelake_rockerlake_values::test_between_right_inclusive_si32_mixed ... ok
test icelake_rockerlake_values::test_between_right_inclusive_ui32_basic ... ok
test icelake_rockerlake_values::test_between_right_inclusive_ui32_between_right_inclusive_mask_basic ... ok
test icelake_rockerlake_values::test_binary_and_f32_basic ... ok
test icelake_rockerlake_values::test_binary_and_f32_edge ... ok
test icelake_rockerlake_values::test_binary_and_f64_basic ... ok
test icelake_rockerlake_values::test_binary_and_f64_edge ... ok
test icelake_rockerlake_values::test_binary_and_si16_edge ... ok
test icelake_rockerlake_values::test_binary_and_si16_basic ... ok
test icelake_rockerlake_values::test_binary_and_si32_basic ... ok
test icelake_rockerlake_values::test_binary_and_si32_edge ... ok
test icelake_rockerlake_values::test_binary_and_si64_basic ... ok
test icelake_rockerlake_values::test_binary_and_si64_edge ... ok
test icelake_rockerlake_values::test_binary_and_si8_basic ... ok
test icelake_rockerlake_values::test_binary_and_si8_edge ... ok
test icelake_rockerlake_values::test_binary_and_ui16_basic ... ok
test icelake_rockerlake_values::test_binary_and_ui16_edge ... ok
test icelake_rockerlake_values::test_binary_and_ui32_basic ... ok
test icelake_rockerlake_values::test_binary_and_ui32_binary_and_mask_basic ... ok
test icelake_rockerlake_values::test_binary_and_ui32_binary_and_maskz_basic ... ok
test icelake_rockerlake_values::test_binary_and_ui32_edge ... ok
test icelake_rockerlake_values::test_binary_and_ui64_edge ... ok
test icelake_rockerlake_values::test_binary_and_ui64_basic ... ok
test icelake_rockerlake_values::test_binary_and_ui8_basic ... ok
test icelake_rockerlake_values::test_binary_and_ui8_edge ... ok
test icelake_rockerlake_values::test_binary_andnot_f32_basic ... ok
test icelake_rockerlake_values::test_binary_andnot_f64_basic ... ok
test icelake_rockerlake_values::test_binary_andnot_si32_basic ... ok
test icelake_rockerlake_values::test_binary_andnot_si32_edge ... ok
test icelake_rockerlake_values::test_binary_andnot_ui32_basic ... ok
test icelake_rockerlake_values::test_binary_andnot_ui32_binary_andnot_mask_basic ... ok
test icelake_rockerlake_values::test_binary_andnot_ui32_binary_andnot_maskz_basic ... ok
test icelake_rockerlake_values::test_binary_andnot_ui32_edge ... ok
test icelake_rockerlake_values::test_binary_or_f32_basic ... ok
test icelake_rockerlake_values::test_binary_or_f32_edge ... ok
test icelake_rockerlake_values::test_binary_or_f64_basic ... ok
test icelake_rockerlake_values::test_binary_or_f64_edge ... ok
test icelake_rockerlake_values::test_binary_or_si16_edge ... ok
test icelake_rockerlake_values::test_binary_or_si16_basic ... ok
test icelake_rockerlake_values::test_binary_or_si32_basic ... ok
test icelake_rockerlake_values::test_binary_or_si32_edge ... ok
test icelake_rockerlake_values::test_binary_or_si64_basic ... ok
test icelake_rockerlake_values::test_binary_or_si64_edge ... ok
test icelake_rockerlake_values::test_binary_or_si8_edge ... ok
test icelake_rockerlake_values::test_binary_or_si8_basic ... ok
test icelake_rockerlake_values::test_binary_or_ui16_basic ... ok
test icelake_rockerlake_values::test_binary_or_ui16_edge ... ok
test icelake_rockerlake_values::test_binary_or_ui32_binary_or_mask_basic ... ok
test icelake_rockerlake_values::test_binary_or_ui32_basic ... ok
test icelake_rockerlake_values::test_binary_or_ui32_binary_or_maskz_basic ... ok
test icelake_rockerlake_values::test_binary_or_ui32_edge ... ok
test icelake_rockerlake_values::test_binary_or_ui64_basic ... ok
test icelake_rockerlake_values::test_binary_or_ui64_edge ... ok
test icelake_rockerlake_values::test_binary_or_ui8_basic ... ok
test icelake_rockerlake_values::test_binary_or_ui8_edge ... ok
test icelake_rockerlake_values::test_binary_xor_f32_basic ... ok
test icelake_rockerlake_values::test_binary_xor_f32_edge ... ok
test icelake_rockerlake_values::test_binary_xor_f64_basic ... ok
test icelake_rockerlake_values::test_binary_xor_f64_edge ... ok
test icelake_rockerlake_values::test_binary_xor_si16_basic ... ok
test icelake_rockerlake_values::test_binary_xor_si16_edge ... ok
test icelake_rockerlake_values::test_binary_xor_si32_basic ... ok
test icelake_rockerlake_values::test_binary_xor_si32_edge ... ok
test icelake_rockerlake_values::test_binary_xor_si64_basic ... ok
test icelake_rockerlake_values::test_binary_xor_si64_edge ... ok
test icelake_rockerlake_values::test_binary_xor_si8_basic ... ok
test icelake_rockerlake_values::test_binary_xor_si8_edge ... ok
test icelake_rockerlake_values::test_binary_xor_ui16_basic ... ok
test icelake_rockerlake_values::test_binary_xor_ui32_basic ... ok
test icelake_rockerlake_values::test_binary_xor_ui16_edge ... ok
test icelake_rockerlake_values::test_binary_xor_ui32_binary_xor_mask_basic ... ok
test icelake_rockerlake_values::test_binary_xor_ui32_binary_xor_maskz_basic ... ok
test icelake_rockerlake_values::test_binary_xor_ui32_edge ... ok
test icelake_rockerlake_values::test_binary_xor_ui64_basic ... ok
test icelake_rockerlake_values::test_binary_xor_ui64_edge ... ok
test icelake_rockerlake_values::test_binary_xor_ui8_basic ... ok
test icelake_rockerlake_values::test_binary_xor_ui8_edge ... ok
test icelake_rockerlake_values::test_blend_add_si16_blend_add_basic ... ok
test icelake_rockerlake_values::test_blend_add_si16_blend_add_edge ... ok
test icelake_rockerlake_values::test_blend_add_si32_blend_add_basic ... ok
test icelake_rockerlake_values::test_blend_add_si32_blend_add_edge ... ok
test icelake_rockerlake_values::test_blend_add_si64_blend_add_basic ... ok
test icelake_rockerlake_values::test_blend_add_si64_blend_add_edge ... ok
test icelake_rockerlake_values::test_blend_add_si8_blend_add_basic ... ok
test icelake_rockerlake_values::test_blend_add_si8_blend_add_edge ... ok
test icelake_rockerlake_values::test_blend_add_ui16_blend_add_basic ... ok
test icelake_rockerlake_values::test_blend_add_ui16_blend_add_edge ... ok
test icelake_rockerlake_values::test_blend_add_ui32_blend_add_basic ... ok
test icelake_rockerlake_values::test_blend_add_ui32_blend_add_edge ... ok
test icelake_rockerlake_values::test_blend_add_ui64_blend_add_basic ... ok
test icelake_rockerlake_values::test_blend_add_ui64_blend_add_edge ... ok
test icelake_rockerlake_values::test_blend_add_ui8_blend_add_basic ... ok
test icelake_rockerlake_values::test_blend_add_ui8_blend_add_edge ... ok
test icelake_rockerlake_values::test_blend_f32_basic ... ok
test icelake_rockerlake_values::test_blend_f32_edge ... ok
test icelake_rockerlake_values::test_blend_f64_basic ... ok
test icelake_rockerlake_values::test_blend_f64_edge ... ok
test icelake_rockerlake_values::test_blend_si16_basic ... ok
test icelake_rockerlake_values::test_blend_si16_edge ... ok
test icelake_rockerlake_values::test_blend_si32_basic ... ok
test icelake_rockerlake_values::test_blend_si32_edge ... ok
test icelake_rockerlake_values::test_blend_si64_basic ... ok
test icelake_rockerlake_values::test_blend_si64_edge ... ok
test icelake_rockerlake_values::test_blend_si8_basic ... ok
test icelake_rockerlake_values::test_blend_si8_edge ... ok
test icelake_rockerlake_values::test_blend_ui16_basic ... ok
test icelake_rockerlake_values::test_blend_ui16_edge ... ok
test icelake_rockerlake_values::test_blend_ui32_basic ... ok
test icelake_rockerlake_values::test_blend_ui32_edge ... ok
test icelake_rockerlake_values::test_blend_ui64_basic ... ok
test icelake_rockerlake_values::test_blend_ui64_edge ... ok
test icelake_rockerlake_values::test_blend_ui8_edge ... ok
test icelake_rockerlake_values::test_blend_ui8_basic ... ok
test icelake_rockerlake_values::test_cast_f32_to_f32_edge ... ok
test icelake_rockerlake_values::test_cast_f32_to_f32_basic ... ok
test icelake_rockerlake_values::test_cast_f64_avx2_to_si32_basic_bits256 ... ok
[stderr]
Compiling tsl_generated v0.1.0 (/workspace/tslctmp/ci-generated/rust)
warning: unnecessary parentheses around `return` value
      --> src/tsl_icelake_rockerlake.rs:159905:16
       |
159905 |         return (!mask);
       |                ^     ^
       |
       = note: `#[warn(unused_parens)]` (part of `#[warn(unused)]`) on by default
help: remove these parentheses
       |
159905 -         return (!mask);
159905 +         return !mask;
       |

warning: unnecessary parentheses around `return` value
      --> src/tsl_icelake_rockerlake.rs:159931:16
       |
159931 |         return (!mask);
       |                ^     ^
       |
help: remove these parentheses
       |
159931 -         return (!mask);
159931 +         return !mask;
       |

warning: unnecessary parentheses around `return` value
      --> src/tsl_icelake_rockerlake.rs:160015:16
       |
160015 |         return (!mask);
       |                ^     ^
       |
help: remove these parentheses
       |
160015 -         return (!mask);
160015 +         return !mask;
       |

warning: unnecessary parentheses around `return` value
      --> src/tsl_icelake_rockerlake.rs:160041:16
       |
160041 |         return (!mask);
       |                ^     ^
       |
help: remove these parentheses
       |
160041 -         return (!mask);
160041 +         return !mask;
       |

warning: unnecessary parentheses around `return` value
      --> src/tsl_icelake_rockerlake.rs:160067:16
       |
160067 |         return (!mask);
       |                ^     ^
       |
help: remove these parentheses
       |
160067 -         return (!mask);
160067 +         return !mask;
       |

warning: unnecessary parentheses around `return` value
      --> src/tsl_icelake_rockerlake.rs:160151:16
       |
160151 |         return (!mask);
       |                ^     ^
       |
help: remove these parentheses
       |
160151 -         return (!mask);
160151 +         return !mask;
       |

warning: unnecessary parentheses around `return` value
      --> src/tsl_icelake_rockerlake.rs:160177:16
       |
160177 |         return (!mask);
       |                ^     ^
       |
help: remove these parentheses
       |
160177 -         return (!mask);
160177 +         return !mask;
       |

warning: unnecessary parentheses around `return` value
      --> src/tsl_icelake_rockerlake.rs:160203:16
       |
160203 |         return (!mask);
       |                ^     ^
       |
help: remove these parentheses
       |
160203 -         return (!mask);
160203 +         return !mask;
       |

warning: unnecessary parentheses around `return` value
      --> src/tsl_icelake_rockerlake.rs:160287:16
       |
160287 |         return (!mask);
       |                ^     ^
       |
help: remove these parentheses
       |
160287 -         return (!mask);
160287 +         return !mask;
       |

warning: unnecessary parentheses around `return` value
      --> src/tsl_icelake_rockerlake.rs:160313:16
       |
160313 |         return (!mask);
       |                ^     ^
       |
help: remove these parentheses
       |
160313 -         return (!mask);
160313 +         return !mask;
       |

warning: unnecessary parentheses around `return` value
      --> src/tsl_icelake_rockerlake.rs:160339:16
       |
160339 |         return (!mask);
       |                ^     ^
       |
help: remove these parentheses
       |
160339 -         return (!mask);
160339 +         return !mask;
       |

warning: unnecessary parentheses around `return` value
      --> src/tsl_icelake_rockerlake.rs:160423:16
       |
160423 |         return (!mask);
       |                ^     ^
       |
help: remove these parentheses
       |
160423 -         return (!mask);
160423 +         return !mask;
       |

warning: unnecessary parentheses around `return` value
      --> src/tsl_icelake_rockerlake.rs:160449:16
       |
160449 |         return (!mask);
       |                ^     ^
       |
help: remove these parentheses
       |
160449 -         return (!mask);
160449 +         return !mask;
       |

warning: unnecessary parentheses around `return` value
      --> src/tsl_icelake_rockerlake.rs:160475:16
       |
160475 |         return (!mask);
       |                ^     ^
       |
help: remove these parentheses
       |
160475 -         return (!mask);
160475 +         return !mask;
       |

warning: unnecessary parentheses around `return` value
      --> src/tsl_icelake_rockerlake.rs:160559:16
       |
160559 |         return (!mask);
       |                ^     ^
       |
help: remove these parentheses
       |
160559 -         return (!mask);
160559 +         return !mask;
       |

warning: unnecessary parentheses around `return` value
      --> src/tsl_icelake_rockerlake.rs:160585:16
       |
160585 |         return (!mask);
       |                ^     ^
       |
help: remove these parentheses
       |
160585 -         return (!mask);
160585 +         return !mask;
       |

warning: unnecessary parentheses around `return` value
      --> src/tsl_icelake_rockerlake.rs:160611:16
       |
160611 |         return (!mask);
       |                ^     ^
       |
help: remove these parentheses
       |
160611 -         return (!mask);
160611 +         return !mask;
       |

warning: unnecessary parentheses around `return` value
      --> src/tsl_icelake_rockerlake.rs:160695:16
       |
160695 |         return (!mask);
       |                ^     ^
       |
help: remove these parentheses
       |
160695 -         return (!mask);
160695 +         return !mask;
       |

warning: unnecessary parentheses around `return` value
      --> src/tsl_icelake_rockerlake.rs:160721:16
       |
160721 |         return (!mask);
       |                ^     ^
       |
help: remove these parentheses
       |
160721 -         return (!mask);
160721 +         return !mask;
       |

warning: unnecessary parentheses around `return` value
      --> src/tsl_icelake_rockerlake.rs:160747:16
       |
160747 |         return (!mask);
       |                ^     ^
       |
help: remove these parentheses
       |
160747 -         return (!mask);
160747 +         return !mask;
       |

warning: unnecessary parentheses around `return` value
      --> src/tsl_icelake_rockerlake.rs:160831:16
       |
160831 |         return (!mask);
       |                ^     ^
       |
help: remove these parentheses
       |
160831 -         return (!mask);
160831 +         return !mask;
       |

warning: unnecessary parentheses around `return` value
      --> src/tsl_icelake_rockerlake.rs:160857:16
       |
160857 |         return (!mask);
       |                ^     ^
       |
help: remove these parentheses
       |
160857 -         return (!mask);
160857 +         return !mask;
       |

warning: unnecessary parentheses around `return` value
      --> src/tsl_icelake_rockerlake.rs:160883:16
       |
160883 |         return (!mask);
       |                ^     ^
       |
help: remove these parentheses
       |
160883 -         return (!mask);
160883 +         return !mask;
       |

warning: unnecessary parentheses around `return` value
      --> src/tsl_icelake_rockerlake.rs:160967:16
       |
160967 |         return (!mask);
       |                ^     ^
       |
help: remove these parentheses
       |
160967 -         return (!mask);
160967 +         return !mask;
       |

warning: unnecessary parentheses around `return` value
      --> src/tsl_icelake_rockerlake.rs:160993:16
       |
160993 |         return (!mask);
       |                ^     ^
       |
help: remove these parentheses
       |
160993 -         return (!mask);
160993 +         return !mask;
       |

warning: unnecessary parentheses around `return` value
      --> src/tsl_icelake_rockerlake.rs:161019:16
       |
161019 |         return (!mask);
       |                ^     ^
       |
help: remove these parentheses
       |
161019 -         return (!mask);
161019 +         return !mask;
       |

warning: unnecessary parentheses around `return` value
      --> src/tsl_icelake_rockerlake.rs:161103:16
       |
161103 |         return (!mask);
       |                ^     ^
       |
help: remove these parentheses
       |
161103 -         return (!mask);
161103 +         return !mask;
       |

warning: unnecessary parentheses around `return` value
      --> src/tsl_icelake_rockerlake.rs:161129:16
       |
161129 |         return (!mask);
       |                ^     ^
       |
help: remove these parentheses
       |
161129 -         return (!mask);
161129 +         return !mask;
       |

warning: unnecessary parentheses around `return` value
      --> src/tsl_icelake_rockerlake.rs:161155:16
       |
161155 |         return (!mask);
       |                ^     ^
       |
help: remove these parentheses
       |
161155 -         return (!mask);
161155 +         return !mask;
       |

warning: unnecessary parentheses around `return` value
      --> src/tsl_icelake_rockerlake.rs:161239:16
       |
161239 |         return (!mask);
       |                ^     ^
       |
help: remove these parentheses
       |
161239 -         return (!mask);
161239 +         return !mask;
       |

warning: `tsl_generated` (lib test) generated 30 warnings (30 duplicates)
warning: `tsl_generated` (lib) generated 30 warnings (run `cargo fix --lib -p tsl_generated` to apply 30 suggestions)
    Finished `test` profile [unoptimized + debuginfo] target(s) in 14.93s
     Running unittests src/lib.rs (rust/target/icelake_rockerlake/debug/deps/tsl_generated-dba79a584326137e)
     Running tests/smoke.rs (rust/target/icelake_rockerlake/debug/deps/smoke-620f98b886d4fbba)
     Running tests/values.rs (rust/target/icelake_rockerlake/debug/deps/values-bf6e60da23cc30c0)
error: test failed, to rerun pass `--test values`

Caused by:
  process didn't exit successfully: `/workspace/tslctmp/ci-generated/rust/target/icelake_rockerlake/debug/deps/values-bf6e60da23cc30c0` (signal: 4, SIGILL: illegal instruction)
[test-output] rust kml: cargo test --manifest-path /workspace/tslctmp/ci-generated/rust/Cargo.toml --no-default-features --features kml,value_tests --target-dir /workspace/tslctmp/ci-generated/rust/target/kml
[stdout]
running 0 tests

test result: ok. 0 passed; 0 failed; 0 ignored; 0 measured; 0 filtered out; finished in 0.00s


running 1 test
test smoke ... ok

test result: ok. 1 passed; 0 failed; 0 ignored; 0 measured; 0 filtered out; finished in 0.00s


running 1279 tests
test kml_values::test_add_f32_basic ... ok
test kml_values::test_add_f32_edge ... ok
test kml_values::test_add_f64_basic ... ok
test kml_values::test_add_si16_basic ... ok
test kml_values::test_add_f64_edge ... ok
test kml_values::test_add_si16_edge ... ok
test kml_values::test_add_si32_basic ... ok
test kml_values::test_add_si32_edge ... ok
test kml_values::test_add_si32_mask_all ... ok
test kml_values::test_add_si32_mask_basic ... ok
test kml_values::test_add_si32_mask_zero ... ok
test kml_values::test_add_si32_maskz_all ... ok
test kml_values::test_add_si32_maskz_zero ... ok
test kml_values::test_add_si32_maskz_basic ... ok
test kml_values::test_add_si64_basic ... ok
test kml_values::test_add_si64_edge ... ok
test kml_values::test_add_si8_basic ... ok
test kml_values::test_add_si8_edge ... ok
test kml_values::test_add_ui16_basic ... ok
test kml_values::test_add_ui16_edge ... ok
test kml_values::test_add_ui32_basic ... ok
test kml_values::test_add_ui32_edge ... ok
test kml_values::test_add_ui64_basic ... ok
test kml_values::test_add_ui64_edge ... ok
test kml_values::test_add_ui8_basic ... ok
test kml_values::test_add_ui8_edge ... ok
test kml_values::test_add_ui8_mask_all ... ok
test kml_values::test_add_ui8_mask_basic ... ok
test kml_values::test_add_ui8_mask_zero ... ok
test kml_values::test_add_ui8_maskz_all ... ok
test kml_values::test_add_ui8_maskz_basic ... ok
test kml_values::test_add_ui8_maskz_zero ... ok
test kml_values::test_allocate_aligned_ptr_u8_basic ... ok
test kml_values::test_allocate_aligned_ptr_u8_large ... ok
test kml_values::test_allocate_aligned_ptr_u8_small ... ok
test kml_values::test_allocate_aligned_ptr_u8_stress ... ok
test kml_values::test_allocate_aligned_ptr_u8_value16 ... ok
test kml_values::test_allocate_aligned_ptr_u8_value64 ... ok
test kml_values::test_allocate_aligned_ptr_u8_zero ... ok
test kml_values::test_allocate_ptr_u8_basic ... ok
test kml_values::test_allocate_ptr_u8_large ... ok
test kml_values::test_allocate_ptr_u8_small ... ok
test kml_values::test_allocate_ptr_u8_unaligned_value33 ... ok
test kml_values::test_allocate_ptr_u8_unaligned_value65 ... ok
test kml_values::test_between_exclusive_f32_basic ... ok
test kml_values::test_between_exclusive_f32_mask_basic ... ok
test kml_values::test_between_exclusive_f32_mask_nan_edge ... ok
test kml_values::test_between_exclusive_f32_nan_edge ... ok
test kml_values::test_between_exclusive_si32_mask_mixed ... ok
test kml_values::test_between_exclusive_si32_mixed ... ok
test kml_values::test_between_exclusive_ui32_basic ... ok
test kml_values::test_between_exclusive_ui32_mask_basic ... ok
test kml_values::test_between_inclusive_f32_basic ... ok
test kml_values::test_between_inclusive_f32_between_inclusive_mask_basic ... ok
test kml_values::test_between_inclusive_f32_between_inclusive_mask_nan_edge ... ok
test kml_values::test_between_inclusive_f32_nan_edge ... ok
test kml_values::test_between_inclusive_si32_between_inclusive_mask_mixed ... ok
test kml_values::test_between_inclusive_si32_mixed ... ok
test kml_values::test_between_inclusive_ui32_between_inclusive_mask_basic ... ok
test kml_values::test_between_left_inclusive_f32_basic ... ok
test kml_values::test_between_inclusive_ui32_basic ... ok
test kml_values::test_between_left_inclusive_f32_between_left_inclusive_mask_nan_edge ... ok
test kml_values::test_between_left_inclusive_f32_nan_edge ... ok
test kml_values::test_between_left_inclusive_f32_between_left_inclusive_mask_basic ... ok
test kml_values::test_between_left_inclusive_si32_between_left_inclusive_mask_mixed ... ok
test kml_values::test_between_left_inclusive_si32_mixed ... ok
test kml_values::test_between_left_inclusive_ui32_basic ... ok
test kml_values::test_between_left_inclusive_ui32_between_left_inclusive_mask_basic ... ok
test kml_values::test_between_right_inclusive_f32_basic ... ok
test kml_values::test_between_right_inclusive_f32_between_right_inclusive_mask_basic ... ok
test kml_values::test_between_right_inclusive_f32_between_right_inclusive_mask_nan_edge ... ok
test kml_values::test_between_right_inclusive_f32_nan_edge ... ok
test kml_values::test_between_right_inclusive_si32_between_right_inclusive_mask_mixed ... ok
test kml_values::test_between_right_inclusive_si32_mixed ... ok
test kml_values::test_between_right_inclusive_ui32_basic ... ok
test kml_values::test_between_right_inclusive_ui32_between_right_inclusive_mask_basic ... ok
test kml_values::test_binary_and_f32_basic ... ok
test kml_values::test_binary_and_f32_edge ... ok
test kml_values::test_binary_and_f64_basic ... ok
test kml_values::test_binary_and_f64_edge ... ok
test kml_values::test_binary_and_si16_basic ... ok
test kml_values::test_binary_and_si16_edge ... ok
test kml_values::test_binary_and_si32_basic ... ok
test kml_values::test_binary_and_si32_edge ... ok
test kml_values::test_binary_and_si64_basic ... ok
test kml_values::test_binary_and_si64_edge ... ok
test kml_values::test_binary_and_si8_basic ... ok
test kml_values::test_binary_and_si8_edge ... ok
test kml_values::test_binary_and_ui16_basic ... ok
test kml_values::test_binary_and_ui16_edge ... ok
test kml_values::test_binary_and_ui32_basic ... ok
test kml_values::test_binary_and_ui32_binary_and_mask_basic ... ok
test kml_values::test_binary_and_ui32_binary_and_maskz_basic ... ok
test kml_values::test_binary_and_ui32_edge ... ok
test kml_values::test_binary_and_ui64_basic ... ok
test kml_values::test_binary_and_ui64_edge ... ok
test kml_values::test_binary_and_ui8_basic ... ok
test kml_values::test_binary_and_ui8_edge ... ok
test kml_values::test_binary_andnot_f32_basic ... ok
test kml_values::test_binary_andnot_f64_basic ... ok
test kml_values::test_binary_andnot_si32_basic ... ok
test kml_values::test_binary_andnot_ui32_basic ... ok
test kml_values::test_binary_andnot_si32_edge ... ok
test kml_values::test_binary_andnot_ui32_binary_andnot_mask_basic ... ok
test kml_values::test_binary_andnot_ui32_binary_andnot_maskz_basic ... ok
test kml_values::test_binary_andnot_ui32_edge ... ok
test kml_values::test_binary_or_f32_basic ... ok
test kml_values::test_binary_or_f32_edge ... ok
test kml_values::test_binary_or_f64_basic ... ok
test kml_values::test_binary_or_f64_edge ... ok
test kml_values::test_binary_or_si16_basic ... ok
test kml_values::test_binary_or_si16_edge ... ok
test kml_values::test_binary_or_si32_basic ... ok
test kml_values::test_binary_or_si32_edge ... ok
test kml_values::test_binary_or_si64_basic ... ok
test kml_values::test_binary_or_si64_edge ... ok
test kml_values::test_binary_or_si8_basic ... ok
test kml_values::test_binary_or_si8_edge ... ok
test kml_values::test_binary_or_ui16_basic ... ok
test kml_values::test_binary_or_ui16_edge ... ok
test kml_values::test_binary_or_ui32_basic ... ok
test kml_values::test_binary_or_ui32_binary_or_mask_basic ... ok
test kml_values::test_binary_or_ui32_binary_or_maskz_basic ... ok
test kml_values::test_binary_or_ui32_edge ... ok
test kml_values::test_binary_or_ui64_basic ... ok
test kml_values::test_binary_or_ui64_edge ... ok
test kml_values::test_binary_or_ui8_edge ... ok
test kml_values::test_binary_or_ui8_basic ... ok
test kml_values::test_binary_xor_f32_basic ... ok
test kml_values::test_binary_xor_f32_edge ... ok
test kml_values::test_binary_xor_f64_basic ... ok
test kml_values::test_binary_xor_f64_edge ... ok
test kml_values::test_binary_xor_si16_basic ... ok
test kml_values::test_binary_xor_si16_edge ... ok
test kml_values::test_binary_xor_si32_basic ... ok
test kml_values::test_binary_xor_si32_edge ... ok
test kml_values::test_binary_xor_si64_basic ... ok
test kml_values::test_binary_xor_si64_edge ... ok
test kml_values::test_binary_xor_si8_basic ... ok
test kml_values::test_binary_xor_si8_edge ... ok
test kml_values::test_binary_xor_ui16_edge ... ok
test kml_values::test_binary_xor_ui16_basic ... ok
test kml_values::test_binary_xor_ui32_basic ... ok
test kml_values::test_binary_xor_ui32_binary_xor_mask_basic ... ok
test kml_values::test_binary_xor_ui32_binary_xor_maskz_basic ... ok
test kml_values::test_binary_xor_ui32_edge ... ok
test kml_values::test_binary_xor_ui64_basic ... ok
test kml_values::test_binary_xor_ui64_edge ... ok
test kml_values::test_binary_xor_ui8_basic ... ok
test kml_values::test_binary_xor_ui8_edge ... ok
test kml_values::test_blend_add_si16_blend_add_basic ... ok
test kml_values::test_blend_add_si16_blend_add_edge ... ok
test kml_values::test_blend_add_si32_blend_add_basic ... ok
test kml_values::test_blend_add_si64_blend_add_basic ... ok
test kml_values::test_blend_add_si32_blend_add_edge ... ok
test kml_values::test_blend_add_si64_blend_add_edge ... ok
test kml_values::test_blend_add_si8_blend_add_basic ... ok
test kml_values::test_blend_add_si8_blend_add_edge ... ok
test kml_values::test_blend_add_ui16_blend_add_basic ... ok
test kml_values::test_blend_add_ui16_blend_add_edge ... ok
test kml_values::test_blend_add_ui32_blend_add_basic ... ok
test kml_values::test_blend_add_ui32_blend_add_edge ... ok
test kml_values::test_blend_add_ui64_blend_add_basic ... ok
test kml_values::test_blend_add_ui64_blend_add_edge ... ok
test kml_values::test_blend_add_ui8_blend_add_basic ... ok
test kml_values::test_blend_f32_basic ... ok
test kml_values::test_blend_add_ui8_blend_add_edge ... ok
test kml_values::test_blend_f32_edge ... ok
test kml_values::test_blend_f64_basic ... ok
test kml_values::test_blend_f64_edge ... ok
test kml_values::test_blend_si16_edge ... ok
test kml_values::test_blend_si16_basic ... ok
test kml_values::test_blend_si32_basic ... ok
test kml_values::test_blend_si32_edge ... ok
test kml_values::test_blend_si64_basic ... ok
test kml_values::test_blend_si64_edge ... ok
test kml_values::test_blend_si8_basic ... ok
test kml_values::test_blend_ui16_basic ... ok
test kml_values::test_blend_si8_edge ... ok
test kml_values::test_blend_ui16_edge ... ok
test kml_values::test_blend_ui32_basic ... ok
test kml_values::test_blend_ui32_edge ... ok
test kml_values::test_blend_ui64_edge ... ok
test kml_values::test_blend_ui64_basic ... ok
test kml_values::test_blend_ui8_basic ... ok
test kml_values::test_blend_ui8_edge ... ok
test kml_values::test_cast_f32_to_f32_edge ... ok
test kml_values::test_cast_f32_to_f32_basic ... ok
test kml_values::test_cast_f64_sse_to_si32_basic_bits128 ... ok
test kml_values::test_cast_f64_avx2_to_si32_basic_bits256 ... ok
test kml_values::test_cast_f64_to_f64_edge ... ok
test kml_values::test_cast_f64_to_f64_basic ... ok
test kml_values::test_cast_si16_avx2_to_si32_basic_bits256 ... ok
test kml_values::test_cast_si16_to_si16_basic ... ok
test kml_values::test_cast_si32_avx2_to_f64_basic_bits256 ... ok
test kml_values::test_cast_si16_to_si16_edge ... ok
test kml_values::test_cast_si32_to_f32_basic ... ok
test kml_values::test_cast_si32_sse_to_f64_basic_bits128 ... ok
test kml_values::test_cast_si32_to_f32_rounding ... ok
test kml_values::test_cast_si32_to_f32_edge ... ok
test kml_values::test_cast_si64_to_f64_basic ... ok
test kml_values::test_cast_si8_avx2_to_si16_basic_bits256 ... ok
test kml_values::test_cast_si8_to_si8_basic ... ok
test kml_values::test_cast_si8_to_si8_edge ... ok
test kml_values::test_cast_ui16_avx2_to_ui64_basic_bits256 ... ok
test kml_values::test_cast_ui16_to_ui16_basic ... ok
test kml_values::test_cast_ui16_to_ui16_edge ... ok
test kml_values::test_cast_ui32_avx2_to_ui64_basic_bits256 ... ok
[stderr]
Compiling tsl_generated v0.1.0 (/workspace/tslctmp/ci-generated/rust)
warning: unnecessary parentheses around `return` value
      --> src/tsl_kml.rs:148191:16
       |
148191 |         return (!mask);
       |                ^     ^
       |
       = note: `#[warn(unused_parens)]` (part of `#[warn(unused)]`) on by default
help: remove these parentheses
       |
148191 -         return (!mask);
148191 +         return !mask;
       |

warning: unnecessary parentheses around `return` value
      --> src/tsl_kml.rs:148327:16
       |
148327 |         return (!mask);
       |                ^     ^
       |
help: remove these parentheses
       |
148327 -         return (!mask);
148327 +         return !mask;
       |

warning: unnecessary parentheses around `return` value
      --> src/tsl_kml.rs:148463:16
       |
148463 |         return (!mask);
       |                ^     ^
       |
help: remove these parentheses
       |
148463 -         return (!mask);
148463 +         return !mask;
       |

warning: unnecessary parentheses around `return` value
      --> src/tsl_kml.rs:148599:16
       |
148599 |         return (!mask);
       |                ^     ^
       |
help: remove these parentheses
       |
148599 -         return (!mask);
148599 +         return !mask;
       |

warning: unnecessary parentheses around `return` value
      --> src/tsl_kml.rs:148735:16
       |
148735 |         return (!mask);
       |                ^     ^
       |
help: remove these parentheses
       |
148735 -         return (!mask);
148735 +         return !mask;
       |

warning: unnecessary parentheses around `return` value
      --> src/tsl_kml.rs:148871:16
       |
148871 |         return (!mask);
       |                ^     ^
       |
help: remove these parentheses
       |
148871 -         return (!mask);
148871 +         return !mask;
       |

warning: unnecessary parentheses around `return` value
      --> src/tsl_kml.rs:149007:16
       |
149007 |         return (!mask);
       |                ^     ^
       |
help: remove these parentheses
       |
149007 -         return (!mask);
149007 +         return !mask;
       |

warning: unnecessary parentheses around `return` value
      --> src/tsl_kml.rs:149143:16
       |
149143 |         return (!mask);
       |                ^     ^
       |
help: remove these parentheses
       |
149143 -         return (!mask);
149143 +         return !mask;
       |

warning: unnecessary parentheses around `return` value
      --> src/tsl_kml.rs:149279:16
       |
149279 |         return (!mask);
       |                ^     ^
       |
help: remove these parentheses
       |
149279 -         return (!mask);
149279 +         return !mask;
       |

warning: unnecessary parentheses around `return` value
      --> src/tsl_kml.rs:149415:16
       |
149415 |         return (!mask);
       |                ^     ^
       |
help: remove these parentheses
       |
149415 -         return (!mask);
149415 +         return !mask;
       |

warning: `tsl_generated` (lib test) generated 10 warnings (run `cargo fix --lib -p tsl_generated --tests` to apply 10 suggestions)
warning: `tsl_generated` (lib) generated 10 warnings (10 duplicates)
    Finished `test` profile [unoptimized + debuginfo] target(s) in 14.28s
     Running unittests src/lib.rs (rust/target/kml/debug/deps/tsl_generated-a0c7fe81617d4bb9)
     Running tests/smoke.rs (rust/target/kml/debug/deps/smoke-1a39431931807c86)
     Running tests/values.rs (rust/target/kml/debug/deps/values-a578670e3b30a448)
error: test failed, to rerun pass `--test values`

Caused by:
  process didn't exit successfully: `/workspace/tslctmp/ci-generated/rust/target/kml/debug/deps/values-a578670e3b30a448` (signal: 4, SIGILL: illegal instruction)
[test-output] rust knl: cargo test --manifest-path /workspace/tslctmp/ci-generated/rust/Cargo.toml --no-default-features --features knl,value_tests --target-dir /workspace/tslctmp/ci-generated/rust/target/knl
[stdout]
running 0 tests

test result: ok. 0 passed; 0 failed; 0 ignored; 0 measured; 0 filtered out; finished in 0.00s


running 1 test
test smoke ... ok

test result: ok. 1 passed; 0 failed; 0 ignored; 0 measured; 0 filtered out; finished in 0.00s


running 1279 tests
test knl_values::test_add_f32_basic ... ok
test knl_values::test_add_f32_edge ... ok
test knl_values::test_add_f64_basic ... ok
test knl_values::test_add_f64_edge ... ok
test knl_values::test_add_si16_basic ... ok
test knl_values::test_add_si16_edge ... ok
test knl_values::test_add_si32_basic ... ok
test knl_values::test_add_si32_edge ... ok
test knl_values::test_add_si32_mask_all ... ok
test knl_values::test_add_si32_mask_basic ... ok
test knl_values::test_add_si32_mask_zero ... ok
test knl_values::test_add_si32_maskz_all ... ok
test knl_values::test_add_si32_maskz_basic ... ok
test knl_values::test_add_si32_maskz_zero ... ok
test knl_values::test_add_si64_basic ... ok
test knl_values::test_add_si64_edge ... ok
test knl_values::test_add_si8_basic ... ok
test knl_values::test_add_si8_edge ... ok
test knl_values::test_add_ui16_basic ... ok
test knl_values::test_add_ui16_edge ... ok
test knl_values::test_add_ui32_basic ... ok
test knl_values::test_add_ui64_basic ... ok
test knl_values::test_add_ui32_edge ... ok
test knl_values::test_add_ui64_edge ... ok
test knl_values::test_add_ui8_basic ... ok
test knl_values::test_add_ui8_edge ... ok
test knl_values::test_add_ui8_mask_all ... ok
test knl_values::test_add_ui8_mask_basic ... ok
test knl_values::test_add_ui8_mask_zero ... ok
test knl_values::test_add_ui8_maskz_all ... ok
test knl_values::test_add_ui8_maskz_basic ... ok
test knl_values::test_add_ui8_maskz_zero ... ok
test knl_values::test_allocate_aligned_ptr_u8_basic ... ok
test knl_values::test_allocate_aligned_ptr_u8_large ... ok
test knl_values::test_allocate_aligned_ptr_u8_small ... ok
test knl_values::test_allocate_aligned_ptr_u8_stress ... ok
test knl_values::test_allocate_aligned_ptr_u8_value16 ... ok
test knl_values::test_allocate_aligned_ptr_u8_value64 ... ok
test knl_values::test_allocate_aligned_ptr_u8_zero ... ok
test knl_values::test_allocate_ptr_u8_basic ... ok
test knl_values::test_allocate_ptr_u8_large ... ok
test knl_values::test_allocate_ptr_u8_small ... ok
test knl_values::test_allocate_ptr_u8_unaligned_value33 ... ok
test knl_values::test_allocate_ptr_u8_unaligned_value65 ... ok
test knl_values::test_between_exclusive_f32_basic ... ok
test knl_values::test_between_exclusive_f32_mask_basic ... ok
test knl_values::test_between_exclusive_f32_mask_nan_edge ... ok
test knl_values::test_between_exclusive_f32_nan_edge ... ok
test knl_values::test_between_exclusive_si32_mask_mixed ... ok
test knl_values::test_between_exclusive_si32_mixed ... ok
test knl_values::test_between_exclusive_ui32_basic ... ok
test knl_values::test_between_exclusive_ui32_mask_basic ... ok
test knl_values::test_between_inclusive_f32_basic ... ok
test knl_values::test_between_inclusive_f32_between_inclusive_mask_basic ... ok
test knl_values::test_between_inclusive_f32_between_inclusive_mask_nan_edge ... ok
test knl_values::test_between_inclusive_f32_nan_edge ... ok
test knl_values::test_between_inclusive_si32_between_inclusive_mask_mixed ... ok
test knl_values::test_between_inclusive_si32_mixed ... ok
test knl_values::test_between_inclusive_ui32_basic ... ok
test knl_values::test_between_inclusive_ui32_between_inclusive_mask_basic ... ok
test knl_values::test_between_left_inclusive_f32_basic ... ok
test knl_values::test_between_left_inclusive_f32_between_left_inclusive_mask_basic ... ok
test knl_values::test_between_left_inclusive_f32_nan_edge ... ok
test knl_values::test_between_left_inclusive_f32_between_left_inclusive_mask_nan_edge ... ok
test knl_values::test_between_left_inclusive_si32_between_left_inclusive_mask_mixed ... ok
test knl_values::test_between_left_inclusive_si32_mixed ... ok
test knl_values::test_between_left_inclusive_ui32_basic ... ok
test knl_values::test_between_left_inclusive_ui32_between_left_inclusive_mask_basic ... ok
test knl_values::test_between_right_inclusive_f32_basic ... ok
test knl_values::test_between_right_inclusive_f32_between_right_inclusive_mask_basic ... ok
test knl_values::test_between_right_inclusive_f32_between_right_inclusive_mask_nan_edge ... ok
test knl_values::test_between_right_inclusive_si32_between_right_inclusive_mask_mixed ... ok
test knl_values::test_between_right_inclusive_f32_nan_edge ... ok
test knl_values::test_between_right_inclusive_si32_mixed ... ok
test knl_values::test_between_right_inclusive_ui32_basic ... ok
test knl_values::test_between_right_inclusive_ui32_between_right_inclusive_mask_basic ... ok
test knl_values::test_binary_and_f32_basic ... ok
test knl_values::test_binary_and_f32_edge ... ok
test knl_values::test_binary_and_f64_basic ... ok
test knl_values::test_binary_and_f64_edge ... ok
test knl_values::test_binary_and_si16_basic ... ok
test knl_values::test_binary_and_si16_edge ... ok
test knl_values::test_binary_and_si32_edge ... ok
test knl_values::test_binary_and_si32_basic ... ok
test knl_values::test_binary_and_si64_basic ... ok
test knl_values::test_binary_and_si64_edge ... ok
test knl_values::test_binary_and_si8_basic ... ok
test knl_values::test_binary_and_si8_edge ... ok
test knl_values::test_binary_and_ui16_basic ... ok
test knl_values::test_binary_and_ui16_edge ... ok
test knl_values::test_binary_and_ui32_basic ... ok
test knl_values::test_binary_and_ui32_binary_and_mask_basic ... ok
test knl_values::test_binary_and_ui32_binary_and_maskz_basic ... ok
test knl_values::test_binary_and_ui32_edge ... ok
test knl_values::test_binary_and_ui64_basic ... ok
test knl_values::test_binary_and_ui64_edge ... ok
test knl_values::test_binary_and_ui8_basic ... ok
test knl_values::test_binary_and_ui8_edge ... ok
test knl_values::test_binary_andnot_f32_basic ... ok
test knl_values::test_binary_andnot_f64_basic ... ok
test knl_values::test_binary_andnot_si32_basic ... ok
test knl_values::test_binary_andnot_si32_edge ... ok
test knl_values::test_binary_andnot_ui32_basic ... ok
test knl_values::test_binary_andnot_ui32_binary_andnot_mask_basic ... ok
test knl_values::test_binary_andnot_ui32_binary_andnot_maskz_basic ... ok
test knl_values::test_binary_andnot_ui32_edge ... ok
test knl_values::test_binary_or_f32_basic ... ok
test knl_values::test_binary_or_f32_edge ... ok
test knl_values::test_binary_or_f64_basic ... ok
test knl_values::test_binary_or_f64_edge ... ok
test knl_values::test_binary_or_si16_basic ... ok
test knl_values::test_binary_or_si16_edge ... ok
test knl_values::test_binary_or_si32_basic ... ok
test knl_values::test_binary_or_si32_edge ... ok
test knl_values::test_binary_or_si64_basic ... ok
test knl_values::test_binary_or_si64_edge ... ok
test knl_values::test_binary_or_si8_basic ... ok
test knl_values::test_binary_or_si8_edge ... ok
test knl_values::test_binary_or_ui16_basic ... ok
test knl_values::test_binary_or_ui16_edge ... ok
test knl_values::test_binary_or_ui32_basic ... ok
test knl_values::test_binary_or_ui32_binary_or_mask_basic ... ok
test knl_values::test_binary_or_ui32_binary_or_maskz_basic ... ok
test knl_values::test_binary_or_ui32_edge ... ok
test knl_values::test_binary_or_ui64_basic ... ok
test knl_values::test_binary_or_ui8_basic ... ok
test knl_values::test_binary_or_ui64_edge ... ok
test knl_values::test_binary_xor_f32_basic ... ok
test knl_values::test_binary_or_ui8_edge ... ok
test knl_values::test_binary_xor_f32_edge ... ok
test knl_values::test_binary_xor_f64_basic ... ok
test knl_values::test_binary_xor_f64_edge ... ok
test knl_values::test_binary_xor_si16_basic ... ok
test knl_values::test_binary_xor_si16_edge ... ok
test knl_values::test_binary_xor_si32_basic ... ok
test knl_values::test_binary_xor_si32_edge ... ok
test knl_values::test_binary_xor_si64_basic ... ok
test knl_values::test_binary_xor_si8_basic ... ok
test knl_values::test_binary_xor_si64_edge ... ok
test knl_values::test_binary_xor_si8_edge ... ok
test knl_values::test_binary_xor_ui16_basic ... ok
test knl_values::test_binary_xor_ui16_edge ... ok
test knl_values::test_binary_xor_ui32_basic ... ok
test knl_values::test_binary_xor_ui32_binary_xor_maskz_basic ... ok
test knl_values::test_binary_xor_ui32_binary_xor_mask_basic ... ok
test knl_values::test_binary_xor_ui32_edge ... ok
test knl_values::test_binary_xor_ui64_basic ... ok
test knl_values::test_binary_xor_ui64_edge ... ok
test knl_values::test_binary_xor_ui8_basic ... ok
test knl_values::test_binary_xor_ui8_edge ... ok
test knl_values::test_blend_add_si16_blend_add_basic ... ok
test knl_values::test_blend_add_si32_blend_add_basic ... ok
test knl_values::test_blend_add_si16_blend_add_edge ... ok
test knl_values::test_blend_add_si32_blend_add_edge ... ok
test knl_values::test_blend_add_si64_blend_add_basic ... ok
test knl_values::test_blend_add_si64_blend_add_edge ... ok
test knl_values::test_blend_add_si8_blend_add_basic ... ok
test knl_values::test_blend_add_si8_blend_add_edge ... ok
test knl_values::test_blend_add_ui16_blend_add_basic ... ok
test knl_values::test_blend_add_ui16_blend_add_edge ... ok
test knl_values::test_blend_add_ui32_blend_add_basic ... ok
test knl_values::test_blend_add_ui32_blend_add_edge ... ok
test knl_values::test_blend_add_ui64_blend_add_basic ... ok
test knl_values::test_blend_add_ui64_blend_add_edge ... ok
test knl_values::test_blend_add_ui8_blend_add_basic ... ok
test knl_values::test_blend_add_ui8_blend_add_edge ... ok
test knl_values::test_blend_f32_basic ... ok
test knl_values::test_blend_f32_edge ... ok
test knl_values::test_blend_f64_basic ... ok
test knl_values::test_blend_f64_edge ... ok
test knl_values::test_blend_si16_basic ... ok
test knl_values::test_blend_si16_edge ... ok
test knl_values::test_blend_si32_basic ... ok
test knl_values::test_blend_si32_edge ... ok
test knl_values::test_blend_si64_basic ... ok
test knl_values::test_blend_si64_edge ... ok
test knl_values::test_blend_si8_basic ... ok
test knl_values::test_blend_ui16_basic ... ok
test knl_values::test_blend_si8_edge ... ok
test knl_values::test_blend_ui16_edge ... ok
test knl_values::test_blend_ui32_basic ... ok
test knl_values::test_blend_ui32_edge ... ok
test knl_values::test_blend_ui64_basic ... ok
test knl_values::test_blend_ui64_edge ... ok
test knl_values::test_blend_ui8_edge ... ok
test knl_values::test_blend_ui8_basic ... ok
test knl_values::test_cast_f32_to_f32_basic ... ok
test knl_values::test_cast_f32_to_f32_edge ... ok
test knl_values::test_cast_f64_avx2_to_si32_basic_bits256 ... ok
test knl_values::test_cast_f64_sse_to_si32_basic_bits128 ... ok
test knl_values::test_cast_f64_to_f64_basic ... ok
test knl_values::test_cast_f64_to_f64_edge ... ok
test knl_values::test_cast_si16_avx2_to_si32_basic_bits256 ... ok
test knl_values::test_cast_si16_to_si16_basic ... ok
test knl_values::test_cast_si16_to_si16_edge ... ok
test knl_values::test_cast_si32_avx2_to_f64_basic_bits256 ... ok
test knl_values::test_cast_si32_to_f32_basic ... ok
test knl_values::test_cast_si32_sse_to_f64_basic_bits128 ... ok
test knl_values::test_cast_si32_to_f32_edge ... ok
test knl_values::test_cast_si32_to_f32_rounding ... ok
test knl_values::test_cast_si8_avx2_to_si16_basic_bits256 ... ok
test knl_values::test_cast_si64_to_f64_basic ... ok
test knl_values::test_cast_si8_to_si8_basic ... ok
test knl_values::test_cast_si8_to_si8_edge ... ok
test knl_values::test_cast_ui16_to_ui16_basic ... ok
test knl_values::test_cast_ui16_avx2_to_ui64_basic_bits256 ... ok
test knl_values::test_cast_ui32_avx2_to_ui64_basic_bits256 ... ok
test knl_values::test_cast_ui16_to_ui16_edge ... ok
[stderr]
Compiling tsl_generated v0.1.0 (/workspace/tslctmp/ci-generated/rust)
warning: unnecessary parentheses around `return` value
      --> src/tsl_knl.rs:148191:16
       |
148191 |         return (!mask);
       |                ^     ^
       |
       = note: `#[warn(unused_parens)]` (part of `#[warn(unused)]`) on by default
help: remove these parentheses
       |
148191 -         return (!mask);
148191 +         return !mask;
       |

warning: unnecessary parentheses around `return` value
      --> src/tsl_knl.rs:148327:16
       |
148327 |         return (!mask);
       |                ^     ^
       |
help: remove these parentheses
       |
148327 -         return (!mask);
148327 +         return !mask;
       |

warning: unnecessary parentheses around `return` value
      --> src/tsl_knl.rs:148463:16
       |
148463 |         return (!mask);
       |                ^     ^
       |
help: remove these parentheses
       |
148463 -         return (!mask);
148463 +         return !mask;
       |

warning: unnecessary parentheses around `return` value
      --> src/tsl_knl.rs:148599:16
       |
148599 |         return (!mask);
       |                ^     ^
       |
help: remove these parentheses
       |
148599 -         return (!mask);
148599 +         return !mask;
       |

warning: unnecessary parentheses around `return` value
      --> src/tsl_knl.rs:148735:16
       |
148735 |         return (!mask);
       |                ^     ^
       |
help: remove these parentheses
       |
148735 -         return (!mask);
148735 +         return !mask;
       |

warning: unnecessary parentheses around `return` value
      --> src/tsl_knl.rs:148871:16
       |
148871 |         return (!mask);
       |                ^     ^
       |
help: remove these parentheses
       |
148871 -         return (!mask);
148871 +         return !mask;
       |

warning: unnecessary parentheses around `return` value
      --> src/tsl_knl.rs:149007:16
       |
149007 |         return (!mask);
       |                ^     ^
       |
help: remove these parentheses
       |
149007 -         return (!mask);
149007 +         return !mask;
       |

warning: unnecessary parentheses around `return` value
      --> src/tsl_knl.rs:149143:16
       |
149143 |         return (!mask);
       |                ^     ^
       |
help: remove these parentheses
       |
149143 -         return (!mask);
149143 +         return !mask;
       |

warning: unnecessary parentheses around `return` value
      --> src/tsl_knl.rs:149279:16
       |
149279 |         return (!mask);
       |                ^     ^
       |
help: remove these parentheses
       |
149279 -         return (!mask);
149279 +         return !mask;
       |

warning: unnecessary parentheses around `return` value
      --> src/tsl_knl.rs:149415:16
       |
149415 |         return (!mask);
       |                ^     ^
       |
help: remove these parentheses
       |
149415 -         return (!mask);
149415 +         return !mask;
       |

warning: `tsl_generated` (lib test) generated 10 warnings (10 duplicates)
warning: `tsl_generated` (lib) generated 10 warnings (run `cargo fix --lib -p tsl_generated` to apply 10 suggestions)
    Finished `test` profile [unoptimized + debuginfo] target(s) in 14.33s
     Running unittests src/lib.rs (rust/target/knl/debug/deps/tsl_generated-929c73efee087665)
     Running tests/smoke.rs (rust/target/knl/debug/deps/smoke-08659e5ccaa670ba)
     Running tests/values.rs (rust/target/knl/debug/deps/values-4920acd5e03fd150)
error: test failed, to rerun pass `--test values`

Caused by:
  process didn't exit successfully: `/workspace/tslctmp/ci-generated/rust/target/knl/debug/deps/values-4920acd5e03fd150` (signal: 4, SIGILL: illegal instruction)
[test-output] rust neon: cargo test --manifest-path /workspace/tslctmp/ci-generated/rust/Cargo.toml --no-default-features --features neon,value_tests --target aarch64-unknown-linux-musl --target-dir /workspace/tslctmp/ci-generated/rust/target/neon
[stderr]
Compiling tsl_generated v0.1.0 (/workspace/tslctmp/ci-generated/rust)
warning: unnecessary parentheses around assigned value
      --> src/tsl_neon.rs:140771:31
       |
140771 |                 let shift_s = ((0) as i8 - (shift) as i8);
       |                               ^                         ^
       |
       = note: `#[warn(unused_parens)]` (part of `#[warn(unused)]`) on by default
help: remove these parentheses
       |
140771 -                 let shift_s = ((0) as i8 - (shift) as i8);
140771 +                 let shift_s = (0) as i8 - (shift) as i8;
       |

warning: unnecessary parentheses around assigned value
      --> src/tsl_neon.rs:140776:31
       |
140776 |                 let shift_s = ((0) as i8 - (shift) as i8);
       |                               ^                         ^
       |
help: remove these parentheses
       |
140776 -                 let shift_s = ((0) as i8 - (shift) as i8);
140776 +                 let shift_s = (0) as i8 - (shift) as i8;
       |

warning: unnecessary parentheses around assigned value
      --> src/tsl_neon.rs:140997:31
       |
140997 |                 let shift_s = ((0) as i16 - (shift) as i16);
       |                               ^                           ^
       |
help: remove these parentheses
       |
140997 -                 let shift_s = ((0) as i16 - (shift) as i16);
140997 +                 let shift_s = (0) as i16 - (shift) as i16;
       |

warning: unnecessary parentheses around assigned value
      --> src/tsl_neon.rs:141002:31
       |
141002 |                 let shift_s = ((0) as i16 - (shift) as i16);
       |                               ^                           ^
       |
help: remove these parentheses
       |
141002 -                 let shift_s = ((0) as i16 - (shift) as i16);
141002 +                 let shift_s = (0) as i16 - (shift) as i16;
       |

warning: unnecessary parentheses around assigned value
      --> src/tsl_neon.rs:141223:31
       |
141223 |                 let shift_s = ((0) as i32 - (shift) as i32);
       |                               ^                           ^
       |
help: remove these parentheses
       |
141223 -                 let shift_s = ((0) as i32 - (shift) as i32);
141223 +                 let shift_s = (0) as i32 - (shift) as i32;
       |

warning: unnecessary parentheses around assigned value
      --> src/tsl_neon.rs:141228:31
       |
141228 |                 let shift_s = ((0) as i32 - (shift) as i32);
       |                               ^                           ^
       |
help: remove these parentheses
       |
141228 -                 let shift_s = ((0) as i32 - (shift) as i32);
141228 +                 let shift_s = (0) as i32 - (shift) as i32;
       |

warning: unnecessary parentheses around assigned value
      --> src/tsl_neon.rs:141449:31
       |
141449 |                 let shift_s = ((0) as i64 - (shift) as i64);
       |                               ^                           ^
       |
help: remove these parentheses
       |
141449 -                 let shift_s = ((0) as i64 - (shift) as i64);
141449 +                 let shift_s = (0) as i64 - (shift) as i64;
       |

warning: unnecessary parentheses around assigned value
      --> src/tsl_neon.rs:141454:31
       |
141454 |                 let shift_s = ((0) as i64 - (shift) as i64);
       |                               ^                           ^
       |
help: remove these parentheses
       |
141454 -                 let shift_s = ((0) as i64 - (shift) as i64);
141454 +                 let shift_s = (0) as i64 - (shift) as i64;
       |

warning: unnecessary parentheses around assigned value
      --> src/tsl_neon.rs:141673:27
       |
141673 |             let shift_s = ((0) as i8 - (shift) as i8);
       |                           ^                         ^
       |
help: remove these parentheses
       |
141673 -             let shift_s = ((0) as i8 - (shift) as i8);
141673 +             let shift_s = (0) as i8 - (shift) as i8;
       |

warning: unnecessary parentheses around assigned value
      --> src/tsl_neon.rs:141879:27
       |
141879 |             let shift_s = ((0) as i16 - (shift) as i16);
       |                           ^                           ^
       |
help: remove these parentheses
       |
141879 -             let shift_s = ((0) as i16 - (shift) as i16);
141879 +             let shift_s = (0) as i16 - (shift) as i16;
       |

warning: unnecessary parentheses around assigned value
      --> src/tsl_neon.rs:142085:27
       |
142085 |             let shift_s = ((0) as i32 - (shift) as i32);
       |                           ^                           ^
       |
help: remove these parentheses
       |
142085 -             let shift_s = ((0) as i32 - (shift) as i32);
142085 +             let shift_s = (0) as i32 - (shift) as i32;
       |

warning: unnecessary parentheses around assigned value
      --> src/tsl_neon.rs:142291:27
       |
142291 |             let shift_s = ((0) as i64 - (shift) as i64);
       |                           ^                           ^
       |
help: remove these parentheses
       |
142291 -             let shift_s = ((0) as i64 - (shift) as i64);
142291 +             let shift_s = (0) as i64 - (shift) as i64;
       |

warning: unnecessary parentheses around assigned value
      --> src/tsl_neon.rs:143882:31
       |
143882 |                 let shift_s = ((0) as i8 - (shift) as i8);
       |                               ^                         ^
       |
help: remove these parentheses
       |
143882 -                 let shift_s = ((0) as i8 - (shift) as i8);
143882 +                 let shift_s = (0) as i8 - (shift) as i8;
       |

warning: unnecessary parentheses around assigned value
      --> src/tsl_neon.rs:143887:31
       |
143887 |                 let shift_s = ((0) as i8 - (shift) as i8);
       |                               ^                         ^
       |
help: remove these parentheses
       |
143887 -                 let shift_s = ((0) as i8 - (shift) as i8);
143887 +                 let shift_s = (0) as i8 - (shift) as i8;
       |

warning: unnecessary parentheses around assigned value
      --> src/tsl_neon.rs:144020:31
       |
144020 |                 let shift_s = ((0) as i16 - (shift) as i16);
       |                               ^                           ^
       |
help: remove these parentheses
       |
144020 -                 let shift_s = ((0) as i16 - (shift) as i16);
144020 +                 let shift_s = (0) as i16 - (shift) as i16;
       |

warning: unnecessary parentheses around assigned value
      --> src/tsl_neon.rs:144025:31
       |
144025 |                 let shift_s = ((0) as i16 - (shift) as i16);
       |                               ^                           ^
       |
help: remove these parentheses
       |
144025 -                 let shift_s = ((0) as i16 - (shift) as i16);
144025 +                 let shift_s = (0) as i16 - (shift) as i16;
       |

warning: unnecessary parentheses around assigned value
      --> src/tsl_neon.rs:144158:31
       |
144158 |                 let shift_s = ((0) as i32 - (shift) as i32);
       |                               ^                           ^
       |
help: remove these parentheses
       |
144158 -                 let shift_s = ((0) as i32 - (shift) as i32);
144158 +                 let shift_s = (0) as i32 - (shift) as i32;
       |

warning: unnecessary parentheses around assigned value
      --> src/tsl_neon.rs:144163:31
       |
144163 |                 let shift_s = ((0) as i32 - (shift) as i32);
       |                               ^                           ^
       |
help: remove these parentheses
       |
144163 -                 let shift_s = ((0) as i32 - (shift) as i32);
144163 +                 let shift_s = (0) as i32 - (shift) as i32;
       |

warning: unnecessary parentheses around assigned value
      --> src/tsl_neon.rs:144296:31
       |
144296 |                 let shift_s = ((0) as i64 - (shift) as i64);
       |                               ^                           ^
       |
help: remove these parentheses
       |
144296 -                 let shift_s = ((0) as i64 - (shift) as i64);
144296 +                 let shift_s = (0) as i64 - (shift) as i64;
       |

warning: unnecessary parentheses around assigned value
      --> src/tsl_neon.rs:144301:31
       |
144301 |                 let shift_s = ((0) as i64 - (shift) as i64);
       |                               ^                           ^
       |
help: remove these parentheses
       |
144301 -                 let shift_s = ((0) as i64 - (shift) as i64);
144301 +                 let shift_s = (0) as i64 - (shift) as i64;
       |

warning: unnecessary parentheses around assigned value
      --> src/tsl_neon.rs:144432:27
       |
144432 |             let shift_s = ((0) as i8 - (shift) as i8);
       |                           ^                         ^
       |
help: remove these parentheses
       |
144432 -             let shift_s = ((0) as i8 - (shift) as i8);
144432 +             let shift_s = (0) as i8 - (shift) as i8;
       |

warning: unnecessary parentheses around assigned value
      --> src/tsl_neon.rs:144557:27
       |
144557 |             let shift_s = ((0) as i16 - (shift) as i16);
       |                           ^                           ^
       |
help: remove these parentheses
       |
144557 -             let shift_s = ((0) as i16 - (shift) as i16);
144557 +             let shift_s = (0) as i16 - (shift) as i16;
       |

warning: unnecessary parentheses around assigned value
      --> src/tsl_neon.rs:144682:27
       |
144682 |             let shift_s = ((0) as i32 - (shift) as i32);
       |                           ^                           ^
       |
help: remove these parentheses
       |
144682 -             let shift_s = ((0) as i32 - (shift) as i32);
144682 +             let shift_s = (0) as i32 - (shift) as i32;
       |

warning: unnecessary parentheses around assigned value
      --> src/tsl_neon.rs:144807:27
       |
144807 |             let shift_s = ((0) as i64 - (shift) as i64);
       |                           ^                           ^
       |
help: remove these parentheses
       |
144807 -             let shift_s = ((0) as i64 - (shift) as i64);
144807 +             let shift_s = (0) as i64 - (shift) as i64;
       |

warning: `tsl_generated` (lib test) generated 24 warnings (24 duplicates)
warning: `tsl_generated` (lib) generated 24 warnings (run `cargo fix --lib -p tsl_generated` to apply 24 suggestions)
    Finished `test` profile [unoptimized + debuginfo] target(s) in 12.55s
     Running unittests src/lib.rs (rust/target/neon/aarch64-unknown-linux-musl/debug/deps/tsl_generated-82b58630b5e34c47)
error: test failed, to rerun pass `--lib`

Caused by:
  could not execute process `/workspace/tslctmp/ci-generated/rust/target/neon/aarch64-unknown-linux-musl/debug/deps/tsl_generated-82b58630b5e34c47` (never executed)

Caused by:
  Exec format error (os error 8)
[test-output] rust sapphirerapids: cargo test --manifest-path /workspace/tslctmp/ci-generated/rust/Cargo.toml --no-default-features --features sapphirerapids,value_tests --target-dir /workspace/tslctmp/ci-generated/rust/target/sapphirerapids
[stdout]
running 0 tests

test result: ok. 0 passed; 0 failed; 0 ignored; 0 measured; 0 filtered out; finished in 0.00s


running 1 test
test smoke ... ok

test result: ok. 1 passed; 0 failed; 0 ignored; 0 measured; 0 filtered out; finished in 0.00s


running 1293 tests
test sapphirerapids_values::test_add_f32_basic ... ok
test sapphirerapids_values::test_add_f32_edge ... ok
test sapphirerapids_values::test_add_f64_basic ... ok
test sapphirerapids_values::test_add_f64_edge ... ok
test sapphirerapids_values::test_add_si16_edge ... ok
test sapphirerapids_values::test_add_si16_basic ... ok
test sapphirerapids_values::test_add_si32_basic ... ok
test sapphirerapids_values::test_add_si32_edge ... ok
test sapphirerapids_values::test_add_si32_mask_all ... ok
test sapphirerapids_values::test_add_si32_mask_basic ... ok
test sapphirerapids_values::test_add_si32_mask_zero ... ok
test sapphirerapids_values::test_add_si32_maskz_basic ... ok
test sapphirerapids_values::test_add_si32_maskz_all ... ok
test sapphirerapids_values::test_add_si32_maskz_zero ... ok
test sapphirerapids_values::test_add_si64_basic ... ok
test sapphirerapids_values::test_add_si64_edge ... ok
test sapphirerapids_values::test_add_si8_edge ... ok
test sapphirerapids_values::test_add_si8_basic ... ok
test sapphirerapids_values::test_add_ui16_basic ... ok
test sapphirerapids_values::test_add_ui16_edge ... ok
test sapphirerapids_values::test_add_ui32_basic ... ok
test sapphirerapids_values::test_add_ui32_edge ... ok
test sapphirerapids_values::test_add_ui64_basic ... ok
test sapphirerapids_values::test_add_ui64_edge ... ok
test sapphirerapids_values::test_add_ui8_basic ... ok
test sapphirerapids_values::test_add_ui8_edge ... ok
test sapphirerapids_values::test_add_ui8_mask_all ... ok
test sapphirerapids_values::test_add_ui8_mask_basic ... ok
test sapphirerapids_values::test_add_ui8_mask_zero ... ok
test sapphirerapids_values::test_add_ui8_maskz_all ... ok
test sapphirerapids_values::test_add_ui8_maskz_basic ... ok
test sapphirerapids_values::test_add_ui8_maskz_zero ... ok
test sapphirerapids_values::test_allocate_aligned_ptr_u8_basic ... ok
test sapphirerapids_values::test_allocate_aligned_ptr_u8_large ... ok
test sapphirerapids_values::test_allocate_aligned_ptr_u8_small ... ok
test sapphirerapids_values::test_allocate_aligned_ptr_u8_stress ... ok
test sapphirerapids_values::test_allocate_aligned_ptr_u8_value64 ... ok
test sapphirerapids_values::test_allocate_aligned_ptr_u8_value16 ... ok
test sapphirerapids_values::test_allocate_aligned_ptr_u8_zero ... ok
test sapphirerapids_values::test_allocate_ptr_u8_basic ... ok
test sapphirerapids_values::test_allocate_ptr_u8_large ... ok
test sapphirerapids_values::test_allocate_ptr_u8_small ... ok
test sapphirerapids_values::test_allocate_ptr_u8_unaligned_value33 ... ok
test sapphirerapids_values::test_allocate_ptr_u8_unaligned_value65 ... ok
test sapphirerapids_values::test_between_exclusive_f32_basic ... ok
test sapphirerapids_values::test_between_exclusive_f32_mask_basic ... ok
test sapphirerapids_values::test_between_exclusive_f32_nan_edge ... ok
test sapphirerapids_values::test_between_exclusive_f32_mask_nan_edge ... ok
test sapphirerapids_values::test_between_exclusive_si32_mixed ... ok
test sapphirerapids_values::test_between_exclusive_si32_mask_mixed ... ok
test sapphirerapids_values::test_between_exclusive_ui32_basic ... ok
test sapphirerapids_values::test_between_exclusive_ui32_mask_basic ... ok
test sapphirerapids_values::test_between_inclusive_f32_basic ... ok
test sapphirerapids_values::test_between_inclusive_f32_between_inclusive_mask_nan_edge ... ok
test sapphirerapids_values::test_between_inclusive_f32_between_inclusive_mask_basic ... ok
test sapphirerapids_values::test_between_inclusive_f32_nan_edge ... ok
test sapphirerapids_values::test_between_inclusive_si32_between_inclusive_mask_mixed ... ok
test sapphirerapids_values::test_between_inclusive_si32_mixed ... ok
test sapphirerapids_values::test_between_inclusive_ui32_basic ... ok
test sapphirerapids_values::test_between_inclusive_ui32_between_inclusive_mask_basic ... ok
test sapphirerapids_values::test_between_left_inclusive_f32_between_left_inclusive_mask_basic ... ok
test sapphirerapids_values::test_between_left_inclusive_f32_basic ... ok
test sapphirerapids_values::test_between_left_inclusive_f32_nan_edge ... ok
test sapphirerapids_values::test_between_left_inclusive_f32_between_left_inclusive_mask_nan_edge ... ok
test sapphirerapids_values::test_between_left_inclusive_si32_between_left_inclusive_mask_mixed ... ok
test sapphirerapids_values::test_between_left_inclusive_si32_mixed ... ok
test sapphirerapids_values::test_between_left_inclusive_ui32_basic ... ok
test sapphirerapids_values::test_between_left_inclusive_ui32_between_left_inclusive_mask_basic ... ok
test sapphirerapids_values::test_between_right_inclusive_f32_basic ... ok
test sapphirerapids_values::test_between_right_inclusive_f32_between_right_inclusive_mask_basic ... ok
test sapphirerapids_values::test_between_right_inclusive_f32_between_right_inclusive_mask_nan_edge ... ok
test sapphirerapids_values::test_between_right_inclusive_f32_nan_edge ... ok
test sapphirerapids_values::test_between_right_inclusive_si32_mixed ... ok
test sapphirerapids_values::test_between_right_inclusive_si32_between_right_inclusive_mask_mixed ... ok
test sapphirerapids_values::test_between_right_inclusive_ui32_basic ... ok
test sapphirerapids_values::test_between_right_inclusive_ui32_between_right_inclusive_mask_basic ... ok
test sapphirerapids_values::test_binary_and_f32_basic ... ok
test sapphirerapids_values::test_binary_and_f32_edge ... ok
test sapphirerapids_values::test_binary_and_f64_basic ... ok
test sapphirerapids_values::test_binary_and_f64_edge ... ok
test sapphirerapids_values::test_binary_and_si16_basic ... ok
test sapphirerapids_values::test_binary_and_si16_edge ... ok
test sapphirerapids_values::test_binary_and_si32_basic ... ok
test sapphirerapids_values::test_binary_and_si32_edge ... ok
test sapphirerapids_values::test_binary_and_si64_basic ... ok
test sapphirerapids_values::test_binary_and_si64_edge ... ok
test sapphirerapids_values::test_binary_and_si8_basic ... ok
test sapphirerapids_values::test_binary_and_si8_edge ... ok
test sapphirerapids_values::test_binary_and_ui16_basic ... ok
test sapphirerapids_values::test_binary_and_ui16_edge ... ok
test sapphirerapids_values::test_binary_and_ui32_basic ... ok
test sapphirerapids_values::test_binary_and_ui32_binary_and_mask_basic ... ok
test sapphirerapids_values::test_binary_and_ui32_binary_and_maskz_basic ... ok
test sapphirerapids_values::test_binary_and_ui64_basic ... ok
test sapphirerapids_values::test_binary_and_ui32_edge ... ok
test sapphirerapids_values::test_binary_and_ui64_edge ... ok
test sapphirerapids_values::test_binary_and_ui8_basic ... ok
test sapphirerapids_values::test_binary_and_ui8_edge ... ok
test sapphirerapids_values::test_binary_andnot_f32_basic ... ok
test sapphirerapids_values::test_binary_andnot_f64_basic ... ok
test sapphirerapids_values::test_binary_andnot_si32_basic ... ok
test sapphirerapids_values::test_binary_andnot_si32_edge ... ok
test sapphirerapids_values::test_binary_andnot_ui32_basic ... ok
test sapphirerapids_values::test_binary_andnot_ui32_binary_andnot_mask_basic ... ok
test sapphirerapids_values::test_binary_andnot_ui32_binary_andnot_maskz_basic ... ok
test sapphirerapids_values::test_binary_andnot_ui32_edge ... ok
test sapphirerapids_values::test_binary_or_f32_basic ... ok
test sapphirerapids_values::test_binary_or_f32_edge ... ok
test sapphirerapids_values::test_binary_or_f64_basic ... ok
test sapphirerapids_values::test_binary_or_f64_edge ... ok
test sapphirerapids_values::test_binary_or_si16_edge ... ok
test sapphirerapids_values::test_binary_or_si16_basic ... ok
test sapphirerapids_values::test_binary_or_si32_basic ... ok
test sapphirerapids_values::test_binary_or_si32_edge ... ok
test sapphirerapids_values::test_binary_or_si64_basic ... ok
test sapphirerapids_values::test_binary_or_si64_edge ... ok
test sapphirerapids_values::test_binary_or_si8_basic ... ok
test sapphirerapids_values::test_binary_or_si8_edge ... ok
test sapphirerapids_values::test_binary_or_ui16_basic ... ok
test sapphirerapids_values::test_binary_or_ui16_edge ... ok
test sapphirerapids_values::test_binary_or_ui32_basic ... ok
test sapphirerapids_values::test_binary_or_ui32_binary_or_maskz_basic ... ok
test sapphirerapids_values::test_binary_or_ui32_binary_or_mask_basic ... ok
test sapphirerapids_values::test_binary_or_ui32_edge ... ok
test sapphirerapids_values::test_binary_or_ui64_basic ... ok
test sapphirerapids_values::test_binary_or_ui64_edge ... ok
test sapphirerapids_values::test_binary_or_ui8_basic ... ok
test sapphirerapids_values::test_binary_or_ui8_edge ... ok
test sapphirerapids_values::test_binary_xor_f32_basic ... ok
test sapphirerapids_values::test_binary_xor_f64_basic ... ok
test sapphirerapids_values::test_binary_xor_f32_edge ... ok
test sapphirerapids_values::test_binary_xor_f64_edge ... ok
test sapphirerapids_values::test_binary_xor_si16_basic ... ok
test sapphirerapids_values::test_binary_xor_si16_edge ... ok
test sapphirerapids_values::test_binary_xor_si32_basic ... ok
test sapphirerapids_values::test_binary_xor_si32_edge ... ok
test sapphirerapids_values::test_binary_xor_si64_edge ... ok
test sapphirerapids_values::test_binary_xor_si64_basic ... ok
test sapphirerapids_values::test_binary_xor_si8_basic ... ok
test sapphirerapids_values::test_binary_xor_si8_edge ... ok
test sapphirerapids_values::test_binary_xor_ui16_basic ... ok
test sapphirerapids_values::test_binary_xor_ui16_edge ... ok
test sapphirerapids_values::test_binary_xor_ui32_basic ... ok
test sapphirerapids_values::test_binary_xor_ui32_binary_xor_maskz_basic ... ok
test sapphirerapids_values::test_binary_xor_ui32_binary_xor_mask_basic ... ok
test sapphirerapids_values::test_binary_xor_ui32_edge ... ok
test sapphirerapids_values::test_binary_xor_ui64_basic ... ok
test sapphirerapids_values::test_binary_xor_ui64_edge ... ok
test sapphirerapids_values::test_binary_xor_ui8_basic ... ok
test sapphirerapids_values::test_binary_xor_ui8_edge ... ok
test sapphirerapids_values::test_blend_add_si16_blend_add_basic ... ok
test sapphirerapids_values::test_blend_add_si16_blend_add_edge ... ok
test sapphirerapids_values::test_blend_add_si32_blend_add_basic ... ok
test sapphirerapids_values::test_blend_add_si32_blend_add_edge ... ok
test sapphirerapids_values::test_blend_add_si64_blend_add_basic ... ok
test sapphirerapids_values::test_blend_add_si64_blend_add_edge ... ok
test sapphirerapids_values::test_blend_add_si8_blend_add_basic ... ok
test sapphirerapids_values::test_blend_add_si8_blend_add_edge ... ok
test sapphirerapids_values::test_blend_add_ui16_blend_add_basic ... ok
test sapphirerapids_values::test_blend_add_ui16_blend_add_edge ... ok
test sapphirerapids_values::test_blend_add_ui32_blend_add_basic ... ok
test sapphirerapids_values::test_blend_add_ui32_blend_add_edge ... ok
test sapphirerapids_values::test_blend_add_ui64_blend_add_edge ... ok
test sapphirerapids_values::test_blend_add_ui64_blend_add_basic ... ok
test sapphirerapids_values::test_blend_add_ui8_blend_add_basic ... ok
test sapphirerapids_values::test_blend_add_ui8_blend_add_edge ... ok
test sapphirerapids_values::test_blend_f32_basic ... ok
test sapphirerapids_values::test_blend_f32_edge ... ok
test sapphirerapids_values::test_blend_f64_basic ... ok
test sapphirerapids_values::test_blend_f64_edge ... ok
test sapphirerapids_values::test_blend_si16_basic ... ok
test sapphirerapids_values::test_blend_si16_edge ... ok
test sapphirerapids_values::test_blend_si32_edge ... ok
test sapphirerapids_values::test_blend_si32_basic ... ok
test sapphirerapids_values::test_blend_si64_basic ... ok
test sapphirerapids_values::test_blend_si8_basic ... ok
test sapphirerapids_values::test_blend_si64_edge ... ok
test sapphirerapids_values::test_blend_si8_edge ... ok
test sapphirerapids_values::test_blend_ui16_basic ... ok
test sapphirerapids_values::test_blend_ui16_edge ... ok
test sapphirerapids_values::test_blend_ui32_basic ... ok
test sapphirerapids_values::test_blend_ui32_edge ... ok
test sapphirerapids_values::test_blend_ui64_basic ... ok
test sapphirerapids_values::test_blend_ui8_basic ... ok
test sapphirerapids_values::test_blend_ui64_edge ... ok
test sapphirerapids_values::test_blend_ui8_edge ... ok
test sapphirerapids_values::test_cast_f32_to_f32_basic ... ok
test sapphirerapids_values::test_cast_f32_to_f32_edge ... ok
test sapphirerapids_values::test_cast_f64_avx2_to_si32_basic_bits256 ... ok
[stderr]
Compiling tsl_generated v0.1.0 (/workspace/tslctmp/ci-generated/rust)
warning: unnecessary parentheses around `return` value
      --> src/tsl_sapphirerapids.rs:159905:16
       |
159905 |         return (!mask);
       |                ^     ^
       |
       = note: `#[warn(unused_parens)]` (part of `#[warn(unused)]`) on by default
help: remove these parentheses
       |
159905 -         return (!mask);
159905 +         return !mask;
       |

warning: unnecessary parentheses around `return` value
      --> src/tsl_sapphirerapids.rs:159931:16
       |
159931 |         return (!mask);
       |                ^     ^
       |
help: remove these parentheses
       |
159931 -         return (!mask);
159931 +         return !mask;
       |

warning: unnecessary parentheses around `return` value
      --> src/tsl_sapphirerapids.rs:160015:16
       |
160015 |         return (!mask);
       |                ^     ^
       |
help: remove these parentheses
       |
160015 -         return (!mask);
160015 +         return !mask;
       |

warning: unnecessary parentheses around `return` value
      --> src/tsl_sapphirerapids.rs:160041:16
       |
160041 |         return (!mask);
       |                ^     ^
       |
help: remove these parentheses
       |
160041 -         return (!mask);
160041 +         return !mask;
       |

warning: unnecessary parentheses around `return` value
      --> src/tsl_sapphirerapids.rs:160067:16
       |
160067 |         return (!mask);
       |                ^     ^
       |
help: remove these parentheses
       |
160067 -         return (!mask);
160067 +         return !mask;
       |

warning: unnecessary parentheses around `return` value
      --> src/tsl_sapphirerapids.rs:160151:16
       |
160151 |         return (!mask);
       |                ^     ^
       |
help: remove these parentheses
       |
160151 -         return (!mask);
160151 +         return !mask;
       |

warning: unnecessary parentheses around `return` value
      --> src/tsl_sapphirerapids.rs:160177:16
       |
160177 |         return (!mask);
       |                ^     ^
       |
help: remove these parentheses
       |
160177 -         return (!mask);
160177 +         return !mask;
       |

warning: unnecessary parentheses around `return` value
      --> src/tsl_sapphirerapids.rs:160203:16
       |
160203 |         return (!mask);
       |                ^     ^
       |
help: remove these parentheses
       |
160203 -         return (!mask);
160203 +         return !mask;
       |

warning: unnecessary parentheses around `return` value
      --> src/tsl_sapphirerapids.rs:160287:16
       |
160287 |         return (!mask);
       |                ^     ^
       |
help: remove these parentheses
       |
160287 -         return (!mask);
160287 +         return !mask;
       |

warning: unnecessary parentheses around `return` value
      --> src/tsl_sapphirerapids.rs:160313:16
       |
160313 |         return (!mask);
       |                ^     ^
       |
help: remove these parentheses
       |
160313 -         return (!mask);
160313 +         return !mask;
       |

warning: unnecessary parentheses around `return` value
      --> src/tsl_sapphirerapids.rs:160339:16
       |
160339 |         return (!mask);
       |                ^     ^
       |
help: remove these parentheses
       |
160339 -         return (!mask);
160339 +         return !mask;
       |

warning: unnecessary parentheses around `return` value
      --> src/tsl_sapphirerapids.rs:160423:16
       |
160423 |         return (!mask);
       |                ^     ^
       |
help: remove these parentheses
       |
160423 -         return (!mask);
160423 +         return !mask;
       |

warning: unnecessary parentheses around `return` value
      --> src/tsl_sapphirerapids.rs:160449:16
       |
160449 |         return (!mask);
       |                ^     ^
       |
help: remove these parentheses
       |
160449 -         return (!mask);
160449 +         return !mask;
       |

warning: unnecessary parentheses around `return` value
      --> src/tsl_sapphirerapids.rs:160475:16
       |
160475 |         return (!mask);
       |                ^     ^
       |
help: remove these parentheses
       |
160475 -         return (!mask);
160475 +         return !mask;
       |

warning: unnecessary parentheses around `return` value
      --> src/tsl_sapphirerapids.rs:160559:16
       |
160559 |         return (!mask);
       |                ^     ^
       |
help: remove these parentheses
       |
160559 -         return (!mask);
160559 +         return !mask;
       |

warning: unnecessary parentheses around `return` value
      --> src/tsl_sapphirerapids.rs:160585:16
       |
160585 |         return (!mask);
       |                ^     ^
       |
help: remove these parentheses
       |
160585 -         return (!mask);
160585 +         return !mask;
       |

warning: unnecessary parentheses around `return` value
      --> src/tsl_sapphirerapids.rs:160611:16
       |
160611 |         return (!mask);
       |                ^     ^
       |
help: remove these parentheses
       |
160611 -         return (!mask);
160611 +         return !mask;
       |

warning: unnecessary parentheses around `return` value
      --> src/tsl_sapphirerapids.rs:160695:16
       |
160695 |         return (!mask);
       |                ^     ^
       |
help: remove these parentheses
       |
160695 -         return (!mask);
160695 +         return !mask;
       |

warning: unnecessary parentheses around `return` value
      --> src/tsl_sapphirerapids.rs:160721:16
       |
160721 |         return (!mask);
       |                ^     ^
       |
help: remove these parentheses
       |
160721 -         return (!mask);
160721 +         return !mask;
       |

warning: unnecessary parentheses around `return` value
      --> src/tsl_sapphirerapids.rs:160747:16
       |
160747 |         return (!mask);
       |                ^     ^
       |
help: remove these parentheses
       |
160747 -         return (!mask);
160747 +         return !mask;
       |

warning: unnecessary parentheses around `return` value
      --> src/tsl_sapphirerapids.rs:160831:16
       |
160831 |         return (!mask);
       |                ^     ^
       |
help: remove these parentheses
       |
160831 -         return (!mask);
160831 +         return !mask;
       |

warning: unnecessary parentheses around `return` value
      --> src/tsl_sapphirerapids.rs:160857:16
       |
160857 |         return (!mask);
       |                ^     ^
       |
help: remove these parentheses
       |
160857 -         return (!mask);
160857 +         return !mask;
       |

warning: unnecessary parentheses around `return` value
      --> src/tsl_sapphirerapids.rs:160883:16
       |
160883 |         return (!mask);
       |                ^     ^
       |
help: remove these parentheses
       |
160883 -         return (!mask);
160883 +         return !mask;
       |

warning: unnecessary parentheses around `return` value
      --> src/tsl_sapphirerapids.rs:160967:16
       |
160967 |         return (!mask);
       |                ^     ^
       |
help: remove these parentheses
       |
160967 -         return (!mask);
160967 +         return !mask;
       |

warning: unnecessary parentheses around `return` value
      --> src/tsl_sapphirerapids.rs:160993:16
       |
160993 |         return (!mask);
       |                ^     ^
       |
help: remove these parentheses
       |
160993 -         return (!mask);
160993 +         return !mask;
       |

warning: unnecessary parentheses around `return` value
      --> src/tsl_sapphirerapids.rs:161019:16
       |
161019 |         return (!mask);
       |                ^     ^
       |
help: remove these parentheses
       |
161019 -         return (!mask);
161019 +         return !mask;
       |

warning: unnecessary parentheses around `return` value
      --> src/tsl_sapphirerapids.rs:161103:16
       |
161103 |         return (!mask);
       |                ^     ^
       |
help: remove these parentheses
       |
161103 -         return (!mask);
161103 +         return !mask;
       |

warning: unnecessary parentheses around `return` value
      --> src/tsl_sapphirerapids.rs:161129:16
       |
161129 |         return (!mask);
       |                ^     ^
       |
help: remove these parentheses
       |
161129 -         return (!mask);
161129 +         return !mask;
       |

warning: unnecessary parentheses around `return` value
      --> src/tsl_sapphirerapids.rs:161155:16
       |
161155 |         return (!mask);
       |                ^     ^
       |
help: remove these parentheses
       |
161155 -         return (!mask);
161155 +         return !mask;
       |

warning: unnecessary parentheses around `return` value
      --> src/tsl_sapphirerapids.rs:161239:16
       |
161239 |         return (!mask);
       |                ^     ^
       |
help: remove these parentheses
       |
161239 -         return (!mask);
161239 +         return !mask;
       |

warning: `tsl_generated` (lib test) generated 30 warnings (run `cargo fix --lib -p tsl_generated --tests` to apply 30 suggestions)
warning: `tsl_generated` (lib) generated 30 warnings (30 duplicates)
    Finished `test` profile [unoptimized + debuginfo] target(s) in 13.70s
     Running unittests src/lib.rs (rust/target/sapphirerapids/debug/deps/tsl_generated-d07281d529ee8c9c)
     Running tests/smoke.rs (rust/target/sapphirerapids/debug/deps/smoke-b4eed8e16fe5cdbd)
     Running tests/values.rs (rust/target/sapphirerapids/debug/deps/values-6bfabe8d4663683a)
error: test failed, to rerun pass `--test values`

Caused by:
  process didn't exit successfully: `/workspace/tslctmp/ci-generated/rust/target/sapphirerapids/debug/deps/values-6bfabe8d4663683a` (signal: 4, SIGILL: illegal instruction)
[test-output] rust scalar: cargo test --manifest-path /workspace/tslctmp/ci-generated/rust/Cargo.toml --no-default-features --features scalar,value_tests --target-dir /workspace/tslctmp/ci-generated/rust/target/scalar
[stdout]
running 0 tests

test result: ok. 0 passed; 0 failed; 0 ignored; 0 measured; 0 filtered out; finished in 0.00s


running 1 test
test smoke ... ok

test result: ok. 1 passed; 0 failed; 0 ignored; 0 measured; 0 filtered out; finished in 0.00s


running 1144 tests
test scalar_values::test_add_f32_edge ... ok
test scalar_values::test_add_f32_basic ... ok
test scalar_values::test_add_f64_basic ... ok
test scalar_values::test_add_f64_edge ... ok
test scalar_values::test_add_si16_basic ... ok
test scalar_values::test_add_si16_edge ... ok
test scalar_values::test_add_si32_basic ... ok
test scalar_values::test_add_si32_edge ... ok
test scalar_values::test_add_si32_mask_all ... ok
test scalar_values::test_add_si32_mask_basic ... ok
test scalar_values::test_add_si32_mask_zero ... ok
test scalar_values::test_add_si32_maskz_all ... ok
test scalar_values::test_add_si32_maskz_basic ... ok
test scalar_values::test_add_si32_maskz_zero ... ok
test scalar_values::test_add_si64_basic ... ok
test scalar_values::test_add_si8_basic ... ok
test scalar_values::test_add_si64_edge ... ok
test scalar_values::test_add_si8_edge ... ok
test scalar_values::test_add_ui16_basic ... ok
test scalar_values::test_add_ui16_edge ... ok
test scalar_values::test_add_ui32_basic ... ok
test scalar_values::test_add_ui32_edge ... ok
test scalar_values::test_add_ui64_basic ... ok
test scalar_values::test_add_ui8_basic ... ok
test scalar_values::test_add_ui64_edge ... ok
test scalar_values::test_add_ui8_edge ... ok
test scalar_values::test_add_ui8_mask_all ... ok
test scalar_values::test_add_ui8_mask_basic ... ok
test scalar_values::test_add_ui8_mask_zero ... ok
test scalar_values::test_add_ui8_maskz_all ... ok
test scalar_values::test_add_ui8_maskz_basic ... ok
test scalar_values::test_add_ui8_maskz_zero ... ok
test scalar_values::test_allocate_aligned_ptr_u8_basic ... ok
test scalar_values::test_allocate_aligned_ptr_u8_large ... ok
test scalar_values::test_allocate_aligned_ptr_u8_small ... ok
test scalar_values::test_allocate_aligned_ptr_u8_stress ... ok
test scalar_values::test_allocate_aligned_ptr_u8_value16 ... ok
test scalar_values::test_allocate_aligned_ptr_u8_value64 ... ok
test scalar_values::test_allocate_aligned_ptr_u8_zero ... ok
test scalar_values::test_allocate_ptr_u8_basic ... ok
test scalar_values::test_allocate_ptr_u8_large ... ok
test scalar_values::test_allocate_ptr_u8_small ... ok
test scalar_values::test_allocate_ptr_u8_unaligned_value33 ... ok
test scalar_values::test_allocate_ptr_u8_unaligned_value65 ... ok
test scalar_values::test_between_exclusive_f32_basic ... ok
test scalar_values::test_between_exclusive_f32_mask_basic ... ok
test scalar_values::test_between_exclusive_f32_mask_nan_edge ... ok
test scalar_values::test_between_exclusive_f32_nan_edge ... ok
test scalar_values::test_between_exclusive_si32_mixed ... ok
test scalar_values::test_between_exclusive_si32_mask_mixed ... ok
test scalar_values::test_between_exclusive_ui32_mask_basic ... ok
test scalar_values::test_between_exclusive_ui32_basic ... ok
test scalar_values::test_between_inclusive_f32_basic ... ok
test scalar_values::test_between_inclusive_f32_between_inclusive_mask_basic ... ok
test scalar_values::test_between_inclusive_f32_between_inclusive_mask_nan_edge ... ok
test scalar_values::test_between_inclusive_f32_nan_edge ... ok
test scalar_values::test_between_inclusive_si32_between_inclusive_mask_mixed ... ok
test scalar_values::test_between_inclusive_si32_mixed ... ok
test scalar_values::test_between_inclusive_ui32_basic ... ok
test scalar_values::test_between_inclusive_ui32_between_inclusive_mask_basic ... ok
test scalar_values::test_between_left_inclusive_f32_basic ... ok
test scalar_values::test_between_left_inclusive_f32_between_left_inclusive_mask_basic ... ok
test scalar_values::test_between_left_inclusive_f32_between_left_inclusive_mask_nan_edge ... ok
test scalar_values::test_between_left_inclusive_f32_nan_edge ... ok
test scalar_values::test_between_left_inclusive_si32_between_left_inclusive_mask_mixed ... ok
test scalar_values::test_between_left_inclusive_si32_mixed ... ok
test scalar_values::test_between_left_inclusive_ui32_basic ... ok
test scalar_values::test_between_right_inclusive_f32_basic ... ok
test scalar_values::test_between_left_inclusive_ui32_between_left_inclusive_mask_basic ... ok
test scalar_values::test_between_right_inclusive_f32_between_right_inclusive_mask_basic ... ok
test scalar_values::test_between_right_inclusive_f32_between_right_inclusive_mask_nan_edge ... ok
test scalar_values::test_between_right_inclusive_f32_nan_edge ... ok
test scalar_values::test_between_right_inclusive_si32_between_right_inclusive_mask_mixed ... ok
test scalar_values::test_between_right_inclusive_si32_mixed ... ok
test scalar_values::test_between_right_inclusive_ui32_basic ... ok
test scalar_values::test_between_right_inclusive_ui32_between_right_inclusive_mask_basic ... ok
test scalar_values::test_binary_and_f32_basic ... ok
test scalar_values::test_binary_and_f32_edge ... ok
test scalar_values::test_binary_and_f64_basic ... ok
test scalar_values::test_binary_and_f64_edge ... ok
test scalar_values::test_binary_and_si16_basic ... ok
test scalar_values::test_binary_and_si16_edge ... ok
test scalar_values::test_binary_and_si32_basic ... ok
test scalar_values::test_binary_and_si64_basic ... ok
test scalar_values::test_binary_and_si32_edge ... ok
test scalar_values::test_binary_and_si64_edge ... ok
test scalar_values::test_binary_and_si8_basic ... ok
test scalar_values::test_binary_and_si8_edge ... ok
test scalar_values::test_binary_and_ui16_basic ... ok
test scalar_values::test_binary_and_ui16_edge ... ok
test scalar_values::test_binary_and_ui32_basic ... ok
test scalar_values::test_binary_and_ui32_binary_and_mask_basic ... ok
test scalar_values::test_binary_and_ui32_binary_and_maskz_basic ... ok
test scalar_values::test_binary_and_ui32_edge ... ok
test scalar_values::test_binary_and_ui64_basic ... ok
test scalar_values::test_binary_and_ui64_edge ... ok
test scalar_values::test_binary_and_ui8_edge ... ok
test scalar_values::test_binary_and_ui8_basic ... ok
test scalar_values::test_binary_andnot_f32_basic ... ok
test scalar_values::test_binary_andnot_f64_basic ... ok
test scalar_values::test_binary_andnot_si32_basic ... ok
test scalar_values::test_binary_andnot_si32_edge ... ok
test scalar_values::test_binary_andnot_ui32_basic ... ok
test scalar_values::test_binary_andnot_ui32_binary_andnot_maskz_basic ... ok
test scalar_values::test_binary_andnot_ui32_binary_andnot_mask_basic ... ok
test scalar_values::test_binary_andnot_ui32_edge ... ok
test scalar_values::test_binary_or_f32_basic ... ok
test scalar_values::test_binary_or_f32_edge ... ok
test scalar_values::test_binary_or_f64_basic ... ok
test scalar_values::test_binary_or_f64_edge ... ok
test scalar_values::test_binary_or_si16_basic ... ok
test scalar_values::test_binary_or_si16_edge ... ok
test scalar_values::test_binary_or_si32_basic ... ok
test scalar_values::test_binary_or_si32_edge ... ok
test scalar_values::test_binary_or_si64_basic ... ok
test scalar_values::test_binary_or_si64_edge ... ok
test scalar_values::test_binary_or_si8_edge ... ok
test scalar_values::test_binary_or_si8_basic ... ok
test scalar_values::test_binary_or_ui16_basic ... ok
test scalar_values::test_binary_or_ui16_edge ... ok
test scalar_values::test_binary_or_ui32_basic ... ok
test scalar_values::test_binary_or_ui32_binary_or_mask_basic ... ok
test scalar_values::test_binary_or_ui32_binary_or_maskz_basic ... ok
test scalar_values::test_binary_or_ui32_edge ... ok
test scalar_values::test_binary_or_ui64_basic ... ok
test scalar_values::test_binary_or_ui64_edge ... ok
test scalar_values::test_binary_or_ui8_basic ... ok
test scalar_values::test_binary_or_ui8_edge ... ok
test scalar_values::test_binary_xor_f32_basic ... ok
test scalar_values::test_binary_xor_f32_edge ... ok
test scalar_values::test_binary_xor_f64_basic ... ok
test scalar_values::test_binary_xor_f64_edge ... ok
test scalar_values::test_binary_xor_si16_edge ... ok
test scalar_values::test_binary_xor_si16_basic ... ok
test scalar_values::test_binary_xor_si32_basic ... ok
test scalar_values::test_binary_xor_si32_edge ... ok
test scalar_values::test_binary_xor_si64_edge ... ok
test scalar_values::test_binary_xor_si64_basic ... ok
test scalar_values::test_binary_xor_si8_edge ... ok
test scalar_values::test_binary_xor_si8_basic ... ok
test scalar_values::test_binary_xor_ui16_basic ... ok
test scalar_values::test_binary_xor_ui16_edge ... ok
test scalar_values::test_binary_xor_ui32_basic ... ok
test scalar_values::test_binary_xor_ui32_binary_xor_mask_basic ... ok
test scalar_values::test_binary_xor_ui32_binary_xor_maskz_basic ... ok
test scalar_values::test_binary_xor_ui32_edge ... ok
test scalar_values::test_binary_xor_ui64_basic ... ok
test scalar_values::test_binary_xor_ui64_edge ... ok
test scalar_values::test_binary_xor_ui8_basic ... ok
test scalar_values::test_binary_xor_ui8_edge ... ok
test scalar_values::test_blend_add_si16_blend_add_basic ... ok
test scalar_values::test_blend_add_si16_blend_add_edge ... ok
test scalar_values::test_blend_add_si32_blend_add_edge ... ok
test scalar_values::test_blend_add_si32_blend_add_basic ... ok
test scalar_values::test_blend_add_si64_blend_add_basic ... ok
test scalar_values::test_blend_add_si64_blend_add_edge ... ok
test scalar_values::test_blend_add_si8_blend_add_edge ... ok
test scalar_values::test_blend_add_si8_blend_add_basic ... ok
test scalar_values::test_blend_add_ui16_blend_add_basic ... ok
test scalar_values::test_blend_add_ui16_blend_add_edge ... ok
test scalar_values::test_blend_add_ui32_blend_add_basic ... ok
test scalar_values::test_blend_add_ui64_blend_add_basic ... ok
test scalar_values::test_blend_add_ui64_blend_add_edge ... ok
test scalar_values::test_blend_add_ui8_blend_add_basic ... ok
test scalar_values::test_blend_add_ui8_blend_add_edge ... ok
test scalar_values::test_blend_f32_basic ... ok
test scalar_values::test_blend_f32_edge ... ok
test scalar_values::test_blend_f64_basic ... ok
test scalar_values::test_blend_f64_edge ... ok
test scalar_values::test_blend_si16_basic ... ok
test scalar_values::test_blend_si16_edge ... ok
test scalar_values::test_blend_si32_basic ... ok
test scalar_values::test_blend_si32_edge ... ok
test scalar_values::test_blend_si64_basic ... ok
test scalar_values::test_blend_si64_edge ... ok
test scalar_values::test_blend_si8_basic ... ok
test scalar_values::test_blend_si8_edge ... ok
test scalar_values::test_blend_ui16_basic ... ok
test scalar_values::test_blend_ui16_edge ... ok
test scalar_values::test_blend_ui32_basic ... ok
test scalar_values::test_blend_ui32_edge ... ok
test scalar_values::test_blend_ui64_basic ... ok
test scalar_values::test_blend_ui64_edge ... ok
test scalar_values::test_blend_ui8_basic ... ok
test scalar_values::test_blend_ui8_edge ... ok
test scalar_values::test_cast_f32_to_f32_basic ... ok
test scalar_values::test_blend_add_ui32_blend_add_edge ... ok
test scalar_values::test_cast_f32_to_f32_edge ... ok
test scalar_values::test_cast_f64_to_f64_basic ... ok
test scalar_values::test_cast_f64_to_f64_edge ... ok
test scalar_values::test_cast_si16_to_si16_basic ... ok
test scalar_values::test_cast_si16_to_si16_edge ... ok
test scalar_values::test_cast_si32_to_f32_basic ... ok
test scalar_values::test_cast_si32_to_f32_edge ... ok
test scalar_values::test_cast_si32_to_f32_rounding ... ok
test scalar_values::test_cast_si64_to_f64_basic ... ok
test scalar_values::test_cast_si8_to_si8_edge ... ok
test scalar_values::test_cast_si8_to_si8_basic ... ok
test scalar_values::test_cast_ui16_to_ui16_basic ... ok
test scalar_values::test_cast_ui16_to_ui16_edge ... ok
test scalar_values::test_cast_ui64_to_f64_basic ... ok
test scalar_values::test_cast_ui32_to_f32_basic ... ok
test scalar_values::test_cast_ui8_to_ui8_basic ... ok
test scalar_values::test_cast_ui8_to_ui8_edge ... ok
test scalar_values::test_compress_f32_basic ... ok
test scalar_values::test_compress_f32_edge ... ok
test scalar_values::test_compress_f64_basic ... ok
test scalar_values::test_compress_f64_edge ... ok
test scalar_values::test_compress_si16_basic ... ok
test scalar_values::test_compress_si16_edge ... ok
test scalar_values::test_compress_si32_basic ... ok
test scalar_values::test_compress_si32_edge ... ok
test scalar_values::test_compress_si64_basic ... ok
test scalar_values::test_compress_si64_edge ... ok
test scalar_values::test_compress_si8_basic ... ok
test scalar_values::test_compress_si8_edge ... ok
test scalar_values::test_compress_store_f32_store_basic ... ok
test scalar_values::test_compress_store_f32_store_edge ... ok
test scalar_values::test_compress_store_f64_store_basic ... ok
test scalar_values::test_compress_store_f64_store_edge ... ok
test scalar_values::test_compress_store_si16_store_basic ... ok
test scalar_values::test_compress_store_si16_store_edge ... ok
test scalar_values::test_compress_store_si32_store_basic ... ok
test scalar_values::test_compress_store_si32_store_edge ... ok
test scalar_values::test_compress_store_si64_store_basic ... ok
test scalar_values::test_compress_store_si64_store_edge ... ok
test scalar_values::test_compress_store_si8_store_basic ... ok
test scalar_values::test_compress_store_si8_store_edge ... ok
test scalar_values::test_compress_store_ui16_store_basic ... ok
test scalar_values::test_compress_store_ui16_store_edge ... ok
test scalar_values::test_compress_store_ui32_store_all ... ok
test scalar_values::test_compress_store_ui32_store_alternating ... ok
test scalar_values::test_compress_store_ui32_store_back_half ... ok
test scalar_values::test_compress_store_ui32_store_pairs ... ok
test scalar_values::test_compress_store_ui32_store_front_half ... ok
test scalar_values::test_compress_store_ui32_store_single_lsb ... ok
test scalar_values::test_compress_store_ui32_store_single_msb ... ok
test scalar_values::test_compress_store_ui64_store_basic ... ok
test scalar_values::test_compress_store_ui32_store_zero ... ok
test scalar_values::test_compress_store_ui64_store_edge ... ok
test scalar_values::test_compress_store_ui8_store_basic ... ok
test scalar_values::test_compress_store_ui8_store_edge ... ok
test scalar_values::test_compress_ui16_basic ... ok
test scalar_values::test_compress_ui16_edge ... ok
test scalar_values::test_compress_ui32_basic ... ok
test scalar_values::test_compress_ui32_edge ... ok
test scalar_values::test_compress_ui64_basic ... ok
test scalar_values::test_compress_ui64_edge ... ok
test scalar_values::test_compress_ui8_edge ... ok
test scalar_values::test_compress_ui8_basic ... ok
test scalar_values::test_conflict_free_si16_basic ... ok
test scalar_values::test_conflict_free_si16_edge ... ok
test scalar_values::test_conflict_free_si32_basic ... ok
test scalar_values::test_conflict_free_si32_edge ... ok
test scalar_values::test_conflict_free_si64_edge ... ok
test scalar_values::test_conflict_free_si64_basic ... ok
test scalar_values::test_conflict_free_si8_basic ... ok
test scalar_values::test_conflict_free_ui16_basic ... ok
test scalar_values::test_conflict_free_si8_edge ... ok
test scalar_values::test_conflict_free_ui32_basic ... ok
test scalar_values::test_conflict_free_ui16_edge ... ok
test scalar_values::test_conflict_free_ui32_edge ... ok
test scalar_values::test_conflict_free_ui64_basic ... ok
test scalar_values::test_conflict_free_ui64_edge ... ok
test scalar_values::test_conflict_free_ui8_basic ... ok
test scalar_values::test_conflict_free_ui8_edge ... ok
test scalar_values::test_conflict_si16_basic ... ok
test scalar_values::test_conflict_si32_basic ... ok
test scalar_values::test_conflict_si16_edge ... ok
test scalar_values::test_conflict_si64_basic ... ok
test scalar_values::test_conflict_si32_edge ... ok
test scalar_values::test_conflict_si64_edge ... ok
test scalar_values::test_conflict_si8_basic ... ok
test scalar_values::test_conflict_ui16_basic ... ok
test scalar_values::test_conflict_si8_edge ... ok
test scalar_values::test_conflict_ui16_edge ... ok
test scalar_values::test_conflict_ui32_edge ... ok
test scalar_values::test_conflict_ui32_basic ... ok
test scalar_values::test_conflict_ui64_basic ... ok
test scalar_values::test_conflict_ui64_edge ... ok
test scalar_values::test_conflict_ui8_edge ... ok
test scalar_values::test_conflict_ui8_basic ... ok
test scalar_values::test_convert_down_si32_to_si16_idx0_down ... ok
test scalar_values::test_convert_down_si64_to_si32_idx0_down ... ok
test scalar_values::test_convert_down_si32_to_si16_idx1_down_edge ... ok
test scalar_values::test_convert_down_ui64_to_ui32_idx1_down ... ok
test scalar_values::test_convert_down_si64_to_si32_idx1_down ... ok
test scalar_values::test_convert_up_si16_to_si32_idx0_up ... ok
test scalar_values::test_convert_up_si16_to_si32_idx1_up_edge ... ok
test scalar_values::test_convert_up_si32_to_si64_idx0_up ... ok
test scalar_values::test_convert_up_si16_to_si64_idx3_up ... ok
test scalar_values::test_convert_up_si32_to_si64_idx1_up ... ok
test scalar_values::test_convert_up_si8_to_si16_idx1_up ... ok
test scalar_values::test_convert_up_si8_to_si32_idx3_up ... ok
test scalar_values::test_convert_up_si8_to_si32_idx0_up ... ok
test scalar_values::test_convert_up_ui16_to_ui64_idx2_up ... ok
test scalar_values::test_convert_up_ui32_to_ui64_idx1_up ... ok
test scalar_values::test_convert_up_ui8_to_ui32_idx2_up_edge ... ok
test scalar_values::test_convert_up_ui8_to_ui64_idx7_up ... ok
test scalar_values::test_count_matches_f32_edge ... ok
test scalar_values::test_count_matches_f32_basic ... ok
test scalar_values::test_count_matches_f64_edge ... ok
test scalar_values::test_count_matches_f64_basic ... ok
test scalar_values::test_count_matches_si16_basic ... ok
test scalar_values::test_count_matches_si16_edge ... ok
test scalar_values::test_count_matches_si32_basic ... ok
test scalar_values::test_count_matches_si32_edge ... ok
test scalar_values::test_count_matches_si64_basic ... ok
test scalar_values::test_count_matches_si64_edge ... ok
test scalar_values::test_count_matches_si8_basic ... ok
test scalar_values::test_count_matches_si8_edge ... ok
test scalar_values::test_count_matches_ui16_basic ... ok
test scalar_values::test_count_matches_ui32_basic ... ok
test scalar_values::test_count_matches_ui16_edge ... ok
test scalar_values::test_count_matches_ui32_edge ... ok
test scalar_values::test_count_matches_ui64_basic ... ok
test scalar_values::test_count_matches_ui64_edge ... ok
test scalar_values::test_count_matches_ui8_basic ... ok
test scalar_values::test_count_matches_ui8_edge ... ok
test scalar_values::test_custom_sequence_si16_basic ... ok
test scalar_values::test_custom_sequence_si16_edge ... ok
test scalar_values::test_custom_sequence_si32_edge ... ok
test scalar_values::test_custom_sequence_si64_basic ... ok
test scalar_values::test_custom_sequence_si64_edge ... ok
test scalar_values::test_custom_sequence_si8_basic ... ok
test scalar_values::test_custom_sequence_si8_edge ... ok
test scalar_values::test_custom_sequence_ui16_basic ... ok
test scalar_values::test_custom_sequence_ui16_edge ... ok
test scalar_values::test_custom_sequence_ui32_basic ... ok
test scalar_values::test_custom_sequence_ui64_basic ... ok
test scalar_values::test_custom_sequence_ui64_edge ... ok
test scalar_values::test_custom_sequence_ui8_basic ... ok
test scalar_values::test_custom_sequence_ui8_edge ... ok
test scalar_values::test_deallocate_ptr_aligned_u8_value16 ... ok
test scalar_values::test_deallocate_ptr_aligned_u8_value64 ... ok
test scalar_values::test_deallocate_ptr_u8_basic ... ok
test scalar_values::test_deallocate_ptr_u8_large ... ok
test scalar_values::test_deallocate_ptr_u8_small ... ok
test scalar_values::test_deallocate_ptr_u8_unaligned_value33 ... ok
test scalar_values::test_deallocate_ptr_u8_unaligned_value65 ... ok
test scalar_values::test_div_f32_basic ... ok
test scalar_values::test_div_f32_mask_basic ... ok
test scalar_values::test_div_f32_mask_zero ... ok
test scalar_values::test_div_f32_maskz_basic ... ok
test scalar_values::test_div_f32_maskz_zero ... ok
test scalar_values::test_div_f32_one ... ok
test scalar_values::test_div_f64_basic ... ok
test scalar_values::test_div_si32_generic_basic ... ok
test scalar_values::test_div_si32_generic_mask_basic ... ok
test scalar_values::test_equal_f32_basic ... ok
test scalar_values::test_div_si32_generic_maskz_basic ... ok
test scalar_values::test_equal_f32_edge ... ok
test scalar_values::test_equal_f32_equal_mask_basic ... ok
test scalar_values::test_equal_f32_nan_mixed ... ok
test scalar_values::test_equal_f32_equal_mask_nan_edge ... ok
test scalar_values::test_equal_f64_edge ... ok
test scalar_values::test_equal_f64_basic ... ok
test scalar_values::test_equal_f64_nan_mixed ... ok
test scalar_values::test_equal_si16_basic ... ok
test scalar_values::test_equal_si16_edge ... ok
test scalar_values::test_equal_si32_basic ... ok
test scalar_values::test_equal_si32_edge ... ok
test scalar_values::test_equal_si32_equal_mask_mixed ... ok
test scalar_values::test_equal_si64_basic ... ok
test scalar_values::test_equal_si64_edge ... ok
test scalar_values::test_equal_si8_basic ... ok
test scalar_values::test_equal_si8_edge ... ok
test scalar_values::test_equal_ui16_basic ... ok
test scalar_values::test_equal_ui16_edge ... ok
test scalar_values::test_equal_ui32_edge ... ok
test scalar_values::test_equal_ui32_basic ... ok
test scalar_values::test_equal_ui32_equal_mask_basic ... ok
test scalar_values::test_equal_ui32_equal_mask_none ... ok
test scalar_values::test_equal_ui64_basic ... ok
test scalar_values::test_equal_ui64_edge ... ok
test scalar_values::test_equal_ui8_basic ... ok
test scalar_values::test_expand_load_f32_load_basic ... ok
test scalar_values::test_equal_ui8_edge ... ok
test scalar_values::test_expand_load_f32_load_edge ... ok
test scalar_values::test_expand_load_f64_load_basic ... ok
test scalar_values::test_expand_load_f64_load_edge ... ok
test scalar_values::test_expand_load_si16_load_basic ... ok
test scalar_values::test_expand_load_si16_load_edge ... ok
test scalar_values::test_expand_load_si32_load_basic ... ok
test scalar_values::test_expand_load_si64_load_basic ... ok
test scalar_values::test_expand_load_si32_load_edge ... ok
test scalar_values::test_expand_load_si64_load_edge ... ok
test scalar_values::test_expand_load_si8_load_basic ... ok
test scalar_values::test_expand_load_si8_load_edge ... ok
test scalar_values::test_expand_load_ui16_load_basic ... ok
test scalar_values::test_expand_load_ui16_load_edge ... ok
test scalar_values::test_expand_load_ui32_load_all ... ok
test scalar_values::test_expand_load_ui32_load_alternating ... ok
test scalar_values::test_expand_load_ui32_load_back_half ... ok
test scalar_values::test_expand_load_ui32_load_front_half ... ok
test scalar_values::test_expand_load_ui32_load_pairs ... ok
test scalar_values::test_expand_load_ui32_load_single_lsb ... ok
test scalar_values::test_expand_load_ui32_load_single_msb ... ok
test scalar_values::test_expand_load_ui32_load_zero ... ok
test scalar_values::test_expand_load_ui64_load_basic ... ok
test scalar_values::test_expand_load_ui64_load_edge ... ok
test scalar_values::test_expand_load_ui8_load_edge ... ok
test scalar_values::test_expand_load_ui8_load_basic ... ok
test scalar_values::test_extract_value_f32_idx0_basic ... ok
test scalar_values::test_extract_value_f32_idx3_edge ... ok
test scalar_values::test_extract_value_f64_idx0_basic ... ok
test scalar_values::test_extract_value_f64_idx1_edge ... ok
test scalar_values::test_extract_value_si16_idx0_basic ... ok
test scalar_values::test_extract_value_si32_idx0_basic ... ok
test scalar_values::test_extract_value_si16_idx7_edge ... ok
test scalar_values::test_extract_value_si64_idx0_basic ... ok
test scalar_values::test_extract_value_si32_idx3_edge ... ok
test scalar_values::test_extract_value_si64_idx1_edge ... ok
test scalar_values::test_extract_value_si8_idx0_basic ... ok
test scalar_values::test_extract_value_si8_idx15_edge ... ok
test scalar_values::test_extract_value_ui16_idx0_basic ... ok
test scalar_values::test_extract_value_ui16_idx7_edge ... ok
test scalar_values::test_extract_value_ui32_idx0_basic ... ok
test scalar_values::test_extract_value_ui32_idx7_basic ... ok
test scalar_values::test_extract_value_ui64_idx0_basic ... ok
test scalar_values::test_extract_value_ui8_idx0_basic ... ok
test scalar_values::test_extract_value_ui64_idx1_edge ... ok
test scalar_values::test_extract_value_ui8_idx15_edge ... ok
test scalar_values::test_from_array_f32_edge ... ok
test scalar_values::test_from_array_ui32_basic ... ok
test scalar_values::test_gather_si16_basic ... ok
test scalar_values::test_gather_si16_edge ... ok
test scalar_values::test_gather_si32_basic ... ok
test scalar_values::test_gather_si32_edge ... ok
test scalar_values::test_gather_si64_basic ... ok
test scalar_values::test_gather_si64_edge ... ok
test scalar_values::test_gather_si8_basic ... ok
test scalar_values::test_gather_si8_edge ... ok
test scalar_values::test_gather_ui16_basic ... ok
test scalar_values::test_gather_ui16_edge ... ok
test scalar_values::test_gather_ui32_basic ... ok
test scalar_values::test_gather_ui32_repeat ... ok
test scalar_values::test_gather_ui32_reverse ... ok
test scalar_values::test_gather_ui32_stride ... ok
test scalar_values::test_gather_ui64_basic ... ok
test scalar_values::test_gather_ui64_edge ... ok
test scalar_values::test_gather_ui8_basic ... ok
test scalar_values::test_greater_than_f32_basic ... ok
test scalar_values::test_gather_ui8_edge ... ok
test scalar_values::test_greater_than_f32_edge ... ok
test scalar_values::test_greater_than_f32_greater_than_mask_basic ... ok
test scalar_values::test_greater_than_f32_greater_than_mask_nan_edge ... ok
test scalar_values::test_greater_than_f64_basic ... ok
test scalar_values::test_greater_than_f64_edge ... ok
test scalar_values::test_greater_than_or_equal_f32_basic ... ok
test scalar_values::test_greater_than_or_equal_f32_edge ... ok
test scalar_values::test_greater_than_or_equal_f32_mask_basic ... ok
test scalar_values::test_greater_than_or_equal_f32_mask_nan_edge ... ok
test scalar_values::test_greater_than_or_equal_f64_basic ... ok
test scalar_values::test_greater_than_or_equal_f64_edge ... ok
test scalar_values::test_greater_than_or_equal_si16_basic ... ok
test scalar_values::test_greater_than_or_equal_si16_edge ... ok
test scalar_values::test_greater_than_or_equal_si32_basic ... ok
test scalar_values::test_greater_than_or_equal_si32_edge ... ok
test scalar_values::test_greater_than_or_equal_si64_basic ... ok
test scalar_values::test_greater_than_or_equal_si32_mask_mixed ... ok
test scalar_values::test_greater_than_or_equal_si64_edge ... ok
test scalar_values::test_greater_than_or_equal_si8_basic ... ok
test scalar_values::test_greater_than_or_equal_si8_edge ... ok
test scalar_values::test_greater_than_or_equal_ui16_basic ... ok
test scalar_values::test_greater_than_or_equal_ui16_edge ... ok
test scalar_values::test_greater_than_or_equal_ui32_basic ... ok
test scalar_values::test_greater_than_or_equal_ui32_edge ... ok
test scalar_values::test_greater_than_or_equal_ui32_mask_basic ... ok
test scalar_values::test_greater_than_or_equal_ui32_mask_none ... ok
test scalar_values::test_greater_than_or_equal_ui64_basic ... ok
test scalar_values::test_greater_than_or_equal_ui64_edge ... ok
test scalar_values::test_greater_than_or_equal_ui8_basic ... ok
test scalar_values::test_greater_than_si16_basic ... ok
test scalar_values::test_greater_than_or_equal_ui8_edge ... ok
test scalar_values::test_greater_than_si16_edge ... ok
test scalar_values::test_greater_than_si32_basic ... ok
test scalar_values::test_greater_than_si32_edge ... ok
test scalar_values::test_greater_than_si32_greater_than_mask_mixed ... ok
test scalar_values::test_greater_than_si64_basic ... ok
test scalar_values::test_greater_than_si64_edge ... ok
test scalar_values::test_greater_than_si8_basic ... ok
test scalar_values::test_greater_than_si8_edge ... ok
test scalar_values::test_greater_than_ui16_basic ... ok
test scalar_values::test_greater_than_ui16_edge ... ok
test scalar_values::test_greater_than_ui32_basic ... ok
test scalar_values::test_greater_than_ui32_edge ... ok
test scalar_values::test_greater_than_ui32_greater_than_mask_basic ... ok
test scalar_values::test_greater_than_ui32_greater_than_mask_none ... ok
test scalar_values::test_greater_than_ui64_basic ... ok
test scalar_values::test_greater_than_ui64_edge ... ok
test scalar_values::test_greater_than_ui8_basic ... ok
test scalar_values::test_greater_than_ui8_edge ... ok
test scalar_values::test_hadd_f32_basic ... ok
test scalar_values::test_hadd_f64_basic ... ok
test scalar_values::test_hadd_si32_edge ... ok
test scalar_values::test_hadd_si32_basic ... ok
test scalar_values::test_hadd_si64_basic ... ok
test scalar_values::test_hadd_ui16_basic ... ok
test scalar_values::test_hadd_ui64_basic ... ok
test scalar_values::test_hadd_ui8_basic ... ok
test scalar_values::test_hand_si32_basic ... ok
test scalar_values::test_hand_ui32_basic ... ok
test scalar_values::test_hand_ui64_basic ... ok
test scalar_values::test_hand_ui32_zero ... ok
test scalar_values::test_hand_ui8_basic ... ok
test scalar_values::test_hand_ui8_zero ... ok
test scalar_values::test_hmax_f64_basic ... ok
test scalar_values::test_hmax_f32_edge ... ok
test scalar_values::test_hmax_si32_basic ... ok
test scalar_values::test_hmax_si32_edge ... ok
test scalar_values::test_hmax_ui16_basic ... ok
test scalar_values::test_hmax_ui8_edge ... ok
test scalar_values::test_hmin_f32_edge ... ok
test scalar_values::test_hmin_f64_basic ... ok
test scalar_values::test_hmin_si32_basic ... ok
test scalar_values::test_hmin_si32_edge ... ok
test scalar_values::test_hmin_ui16_basic ... ok
test scalar_values::test_hmin_ui8_edge ... ok
test scalar_values::test_hor_si16_basic ... ok
test scalar_values::test_hor_si16_edge ... ok
test scalar_values::test_hor_si32_basic ... ok
test scalar_values::test_hor_si32_edge ... ok
test scalar_values::test_hor_si64_basic ... ok
test scalar_values::test_hor_si8_basic ... ok
test scalar_values::test_hor_si64_edge ... ok
test scalar_values::test_hor_si8_edge ... ok
test scalar_values::test_hor_ui16_basic ... ok
test scalar_values::test_hor_ui32_basic ... ok
test scalar_values::test_hor_ui16_edge ... ok
test scalar_values::test_hor_ui32_zero ... ok
test scalar_values::test_hor_ui64_basic ... ok
test scalar_values::test_hor_ui64_edge ... ok
test scalar_values::test_hor_ui8_edge ... ok
test scalar_values::test_hor_ui8_basic ... ok
test scalar_values::test_inv_si16_basic ... ok
test scalar_values::test_inv_si16_edge ... ok
test scalar_values::test_inv_si32_basic ... ok
test scalar_values::test_inv_si32_edge ... ok
test scalar_values::test_inv_si64_basic ... ok
test scalar_values::test_inv_si64_edge ... ok
test scalar_values::test_inv_si8_basic ... ok
test scalar_values::test_inv_ui16_basic ... ok
test scalar_values::test_inv_si8_edge ... ok
test scalar_values::test_inv_ui16_edge ... ok
test scalar_values::test_inv_ui32_basic ... ok
test scalar_values::test_inv_ui32_edge ... ok
test scalar_values::test_inv_ui32_mask_basic ... ok
test scalar_values::test_inv_ui32_maskz_basic ... ok
test scalar_values::test_inv_ui64_basic ... ok
test scalar_values::test_inv_ui64_edge ... ok
test scalar_values::test_inv_ui8_basic ... ok
test scalar_values::test_less_than_f32_basic ... ok
test scalar_values::test_inv_ui8_edge ... ok
test scalar_values::test_less_than_f32_edge ... ok
test scalar_values::test_less_than_f32_less_than_mask_basic ... ok
test scalar_values::test_less_than_f32_less_than_mask_nan_edge ... ok
test scalar_values::test_less_than_f64_basic ... ok
test scalar_values::test_less_than_f64_edge ... ok
test scalar_values::test_less_than_or_equal_f32_basic ... ok
test scalar_values::test_less_than_or_equal_f32_edge ... ok
test scalar_values::test_less_than_or_equal_f32_less_than_or_equal_mask_basic ... ok
test scalar_values::test_less_than_or_equal_f32_less_than_or_equal_mask_nan_edge ... ok
test scalar_values::test_less_than_or_equal_f64_basic ... ok
test scalar_values::test_less_than_or_equal_f64_edge ... ok
test scalar_values::test_less_than_or_equal_si16_basic ... ok
test scalar_values::test_less_than_or_equal_si16_edge ... ok
test scalar_values::test_less_than_or_equal_si32_basic ... ok
test scalar_values::test_less_than_or_equal_si32_edge ... ok
test scalar_values::test_less_than_or_equal_si32_less_than_or_equal_mask_mixed ... ok
test scalar_values::test_less_than_or_equal_si64_basic ... ok
test scalar_values::test_less_than_or_equal_si64_edge ... ok
test scalar_values::test_less_than_or_equal_si8_basic ... ok
test scalar_values::test_less_than_or_equal_si8_edge ... ok
test scalar_values::test_less_than_or_equal_ui16_basic ... ok
test scalar_values::test_less_than_or_equal_ui16_edge ... ok
test scalar_values::test_less_than_or_equal_ui32_basic ... ok
test scalar_values::test_less_than_or_equal_ui32_edge ... ok
test scalar_values::test_less_than_or_equal_ui32_less_than_or_equal_mask_basic ... ok
test scalar_values::test_less_than_or_equal_ui32_less_than_or_equal_mask_none ... ok
test scalar_values::test_less_than_or_equal_ui64_basic ... ok
test scalar_values::test_less_than_or_equal_ui64_edge ... ok
test scalar_values::test_less_than_or_equal_ui8_basic ... ok
test scalar_values::test_less_than_or_equal_ui8_edge ... ok
test scalar_values::test_less_than_si16_basic ... ok
test scalar_values::test_less_than_si16_edge ... ok
test scalar_values::test_less_than_si32_basic ... ok
test scalar_values::test_less_than_si32_edge ... ok
test scalar_values::test_less_than_si32_less_than_mask_mixed ... ok
test scalar_values::test_less_than_si64_basic ... ok
test scalar_values::test_less_than_si8_basic ... ok
test scalar_values::test_less_than_si64_edge ... ok
test scalar_values::test_less_than_si8_edge ... ok
test scalar_values::test_less_than_ui16_basic ... ok
test scalar_values::test_less_than_ui16_edge ... ok
test scalar_values::test_less_than_ui32_basic ... ok
test scalar_values::test_less_than_ui32_less_than_mask_basic ... ok
test scalar_values::test_less_than_ui32_edge ... ok
test scalar_values::test_less_than_ui32_less_than_mask_none ... ok
test scalar_values::test_less_than_ui64_basic ... ok
test scalar_values::test_less_than_ui64_edge ... ok
test scalar_values::test_less_than_ui8_basic ... ok
test scalar_values::test_less_than_ui8_edge ... ok
test scalar_values::test_load_f32_basic ... ok
test scalar_values::test_load_f32_edge ... ok
test scalar_values::test_load_f64_basic ... ok
test scalar_values::test_load_f64_edge ... ok
test scalar_values::test_load_mask_repr_ui32_aligned_false_packed_false_mask_none ... ok
test scalar_values::test_load_mask_repr_ui32_aligned_false_packed_true_mask_none ... ok
test scalar_values::test_load_scalar_f32_scalar_basic ... ok
test scalar_values::test_load_scalar_f32_scalar_edge ... ok
test scalar_values::test_load_scalar_f64_scalar_basic ... ok
test scalar_values::test_load_scalar_f64_scalar_edge ... ok
test scalar_values::test_load_scalar_si16_scalar_basic ... ok
test scalar_values::test_load_scalar_si32_scalar_basic ... ok
test scalar_values::test_load_scalar_si16_scalar_edge ... ok
test scalar_values::test_load_scalar_si32_scalar_edge ... ok
test scalar_values::test_load_scalar_si64_scalar_basic ... ok
test scalar_values::test_load_scalar_si64_scalar_edge ... ok
test scalar_values::test_load_scalar_si8_scalar_basic ... ok
test scalar_values::test_load_scalar_si8_scalar_edge ... ok
test scalar_values::test_load_scalar_ui16_scalar_basic ... ok
test scalar_values::test_load_scalar_ui16_scalar_edge ... ok
test scalar_values::test_load_scalar_ui32_scalar_basic ... ok
test scalar_values::test_load_scalar_ui32_scalar_edge ... ok
test scalar_values::test_load_scalar_ui64_scalar_basic ... ok
test scalar_values::test_load_scalar_ui64_scalar_edge ... ok
test scalar_values::test_load_scalar_ui8_scalar_edge ... ok
test scalar_values::test_load_scalar_ui8_scalar_basic ... ok
test scalar_values::test_load_si16_basic ... ok
test scalar_values::test_load_si16_edge ... ok
test scalar_values::test_load_si32_basic ... ok
test scalar_values::test_load_si32_edge ... ok
test scalar_values::test_load_si64_edge ... ok
test scalar_values::test_load_si64_basic ... ok
test scalar_values::test_load_si8_basic ... ok
test scalar_values::test_load_si8_edge ... ok
test scalar_values::test_load_ui16_basic ... ok
test scalar_values::test_load_ui16_edge ... ok
test scalar_values::test_load_ui32_aligned_false_misaligned ... ok
test scalar_values::test_load_ui32_basic ... ok
test scalar_values::test_load_ui64_basic ... ok
test scalar_values::test_load_ui64_edge ... ok
test scalar_values::test_load_ui8_basic ... ok
test scalar_values::test_lzc_imask_ui32_basic ... ok
test scalar_values::test_load_ui8_edge ... ok
test scalar_values::test_lzc_scalar_ui32_basic ... ok
test scalar_values::test_lzc_imask_ui32_edge ... ok
test scalar_values::test_lzc_scalar_ui32_edge ... ok
test scalar_values::test_lzc_si16_basic ... ok
test scalar_values::test_lzc_si16_edge ... ok
test scalar_values::test_lzc_si32_basic ... ok
test scalar_values::test_lzc_si32_edge ... ok
test scalar_values::test_lzc_si64_basic ... ok
test scalar_values::test_lzc_si64_edge ... ok
test scalar_values::test_lzc_si8_basic ... ok
test scalar_values::test_lzc_si8_edge ... ok
test scalar_values::test_lzc_ui16_basic ... ok
test scalar_values::test_lzc_ui16_edge ... ok
test scalar_values::test_lzc_ui32_basic ... ok
test scalar_values::test_lzc_ui32_edge ... ok
test scalar_values::test_lzc_ui64_basic ... ok
test scalar_values::test_lzc_ui64_edge ... ok
test scalar_values::test_lzc_ui8_basic ... ok
test scalar_values::test_lzc_ui8_edge ... ok
test scalar_values::test_masked_set1_f32_masked_set1_basic ... ok
test scalar_values::test_masked_set1_f32_masked_set1_edge ... ok
test scalar_values::test_masked_set1_f64_masked_set1_basic ... ok
test scalar_values::test_masked_set1_f64_masked_set1_edge ... ok
test scalar_values::test_masked_set1_si16_masked_set1_basic ... ok
test scalar_values::test_masked_set1_si16_masked_set1_edge ... ok
test scalar_values::test_masked_set1_si32_masked_set1_basic ... ok
test scalar_values::test_masked_set1_si32_masked_set1_edge ... ok
test scalar_values::test_masked_set1_si64_masked_set1_basic ... ok
test scalar_values::test_masked_set1_si64_masked_set1_edge ... ok
test scalar_values::test_masked_set1_si8_masked_set1_basic ... ok
test scalar_values::test_masked_set1_si8_masked_set1_edge ... ok
test scalar_values::test_masked_set1_ui16_masked_set1_basic ... ok
test scalar_values::test_masked_set1_ui32_masked_set1_basic ... ok
test scalar_values::test_masked_set1_ui16_masked_set1_edge ... ok
test scalar_values::test_masked_set1_ui64_masked_set1_basic ... ok
test scalar_values::test_masked_set1_ui32_masked_set1_edge ... ok
test scalar_values::test_masked_set1_ui64_masked_set1_edge ... ok
test scalar_values::test_masked_set1_ui8_masked_set1_basic ... ok
test scalar_values::test_masked_set1_ui8_masked_set1_edge ... ok
test scalar_values::test_max_f32_basic ... ok
test scalar_values::test_max_f64_edge ... ok
test scalar_values::test_max_si32_basic ... ok
test scalar_values::test_max_si32_edge ... ok
test scalar_values::test_memory_cp_ui8_basic ... ok
test scalar_values::test_max_ui8_basic ... ok
test scalar_values::test_memory_cp_ui8_full ... ok
test scalar_values::test_memory_cp_ui8_misaligned ... ok
test scalar_values::test_memory_cp_ui8_misaligned_full ... ok
test scalar_values::test_memory_cp_ui8_one ... ok
test scalar_values::test_memory_cp_ui8_zero ... ok
test scalar_values::test_min_f32_basic ... ok
test scalar_values::test_min_f64_edge ... ok
test scalar_values::test_min_si32_basic ... ok
test scalar_values::test_min_ui8_basic ... ok
test scalar_values::test_min_si32_edge ... ok
test scalar_values::test_mod_imm_si32_basic ... ok
test scalar_values::test_mod_imm_si32_one ... ok
test scalar_values::test_mod_imm_ui16_basic ... ok
test scalar_values::test_mod_imm_ui16_one ... ok
test scalar_values::test_mod_si16_basic ... ok
test scalar_values::test_mod_si32_basic ... ok
test scalar_values::test_mod_si32_generic_mask_basic ... ok
test scalar_values::test_mod_si32_generic_maskz_basic ... ok
test scalar_values::test_mod_si64_basic ... ok
test scalar_values::test_mod_si64_edge ... ok
test scalar_values::test_mod_si8_basic ... ok
test scalar_values::test_mod_si8_edge ... ok
test scalar_values::test_mod_ui16_basic ... ok
test scalar_values::test_mod_ui32_basic ... ok
test scalar_values::test_mod_ui64_basic ... ok
test scalar_values::test_mod_ui64_edge ... ok
test scalar_values::test_mod_ui8_basic ... ok
test scalar_values::test_mod_ui8_edge ... ok
test scalar_values::test_mov_f32_mask_edge ... ok
test scalar_values::test_mov_f32_mask_basic ... ok
test scalar_values::test_mov_f32_maskz_edge ... ok
test scalar_values::test_mov_f32_maskz_basic ... ok
test scalar_values::test_mov_f64_mask_basic ... ok
test scalar_values::test_mov_f64_mask_edge ... ok
test scalar_values::test_mov_f64_maskz_basic ... ok
test scalar_values::test_mov_f64_maskz_edge ... ok
test scalar_values::test_mov_si16_mask_basic ... ok
test scalar_values::test_mov_si16_mask_edge ... ok
test scalar_values::test_mov_si16_maskz_edge ... ok
test scalar_values::test_mov_si16_maskz_basic ... ok
test scalar_values::test_mov_si32_mask_basic ... ok
test scalar_values::test_mov_si32_mask_edge ... ok
test scalar_values::test_mov_si32_maskz_basic ... ok
test scalar_values::test_mov_si32_maskz_edge ... ok
test scalar_values::test_mov_si64_mask_edge ... ok
test scalar_values::test_mov_si64_mask_basic ... ok
test scalar_values::test_mov_si64_maskz_basic ... ok
test scalar_values::test_mov_si64_maskz_edge ... ok
test scalar_values::test_mov_si8_mask_basic ... ok
test scalar_values::test_mov_si8_mask_edge ... ok
test scalar_values::test_mov_si8_maskz_basic ... ok
test scalar_values::test_mov_si8_maskz_edge ... ok
test scalar_values::test_mov_ui16_mask_basic ... ok
test scalar_values::test_mov_ui16_mask_edge ... ok
test scalar_values::test_mov_ui16_maskz_basic ... ok
test scalar_values::test_mov_ui16_maskz_edge ... ok
test scalar_values::test_mov_ui32_mask_basic ... ok
test scalar_values::test_mov_ui32_mask_edge ... ok
test scalar_values::test_mov_ui32_maskz_basic ... ok
test scalar_values::test_mov_ui32_maskz_edge ... ok
test scalar_values::test_mov_ui64_mask_basic ... ok
test scalar_values::test_mov_ui64_mask_edge ... ok
test scalar_values::test_mov_ui64_maskz_basic ... ok
test scalar_values::test_mov_ui64_maskz_edge ... ok
test scalar_values::test_mov_ui8_mask_basic ... ok
test scalar_values::test_mov_ui8_mask_edge ... ok
test scalar_values::test_mov_ui8_maskz_basic ... ok
test scalar_values::test_mov_ui8_maskz_edge ... ok
test scalar_values::test_mul_f32_basic ... ok
test scalar_values::test_mul_f32_edge ... ok
test scalar_values::test_mul_f32_mask_basic ... ok
test scalar_values::test_mul_f32_maskz_basic ... ok
test scalar_values::test_mul_f64_basic ... ok
test scalar_values::test_mul_f64_edge ... ok
test scalar_values::test_mul_imm_si32_basic ... ok
test scalar_values::test_mul_imm_si32_neg ... ok
test scalar_values::test_mul_imm_si32_zero ... ok
test scalar_values::test_mul_imm_ui16_basic ... ok
test scalar_values::test_mul_imm_ui16_zero ... ok
test scalar_values::test_mul_si16_basic ... ok
test scalar_values::test_mul_si32_basic ... ok
test scalar_values::test_mul_si32_generic_mask_basic ... ok
test scalar_values::test_mul_si32_generic_maskz_basic ... ok
test scalar_values::test_mul_si32_zero ... ok
test scalar_values::test_mul_si8_basic ... ok
test scalar_values::test_mul_si8_edge ... ok
test scalar_values::test_mul_ui32_basic ... ok
test scalar_values::test_mul_ui16_basic ... ok
test scalar_values::test_mul_ui8_basic ... ok
test scalar_values::test_mul_ui8_edge ... ok
test scalar_values::test_nequal_f32_basic ... ok
test scalar_values::test_nequal_f32_edge ... ok
test scalar_values::test_nequal_f32_nan_mixed ... ok
test scalar_values::test_nequal_f32_nequal_mask_basic ... ok
test scalar_values::test_nequal_f32_nequal_mask_nan_edge ... ok
test scalar_values::test_nequal_f64_basic ... ok
test scalar_values::test_nequal_f64_edge ... ok
test scalar_values::test_nequal_f64_nan_mixed ... ok
test scalar_values::test_nequal_si16_edge ... ok
test scalar_values::test_nequal_si16_basic ... ok
test scalar_values::test_nequal_si32_basic ... ok
test scalar_values::test_nequal_si32_edge ... ok
test scalar_values::test_nequal_si32_nequal_mask_mixed ... ok
test scalar_values::test_nequal_si64_basic ... ok
test scalar_values::test_nequal_si64_edge ... ok
test scalar_values::test_nequal_si8_basic ... ok
test scalar_values::test_nequal_si8_edge ... ok
test scalar_values::test_nequal_ui16_basic ... ok
test scalar_values::test_nequal_ui16_edge ... ok
test scalar_values::test_nequal_ui32_basic ... ok
test scalar_values::test_nequal_ui32_edge ... ok
test scalar_values::test_nequal_ui32_nequal_mask_basic ... ok
test scalar_values::test_nequal_ui32_nequal_mask_none ... ok
test scalar_values::test_nequal_ui64_basic ... ok
test scalar_values::test_nequal_ui64_edge ... ok
test scalar_values::test_nequal_ui8_basic ... ok
test scalar_values::test_nequal_ui8_edge ... ok
test scalar_values::test_popcnt_si16_basic ... ok
test scalar_values::test_popcnt_si16_edge ... ok
test scalar_values::test_popcnt_si32_basic ... ok
test scalar_values::test_popcnt_si32_edge ... ok
test scalar_values::test_popcnt_si64_basic ... ok
test scalar_values::test_popcnt_si64_edge ... ok
test scalar_values::test_popcnt_si8_basic ... ok
test scalar_values::test_popcnt_si8_edge ... ok
test scalar_values::test_popcnt_ui16_basic ... ok
test scalar_values::test_popcnt_ui16_edge ... ok
test scalar_values::test_popcnt_ui32_basic ... ok
test scalar_values::test_popcnt_ui32_edge ... ok
test scalar_values::test_popcnt_ui64_basic ... ok
test scalar_values::test_popcnt_ui64_edge ... ok
test scalar_values::test_popcnt_ui8_basic ... ok
test scalar_values::test_popcnt_ui8_edge ... ok
test scalar_values::test_reinterpret_f32_to_ui32_special ... ok
test scalar_values::test_reinterpret_f64_to_f64_basic ... ok
test scalar_values::test_reinterpret_f64_to_f64_edge ... ok
test scalar_values::test_reinterpret_si16_to_si16_basic ... ok
test scalar_values::test_reinterpret_si16_to_si16_edge ... ok
test scalar_values::test_reinterpret_si32_to_f32_bits ... ok
test scalar_values::test_reinterpret_si32_to_ui32_basic ... ok
test scalar_values::test_reinterpret_si64_to_f64_bits ... ok
test scalar_values::test_reinterpret_si8_to_si8_basic ... ok
test scalar_values::test_reinterpret_si8_to_si8_edge ... ok
test scalar_values::test_reinterpret_ui16_to_ui16_basic ... ok
test scalar_values::test_reinterpret_ui16_to_ui16_edge ... ok
test scalar_values::test_reinterpret_ui32_to_f32_bits ... ok
test scalar_values::test_reinterpret_ui64_to_f64_bits ... ok
test scalar_values::test_reinterpret_ui8_to_ui8_basic ... ok
test scalar_values::test_reinterpret_ui8_to_ui8_edge ... ok
test scalar_values::test_scatter_si16_basic ... ok
test scalar_values::test_scatter_si16_edge ... ok
test scalar_values::test_scatter_si32_basic ... ok
test scalar_values::test_scatter_si32_edge ... ok
test scalar_values::test_scatter_si64_basic ... ok
test scalar_values::test_scatter_si64_edge ... ok
test scalar_values::test_scatter_si8_basic ... ok
test scalar_values::test_scatter_si8_edge ... ok
test scalar_values::test_scatter_ui16_basic ... ok
test scalar_values::test_scatter_ui32_basic ... ok
test scalar_values::test_scatter_ui16_edge ... ok
test scalar_values::test_scatter_ui32_permutation ... ok
test scalar_values::test_scatter_ui32_repeat ... ok
test scalar_values::test_scatter_ui32_reverse ... ok
test scalar_values::test_scatter_ui64_basic ... ok
test scalar_values::test_scatter_ui8_basic ... ok
test scalar_values::test_scatter_ui64_edge ... ok
test scalar_values::test_scatter_ui8_edge ... ok
test scalar_values::test_sequence_si16_basic ... ok
test scalar_values::test_sequence_si16_edge ... ok
test scalar_values::test_sequence_si32_basic ... ok
test scalar_values::test_sequence_si64_basic ... ok
test scalar_values::test_sequence_si64_edge ... ok
test scalar_values::test_sequence_si8_basic ... ok
test scalar_values::test_sequence_si8_edge ... ok
test scalar_values::test_sequence_ui16_edge ... ok
test scalar_values::test_sequence_ui16_basic ... ok
test scalar_values::test_sequence_ui32_basic ... ok
test scalar_values::test_sequence_ui64_basic ... ok
test scalar_values::test_sequence_ui64_edge ... ok
test scalar_values::test_sequence_ui8_basic ... ok
test scalar_values::test_sequence_ui8_edge ... ok
test scalar_values::test_set1_f32_basic ... ok
test scalar_values::test_set1_f32_edge ... ok
test scalar_values::test_set1_f64_basic ... ok
test scalar_values::test_set1_f64_edge ... ok
test scalar_values::test_set1_si16_basic ... ok
test scalar_values::test_set1_si16_edge ... ok
test scalar_values::test_set1_si32_edge ... ok
test scalar_values::test_set1_si64_basic ... ok
test scalar_values::test_set1_si64_edge ... ok
test scalar_values::test_set1_si8_basic ... ok
test scalar_values::test_set1_si8_edge ... ok
test scalar_values::test_set1_ui16_basic ... ok
test scalar_values::test_set1_ui16_edge ... ok
test scalar_values::test_set1_ui32_basic ... ok
test scalar_values::test_set1_ui64_basic ... ok
test scalar_values::test_set1_ui64_edge ... ok
test scalar_values::test_set1_ui8_basic ... ok
test scalar_values::test_set1_ui8_edge ... ok
test scalar_values::test_set_f32_basic ... ok
test scalar_values::test_set_f32_edge ... ok
test scalar_values::test_set_f64_basic ... ok
test scalar_values::test_set_f64_edge ... ok
test scalar_values::test_set_si16_basic ... ok
test scalar_values::test_set_si16_edge ... ok
test scalar_values::test_set_si32_edge ... ok
test scalar_values::test_set_si64_basic ... ok
test scalar_values::test_set_si64_edge ... ok
test scalar_values::test_set_si8_basic ... ok
test scalar_values::test_set_si8_edge ... ok
test scalar_values::test_set_ui16_basic ... ok
test scalar_values::test_set_ui16_edge ... ok
test scalar_values::test_set_ui32_basic ... ok
test scalar_values::test_set_ui64_basic ... ok
test scalar_values::test_set_ui64_edge ... ok
test scalar_values::test_set_ui8_basic ... ok
test scalar_values::test_set_ui8_edge ... ok
test scalar_values::test_set_undef_si32_compile ... ok
test scalar_values::test_set_zero_f32_set_zero_basic ... ok
test scalar_values::test_set_zero_f32_set_zero_edge ... ok
test scalar_values::test_set_zero_f64_set_zero_basic ... ok
test scalar_values::test_set_zero_f64_set_zero_edge ... ok
test scalar_values::test_set_zero_si16_set_zero_basic ... ok
test scalar_values::test_set_zero_si16_set_zero_edge ... ok
test scalar_values::test_set_zero_si32_set_zero_basic ... ok
test scalar_values::test_set_zero_si64_set_zero_basic ... ok
test scalar_values::test_set_zero_si64_set_zero_edge ... ok
test scalar_values::test_set_zero_si8_set_zero_basic ... ok
test scalar_values::test_set_zero_si8_set_zero_edge ... ok
test scalar_values::test_set_zero_ui16_set_zero_basic ... ok
test scalar_values::test_set_zero_ui16_set_zero_edge ... ok
test scalar_values::test_set_zero_ui32_set_zero_basic ... ok
test scalar_values::test_set_zero_ui64_set_zero_basic ... ok
test scalar_values::test_set_zero_ui64_set_zero_edge ... ok
test scalar_values::test_set_zero_ui8_set_zero_basic ... ok
test scalar_values::test_set_zero_ui8_set_zero_edge ... ok
test scalar_values::test_shift_left_si16_imm_basic ... ok
test scalar_values::test_shift_left_si16_imm_edge ... ok
test scalar_values::test_shift_left_si32_imm_basic ... ok
test scalar_values::test_shift_left_si32_imm_edge ... ok
test scalar_values::test_shift_left_si64_imm_basic ... ok
test scalar_values::test_shift_left_si8_imm_basic ... ok
test scalar_values::test_shift_left_si64_imm_edge ... ok
test scalar_values::test_shift_left_si8_imm_edge ... ok
test scalar_values::test_shift_left_ui16_imm_basic ... ok
test scalar_values::test_shift_left_ui16_imm_edge ... ok
test scalar_values::test_shift_left_ui32_imm_basic ... ok
test scalar_values::test_shift_left_ui32_imm_edge ... ok
test scalar_values::test_shift_left_ui64_imm_basic ... ok
test scalar_values::test_shift_left_ui64_imm_edge ... ok
test scalar_values::test_shift_left_ui8_imm_basic ... ok
test scalar_values::test_shift_left_ui8_imm_edge ... ok
test scalar_values::test_shift_right_imask_ui32_basic ... ok
test scalar_values::test_shift_right_imask_ui32_zero ... ok
test scalar_values::test_shift_right_si16_imm_basic ... ok
test scalar_values::test_shift_right_si16_imm_edge ... ok
test scalar_values::test_shift_right_si32_imm_basic ... ok
test scalar_values::test_shift_right_si32_imm_edge ... ok
test scalar_values::test_shift_right_si64_imm_basic ... ok
test scalar_values::test_shift_right_si64_imm_edge ... ok
test scalar_values::test_shift_right_si8_imm_basic ... ok
test scalar_values::test_shift_right_si8_imm_edge ... ok
test scalar_values::test_shift_right_ui16_imm_basic ... ok
test scalar_values::test_shift_right_ui16_imm_edge ... ok
test scalar_values::test_shift_right_ui32_imm_basic ... ok
test scalar_values::test_shift_right_ui32_imm_edge ... ok
test scalar_values::test_shift_right_ui64_imm_basic ... ok
test scalar_values::test_shift_right_ui64_imm_edge ... ok
test scalar_values::test_shift_right_ui8_imm_basic ... ok
test scalar_values::test_shift_right_ui8_imm_edge ... ok
test scalar_values::test_store_f32_aligned_false_basic ... ok
test scalar_values::test_store_f32_aligned_false_edge ... ok
test scalar_values::test_store_f64_aligned_false_basic ... ok
test scalar_values::test_store_f64_aligned_false_edge ... ok
test scalar_values::test_store_mask_repr_f32_aligned_false_packed_true_mask_basic ... ok
test scalar_values::test_store_mask_repr_f32_aligned_false_packed_true_mask_edge ... ok
test scalar_values::test_store_mask_repr_f32_aligned_true_packed_false_mask_unpacked ... ok
test scalar_values::test_store_mask_repr_f32_aligned_true_packed_true_mask_basic ... ok
test scalar_values::test_store_mask_repr_f32_aligned_true_packed_true_mask_edge ... ok
test scalar_values::test_store_mask_repr_f64_aligned_false_packed_true_mask_edge ... ok
test scalar_values::test_store_mask_repr_f64_aligned_false_packed_true_mask_basic ... ok
test scalar_values::test_store_mask_repr_f64_aligned_true_packed_true_mask_basic ... ok
test scalar_values::test_store_mask_repr_f64_aligned_true_packed_true_mask_edge ... ok
test scalar_values::test_store_mask_repr_si16_aligned_false_packed_true_mask_basic ... ok
test scalar_values::test_store_mask_repr_si16_aligned_false_packed_true_mask_edge ... ok
test scalar_values::test_store_mask_repr_si16_aligned_true_packed_true_mask_basic ... ok
test scalar_values::test_store_mask_repr_si16_aligned_true_packed_true_mask_edge ... ok
test scalar_values::test_store_mask_repr_si32_aligned_false_packed_true_mask_basic ... ok
test scalar_values::test_store_mask_repr_si32_aligned_false_packed_true_mask_edge ... ok
test scalar_values::test_store_mask_repr_si32_aligned_true_packed_true_mask_basic ... ok
test scalar_values::test_store_mask_repr_si32_aligned_true_packed_true_mask_edge ... ok
test scalar_values::test_store_mask_repr_si64_aligned_false_packed_true_mask_basic ... ok
test scalar_values::test_store_mask_repr_si64_aligned_false_packed_true_mask_edge ... ok
test scalar_values::test_store_mask_repr_si64_aligned_true_packed_true_mask_basic ... ok
test scalar_values::test_store_mask_repr_si64_aligned_true_packed_true_mask_edge ... ok
test scalar_values::test_store_mask_repr_si8_aligned_false_packed_true_mask_basic ... ok
test scalar_values::test_store_mask_repr_si8_aligned_false_packed_true_mask_edge ... ok
test scalar_values::test_store_mask_repr_si8_aligned_true_packed_true_mask_basic ... ok
test scalar_values::test_store_mask_repr_si8_aligned_true_packed_true_mask_edge ... ok
test scalar_values::test_store_mask_repr_ui16_aligned_false_packed_true_mask_basic ... ok
test scalar_values::test_store_mask_repr_ui16_aligned_false_packed_true_mask_edge ... ok
test scalar_values::test_store_mask_repr_ui16_aligned_true_packed_true_mask_basic ... ok
test scalar_values::test_store_mask_repr_ui32_aligned_false_packed_false_mask_unpacked ... ok
test scalar_values::test_store_mask_repr_ui16_aligned_true_packed_true_mask_edge ... ok
test scalar_values::test_store_mask_repr_ui32_aligned_false_packed_true_mask_basic ... ok
test scalar_values::test_store_mask_repr_ui32_aligned_false_packed_true_mask_edge ... ok
test scalar_values::test_store_mask_repr_ui32_aligned_true_packed_false_mask_unpacked ... ok
test scalar_values::test_store_mask_repr_ui32_aligned_true_packed_true_mask_basic ... ok
test scalar_values::test_store_mask_repr_ui32_aligned_true_packed_true_mask_edge ... ok
test scalar_values::test_store_mask_repr_ui64_aligned_false_packed_true_mask_basic ... ok
test scalar_values::test_store_mask_repr_ui64_aligned_false_packed_true_mask_edge ... ok
test scalar_values::test_store_mask_repr_ui64_aligned_true_packed_true_mask_basic ... ok
test scalar_values::test_store_mask_repr_ui64_aligned_true_packed_true_mask_edge ... ok
test scalar_values::test_store_mask_repr_ui8_aligned_false_packed_true_mask_basic ... ok
test scalar_values::test_store_mask_repr_ui8_aligned_false_packed_true_mask_edge ... ok
test scalar_values::test_store_mask_repr_ui8_aligned_true_packed_true_mask_basic ... ok
test scalar_values::test_store_mask_repr_ui8_aligned_true_packed_true_mask_edge ... ok
test scalar_values::test_store_si16_aligned_false_basic ... ok
test scalar_values::test_store_si32_aligned_false_basic ... ok
test scalar_values::test_store_si16_aligned_false_edge ... ok
test scalar_values::test_store_si64_aligned_false_basic ... ok
test scalar_values::test_store_si32_aligned_false_edge ... ok
test scalar_values::test_store_si64_aligned_false_edge ... ok
test scalar_values::test_store_si8_aligned_false_basic ... ok
test scalar_values::test_store_si8_aligned_false_edge ... ok
test scalar_values::test_store_ui16_aligned_false_basic ... ok
test scalar_values::test_store_ui32_aligned_false_basic ... ok
test scalar_values::test_store_ui16_aligned_false_edge ... ok
test scalar_values::test_store_ui32_aligned_false_misaligned ... ok
test scalar_values::test_store_ui64_aligned_false_basic ... ok
test scalar_values::test_store_ui64_aligned_false_edge ... ok
test scalar_values::test_store_ui8_aligned_false_basic ... ok
test scalar_values::test_store_ui8_aligned_false_edge ... ok
test scalar_values::test_sub_f32_basic ... ok
test scalar_values::test_sub_f64_basic ... ok
test scalar_values::test_sub_f32_edge ... ok
test scalar_values::test_sub_f64_edge ... ok
test scalar_values::test_sub_si16_basic ... ok
test scalar_values::test_sub_si16_edge ... ok
test scalar_values::test_sub_si32_basic ... ok
test scalar_values::test_sub_si32_edge ... ok
test scalar_values::test_sub_si32_mask_basic ... ok
test scalar_values::test_sub_si32_maskz_basic ... ok
test scalar_values::test_sub_si32_maskz_all ... ok
test scalar_values::test_sub_si32_maskz_zero ... ok
test scalar_values::test_sub_si64_basic ... ok
test scalar_values::test_sub_si64_edge ... ok
test scalar_values::test_sub_si8_basic ... ok
test scalar_values::test_sub_si8_edge ... ok
test scalar_values::test_sub_ui16_basic ... ok
test scalar_values::test_sub_ui16_edge ... ok
test scalar_values::test_sub_ui16_mask_basic ... ok
test scalar_values::test_sub_ui16_maskz_all ... ok
test scalar_values::test_sub_ui16_maskz_basic ... ok
test scalar_values::test_sub_ui16_maskz_zero ... ok
test scalar_values::test_sub_ui32_basic ... ok
test scalar_values::test_sub_ui32_edge ... ok
test scalar_values::test_sub_ui64_basic ... ok
test scalar_values::test_sub_ui64_edge ... ok
test scalar_values::test_sub_ui8_basic ... ok
test scalar_values::test_sub_ui8_edge ... ok
test scalar_values::test_to_array_f32_basic ... ok
test scalar_values::test_to_array_f32_edge ... ok
test scalar_values::test_to_array_f64_basic ... ok
test scalar_values::test_to_array_f64_edge ... ok
test scalar_values::test_to_array_si16_basic ... ok
test scalar_values::test_to_array_si16_edge ... ok
test scalar_values::test_to_array_si32_edge ... ok
test scalar_values::test_to_array_si64_basic ... ok
test scalar_values::test_to_array_si64_edge ... ok
test scalar_values::test_to_array_si8_basic ... ok
test scalar_values::test_to_array_si8_edge ... ok
test scalar_values::test_to_array_ui16_basic ... ok
test scalar_values::test_to_array_ui16_edge ... ok
test scalar_values::test_to_array_ui32_basic ... ok
test scalar_values::test_to_array_ui64_basic ... ok
test scalar_values::test_to_array_ui64_edge ... ok
test scalar_values::test_to_array_ui8_basic ... ok
test scalar_values::test_to_array_ui8_edge ... ok
test scalar_values::test_to_integral_f32_basic ... ok
test scalar_values::test_to_integral_f64_basic ... ok
test scalar_values::test_to_integral_si16_basic ... ok
test scalar_values::test_to_integral_si32_basic ... ok
test scalar_values::test_to_integral_si8_basic ... ok
test scalar_values::test_to_integral_si64_basic ... ok
test scalar_values::test_to_integral_ui16_basic ... ok
test scalar_values::test_to_integral_ui32_basic ... ok
test scalar_values::test_to_integral_ui32_zero ... ok
test scalar_values::test_to_integral_ui64_basic ... ok
test scalar_values::test_to_integral_ui8_basic ... ok
test scalar_values::test_to_ostream_f32_basic ... ok
test scalar_values::test_to_ostream_f32_edge ... ok
test scalar_values::test_to_ostream_f64_edge ... ok
test scalar_values::test_to_ostream_f64_basic ... ok
test scalar_values::test_to_ostream_si16_edge ... ok
test scalar_values::test_to_ostream_si16_basic ... ok
test scalar_values::test_to_ostream_si32_basic ... ok
test scalar_values::test_to_ostream_si32_edge ... ok
test scalar_values::test_to_ostream_si64_basic ... ok
test scalar_values::test_to_ostream_si64_edge ... ok
test scalar_values::test_to_ostream_si8_edge ... ok
test scalar_values::test_to_ostream_si8_basic ... ok
test scalar_values::test_to_ostream_ui16_basic ... ok
test scalar_values::test_to_ostream_ui16_edge ... ok
test scalar_values::test_to_ostream_ui64_basic ... ok
test scalar_values::test_to_ostream_ui32_bin_basic ... ok
test scalar_values::test_to_ostream_ui64_edge ... ok
test scalar_values::test_to_ostream_ui8_basic ... ok
test scalar_values::test_to_vector_f32_basic ... ok
test scalar_values::test_to_ostream_ui8_edge ... ok
test scalar_values::test_to_vector_f32_edge ... ok
test scalar_values::test_to_vector_f64_basic ... ok
test scalar_values::test_to_vector_f64_edge ... ok
test scalar_values::test_to_vector_si16_basic ... ok
test scalar_values::test_to_vector_si16_edge ... ok
test scalar_values::test_to_vector_si32_basic ... ok
test scalar_values::test_to_vector_si32_edge ... ok
test scalar_values::test_to_vector_si64_basic ... ok
test scalar_values::test_to_vector_si64_edge ... ok
test scalar_values::test_to_vector_si8_basic ... ok
test scalar_values::test_to_vector_si8_edge ... ok
test scalar_values::test_to_vector_ui16_basic ... ok
test scalar_values::test_to_vector_ui16_edge ... ok
test scalar_values::test_to_vector_ui32_basic ... ok
test scalar_values::test_to_vector_ui32_edge ... ok
test scalar_values::test_to_vector_ui64_edge ... ok
test scalar_values::test_to_vector_ui64_basic ... ok
test scalar_values::test_to_vector_ui8_basic ... ok
test scalar_values::test_to_vector_ui8_edge ... ok
test scalar_values::test_tzc_ui32_basic ... ok
test scalar_values::test_tzc_ui32_edge ... ok
test scalar_values::test_unequal_zero_f32_zero_edge ... ok
test scalar_values::test_unequal_zero_f32_zero_basic ... ok
test scalar_values::test_unequal_zero_f64_zero_basic ... ok
test scalar_values::test_unequal_zero_f32_zero_nan_only ... ok
test scalar_values::test_unequal_zero_f64_zero_edge ... ok
test scalar_values::test_unequal_zero_f64_zero_nan_only ... ok
test scalar_values::test_unequal_zero_si16_zero_basic ... ok
test scalar_values::test_unequal_zero_si16_zero_edge ... ok
test scalar_values::test_unequal_zero_si32_zero_basic ... ok
test scalar_values::test_unequal_zero_si32_zero_edge ... ok
test scalar_values::test_unequal_zero_si64_zero_basic ... ok
test scalar_values::test_unequal_zero_si64_zero_edge ... ok
test scalar_values::test_unequal_zero_si8_zero_edge ... ok
test scalar_values::test_unequal_zero_si8_zero_basic ... ok
test scalar_values::test_unequal_zero_ui16_zero_basic ... ok
test scalar_values::test_unequal_zero_ui32_zero_basic ... ok
test scalar_values::test_unequal_zero_ui16_zero_edge ... ok
test scalar_values::test_unequal_zero_ui32_zero_edge ... ok
test scalar_values::test_unequal_zero_ui64_zero_basic ... ok
test scalar_values::test_unequal_zero_ui64_zero_edge ... ok
test scalar_values::test_unequal_zero_ui8_zero_basic ... ok
test scalar_values::test_unequal_zero_ui8_zero_edge ... ok

test result: ok. 1144 passed; 0 failed; 0 ignored; 0 measured; 0 filtered out; finished in 0.07s


running 0 tests

test result: ok. 0 passed; 0 failed; 0 ignored; 0 measured; 0 filtered out; finished in 0.00s
[stderr]
Compiling tsl_generated v0.1.0 (/workspace/tslctmp/ci-generated/rust)
    Finished `test` profile [unoptimized + debuginfo] target(s) in 10.23s
     Running unittests src/lib.rs (rust/target/scalar/debug/deps/tsl_generated-f1ec493949c73a79)
     Running tests/smoke.rs (rust/target/scalar/debug/deps/smoke-b8ff3f25cc79cde2)
     Running tests/values.rs (rust/target/scalar/debug/deps/values-563107d66c0d0352)
   Doc-tests tsl_generated
[test-output] rust skylake: cargo test --manifest-path /workspace/tslctmp/ci-generated/rust/Cargo.toml --no-default-features --features skylake,value_tests --target-dir /workspace/tslctmp/ci-generated/rust/target/skylake
[stdout]
running 0 tests

test result: ok. 0 passed; 0 failed; 0 ignored; 0 measured; 0 filtered out; finished in 0.00s


running 1 test
test smoke ... ok

test result: ok. 1 passed; 0 failed; 0 ignored; 0 measured; 0 filtered out; finished in 0.00s


running 1293 tests
test skylake_values::test_add_f32_basic ... ok
test skylake_values::test_add_f32_edge ... ok
test skylake_values::test_add_f64_edge ... ok
test skylake_values::test_add_f64_basic ... ok
test skylake_values::test_add_si16_basic ... ok
test skylake_values::test_add_si16_edge ... ok
test skylake_values::test_add_si32_basic ... ok
test skylake_values::test_add_si32_edge ... ok
test skylake_values::test_add_si32_mask_all ... ok
test skylake_values::test_add_si32_mask_basic ... ok
test skylake_values::test_add_si32_mask_zero ... ok
test skylake_values::test_add_si32_maskz_all ... ok
test skylake_values::test_add_si32_maskz_zero ... ok
test skylake_values::test_add_si32_maskz_basic ... ok
test skylake_values::test_add_si64_basic ... ok
test skylake_values::test_add_si64_edge ... ok
test skylake_values::test_add_si8_basic ... ok
test skylake_values::test_add_si8_edge ... ok
test skylake_values::test_add_ui16_basic ... ok
test skylake_values::test_add_ui16_edge ... ok
test skylake_values::test_add_ui32_basic ... ok
test skylake_values::test_add_ui64_basic ... ok
test skylake_values::test_add_ui32_edge ... ok
test skylake_values::test_add_ui64_edge ... ok
test skylake_values::test_add_ui8_basic ... ok
test skylake_values::test_add_ui8_edge ... ok
test skylake_values::test_add_ui8_mask_all ... ok
test skylake_values::test_add_ui8_mask_basic ... ok
test skylake_values::test_add_ui8_mask_zero ... ok
test skylake_values::test_add_ui8_maskz_all ... ok
test skylake_values::test_add_ui8_maskz_basic ... ok
test skylake_values::test_add_ui8_maskz_zero ... ok
test skylake_values::test_allocate_aligned_ptr_u8_basic ... ok
test skylake_values::test_allocate_aligned_ptr_u8_large ... ok
test skylake_values::test_allocate_aligned_ptr_u8_small ... ok
test skylake_values::test_allocate_aligned_ptr_u8_stress ... ok
test skylake_values::test_allocate_aligned_ptr_u8_value16 ... ok
test skylake_values::test_allocate_aligned_ptr_u8_value64 ... ok
test skylake_values::test_allocate_aligned_ptr_u8_zero ... ok
test skylake_values::test_allocate_ptr_u8_basic ... ok
test skylake_values::test_allocate_ptr_u8_large ... ok
test skylake_values::test_allocate_ptr_u8_small ... ok
test skylake_values::test_allocate_ptr_u8_unaligned_value33 ... ok
test skylake_values::test_allocate_ptr_u8_unaligned_value65 ... ok
test skylake_values::test_between_exclusive_f32_basic ... ok
test skylake_values::test_between_exclusive_f32_mask_basic ... ok
test skylake_values::test_between_exclusive_f32_mask_nan_edge ... ok
test skylake_values::test_between_exclusive_f32_nan_edge ... ok
test skylake_values::test_between_exclusive_si32_mask_mixed ... ok
test skylake_values::test_between_exclusive_si32_mixed ... ok
test skylake_values::test_between_exclusive_ui32_basic ... ok
test skylake_values::test_between_exclusive_ui32_mask_basic ... ok
test skylake_values::test_between_inclusive_f32_basic ... ok
test skylake_values::test_between_inclusive_f32_between_inclusive_mask_basic ... ok
test skylake_values::test_between_inclusive_f32_between_inclusive_mask_nan_edge ... ok
test skylake_values::test_between_inclusive_f32_nan_edge ... ok
test skylake_values::test_between_inclusive_si32_between_inclusive_mask_mixed ... ok
test skylake_values::test_between_inclusive_si32_mixed ... ok
test skylake_values::test_between_inclusive_ui32_basic ... ok
test skylake_values::test_between_inclusive_ui32_between_inclusive_mask_basic ... ok
test skylake_values::test_between_left_inclusive_f32_basic ... ok
test skylake_values::test_between_left_inclusive_f32_between_left_inclusive_mask_basic ... ok
test skylake_values::test_between_left_inclusive_f32_between_left_inclusive_mask_nan_edge ... ok
test skylake_values::test_between_left_inclusive_f32_nan_edge ... ok
test skylake_values::test_between_left_inclusive_si32_mixed ... ok
test skylake_values::test_between_left_inclusive_si32_between_left_inclusive_mask_mixed ... ok
test skylake_values::test_between_left_inclusive_ui32_basic ... ok
test skylake_values::test_between_left_inclusive_ui32_between_left_inclusive_mask_basic ... ok
test skylake_values::test_between_right_inclusive_f32_basic ... ok
test skylake_values::test_between_right_inclusive_f32_between_right_inclusive_mask_basic ... ok
test skylake_values::test_between_right_inclusive_f32_between_right_inclusive_mask_nan_edge ... ok
test skylake_values::test_between_right_inclusive_f32_nan_edge ... ok
test skylake_values::test_between_right_inclusive_si32_mixed ... ok
test skylake_values::test_between_right_inclusive_si32_between_right_inclusive_mask_mixed ... ok
test skylake_values::test_between_right_inclusive_ui32_basic ... ok
test skylake_values::test_between_right_inclusive_ui32_between_right_inclusive_mask_basic ... ok
test skylake_values::test_binary_and_f32_edge ... ok
test skylake_values::test_binary_and_f32_basic ... ok
test skylake_values::test_binary_and_f64_basic ... ok
test skylake_values::test_binary_and_f64_edge ... ok
test skylake_values::test_binary_and_si16_basic ... ok
test skylake_values::test_binary_and_si16_edge ... ok
test skylake_values::test_binary_and_si32_basic ... ok
test skylake_values::test_binary_and_si32_edge ... ok
test skylake_values::test_binary_and_si64_basic ... ok
test skylake_values::test_binary_and_si64_edge ... ok
test skylake_values::test_binary_and_si8_basic ... ok
test skylake_values::test_binary_and_si8_edge ... ok
test skylake_values::test_binary_and_ui16_basic ... ok
test skylake_values::test_binary_and_ui16_edge ... ok
test skylake_values::test_binary_and_ui32_basic ... ok
test skylake_values::test_binary_and_ui32_binary_and_mask_basic ... ok
test skylake_values::test_binary_and_ui32_edge ... ok
test skylake_values::test_binary_and_ui32_binary_and_maskz_basic ... ok
test skylake_values::test_binary_and_ui64_basic ... ok
test skylake_values::test_binary_and_ui64_edge ... ok
test skylake_values::test_binary_and_ui8_basic ... ok
test skylake_values::test_binary_and_ui8_edge ... ok
test skylake_values::test_binary_andnot_f32_basic ... ok
test skylake_values::test_binary_andnot_f64_basic ... ok
test skylake_values::test_binary_andnot_si32_basic ... ok
test skylake_values::test_binary_andnot_si32_edge ... ok
test skylake_values::test_binary_andnot_ui32_basic ... ok
test skylake_values::test_binary_andnot_ui32_binary_andnot_mask_basic ... ok
test skylake_values::test_binary_andnot_ui32_binary_andnot_maskz_basic ... ok
test skylake_values::test_binary_andnot_ui32_edge ... ok
test skylake_values::test_binary_or_f32_basic ... ok
test skylake_values::test_binary_or_f32_edge ... ok
test skylake_values::test_binary_or_f64_basic ... ok
test skylake_values::test_binary_or_f64_edge ... ok
test skylake_values::test_binary_or_si16_basic ... ok
test skylake_values::test_binary_or_si16_edge ... ok
test skylake_values::test_binary_or_si32_basic ... ok
test skylake_values::test_binary_or_si32_edge ... ok
test skylake_values::test_binary_or_si64_basic ... ok
test skylake_values::test_binary_or_si64_edge ... ok
test skylake_values::test_binary_or_si8_basic ... ok
test skylake_values::test_binary_or_si8_edge ... ok
test skylake_values::test_binary_or_ui16_basic ... ok
test skylake_values::test_binary_or_ui16_edge ... ok
test skylake_values::test_binary_or_ui32_basic ... ok
test skylake_values::test_binary_or_ui32_binary_or_mask_basic ... ok
test skylake_values::test_binary_or_ui32_edge ... ok
test skylake_values::test_binary_or_ui32_binary_or_maskz_basic ... ok
test skylake_values::test_binary_or_ui64_basic ... ok
test skylake_values::test_binary_or_ui64_edge ... ok
test skylake_values::test_binary_or_ui8_basic ... ok
test skylake_values::test_binary_or_ui8_edge ... ok
test skylake_values::test_binary_xor_f32_edge ... ok
test skylake_values::test_binary_xor_f32_basic ... ok
test skylake_values::test_binary_xor_f64_basic ... ok
test skylake_values::test_binary_xor_f64_edge ... ok
test skylake_values::test_binary_xor_si16_basic ... ok
test skylake_values::test_binary_xor_si32_basic ... ok
test skylake_values::test_binary_xor_si16_edge ... ok
test skylake_values::test_binary_xor_si32_edge ... ok
test skylake_values::test_binary_xor_si64_basic ... ok
test skylake_values::test_binary_xor_si64_edge ... ok
test skylake_values::test_binary_xor_si8_basic ... ok
test skylake_values::test_binary_xor_si8_edge ... ok
test skylake_values::test_binary_xor_ui16_basic ... ok
test skylake_values::test_binary_xor_ui32_basic ... ok
test skylake_values::test_binary_xor_ui16_edge ... ok
test skylake_values::test_binary_xor_ui32_binary_xor_mask_basic ... ok
test skylake_values::test_binary_xor_ui32_binary_xor_maskz_basic ... ok
test skylake_values::test_binary_xor_ui64_basic ... ok
test skylake_values::test_binary_xor_ui32_edge ... ok
test skylake_values::test_binary_xor_ui64_edge ... ok
test skylake_values::test_binary_xor_ui8_basic ... ok
test skylake_values::test_binary_xor_ui8_edge ... ok
test skylake_values::test_blend_add_si16_blend_add_edge ... ok
test skylake_values::test_blend_add_si16_blend_add_basic ... ok
test skylake_values::test_blend_add_si32_blend_add_basic ... ok
test skylake_values::test_blend_add_si32_blend_add_edge ... ok
test skylake_values::test_blend_add_si64_blend_add_basic ... ok
test skylake_values::test_blend_add_si64_blend_add_edge ... ok
test skylake_values::test_blend_add_si8_blend_add_basic ... ok
test skylake_values::test_blend_add_si8_blend_add_edge ... ok
test skylake_values::test_blend_add_ui16_blend_add_basic ... ok
test skylake_values::test_blend_add_ui16_blend_add_edge ... ok
test skylake_values::test_blend_add_ui32_blend_add_basic ... ok
test skylake_values::test_blend_add_ui32_blend_add_edge ... ok
test skylake_values::test_blend_add_ui64_blend_add_basic ... ok
test skylake_values::test_blend_add_ui8_blend_add_basic ... ok
test skylake_values::test_blend_add_ui64_blend_add_edge ... ok
test skylake_values::test_blend_add_ui8_blend_add_edge ... ok
test skylake_values::test_blend_f32_basic ... ok
test skylake_values::test_blend_f32_edge ... ok
test skylake_values::test_blend_f64_edge ... ok
test skylake_values::test_blend_f64_basic ... ok
test skylake_values::test_blend_si16_basic ... ok
test skylake_values::test_blend_si16_edge ... ok
test skylake_values::test_blend_si32_basic ... ok
test skylake_values::test_blend_si32_edge ... ok
test skylake_values::test_blend_si64_basic ... ok
test skylake_values::test_blend_si64_edge ... ok
test skylake_values::test_blend_si8_basic ... ok
test skylake_values::test_blend_si8_edge ... ok
test skylake_values::test_blend_ui16_basic ... ok
test skylake_values::test_blend_ui32_basic ... ok
test skylake_values::test_blend_ui16_edge ... ok
test skylake_values::test_blend_ui32_edge ... ok
test skylake_values::test_blend_ui64_basic ... ok
test skylake_values::test_blend_ui64_edge ... ok
test skylake_values::test_blend_ui8_basic ... ok
test skylake_values::test_blend_ui8_edge ... ok
test skylake_values::test_cast_f32_to_f32_basic ... ok
test skylake_values::test_cast_f32_to_f32_edge ... ok
test skylake_values::test_cast_f64_avx2_to_si32_basic_bits256 ... ok
[stderr]
Compiling tsl_generated v0.1.0 (/workspace/tslctmp/ci-generated/rust)
warning: unnecessary parentheses around `return` value
      --> src/tsl_skylake.rs:159633:16
       |
159633 |         return (!mask);
       |                ^     ^
       |
       = note: `#[warn(unused_parens)]` (part of `#[warn(unused)]`) on by default
help: remove these parentheses
       |
159633 -         return (!mask);
159633 +         return !mask;
       |

warning: unnecessary parentheses around `return` value
      --> src/tsl_skylake.rs:159659:16
       |
159659 |         return (!mask);
       |                ^     ^
       |
help: remove these parentheses
       |
159659 -         return (!mask);
159659 +         return !mask;
       |

warning: unnecessary parentheses around `return` value
      --> src/tsl_skylake.rs:159743:16
       |
159743 |         return (!mask);
       |                ^     ^
       |
help: remove these parentheses
       |
159743 -         return (!mask);
159743 +         return !mask;
       |

warning: unnecessary parentheses around `return` value
      --> src/tsl_skylake.rs:159769:16
       |
159769 |         return (!mask);
       |                ^     ^
       |
help: remove these parentheses
       |
159769 -         return (!mask);
159769 +         return !mask;
       |

warning: unnecessary parentheses around `return` value
      --> src/tsl_skylake.rs:159795:16
       |
159795 |         return (!mask);
       |                ^     ^
       |
help: remove these parentheses
       |
159795 -         return (!mask);
159795 +         return !mask;
       |

warning: unnecessary parentheses around `return` value
      --> src/tsl_skylake.rs:159879:16
       |
159879 |         return (!mask);
       |                ^     ^
       |
help: remove these parentheses
       |
159879 -         return (!mask);
159879 +         return !mask;
       |

warning: unnecessary parentheses around `return` value
      --> src/tsl_skylake.rs:159905:16
       |
159905 |         return (!mask);
       |                ^     ^
       |
help: remove these parentheses
       |
159905 -         return (!mask);
159905 +         return !mask;
       |

warning: unnecessary parentheses around `return` value
      --> src/tsl_skylake.rs:159931:16
       |
159931 |         return (!mask);
       |                ^     ^
       |
help: remove these parentheses
       |
159931 -         return (!mask);
159931 +         return !mask;
       |

warning: unnecessary parentheses around `return` value
      --> src/tsl_skylake.rs:160015:16
       |
160015 |         return (!mask);
       |                ^     ^
       |
help: remove these parentheses
       |
160015 -         return (!mask);
160015 +         return !mask;
       |

warning: unnecessary parentheses around `return` value
      --> src/tsl_skylake.rs:160041:16
       |
160041 |         return (!mask);
       |                ^     ^
       |
help: remove these parentheses
       |
160041 -         return (!mask);
160041 +         return !mask;
       |

warning: unnecessary parentheses around `return` value
      --> src/tsl_skylake.rs:160067:16
       |
160067 |         return (!mask);
       |                ^     ^
       |
help: remove these parentheses
       |
160067 -         return (!mask);
160067 +         return !mask;
       |

warning: unnecessary parentheses around `return` value
      --> src/tsl_skylake.rs:160151:16
       |
160151 |         return (!mask);
       |                ^     ^
       |
help: remove these parentheses
       |
160151 -         return (!mask);
160151 +         return !mask;
       |

warning: unnecessary parentheses around `return` value
      --> src/tsl_skylake.rs:160177:16
       |
160177 |         return (!mask);
       |                ^     ^
       |
help: remove these parentheses
       |
160177 -         return (!mask);
160177 +         return !mask;
       |

warning: unnecessary parentheses around `return` value
      --> src/tsl_skylake.rs:160203:16
       |
160203 |         return (!mask);
       |                ^     ^
       |
help: remove these parentheses
       |
160203 -         return (!mask);
160203 +         return !mask;
       |

warning: unnecessary parentheses around `return` value
      --> src/tsl_skylake.rs:160287:16
       |
160287 |         return (!mask);
       |                ^     ^
       |
help: remove these parentheses
       |
160287 -         return (!mask);
160287 +         return !mask;
       |

warning: unnecessary parentheses around `return` value
      --> src/tsl_skylake.rs:160313:16
       |
160313 |         return (!mask);
       |                ^     ^
       |
help: remove these parentheses
       |
160313 -         return (!mask);
160313 +         return !mask;
       |

warning: unnecessary parentheses around `return` value
      --> src/tsl_skylake.rs:160339:16
       |
160339 |         return (!mask);
       |                ^     ^
       |
help: remove these parentheses
       |
160339 -         return (!mask);
160339 +         return !mask;
       |

warning: unnecessary parentheses around `return` value
      --> src/tsl_skylake.rs:160423:16
       |
160423 |         return (!mask);
       |                ^     ^
       |
help: remove these parentheses
       |
160423 -         return (!mask);
160423 +         return !mask;
       |

warning: unnecessary parentheses around `return` value
      --> src/tsl_skylake.rs:160449:16
       |
160449 |         return (!mask);
       |                ^     ^
       |
help: remove these parentheses
       |
160449 -         return (!mask);
160449 +         return !mask;
       |

warning: unnecessary parentheses around `return` value
      --> src/tsl_skylake.rs:160475:16
       |
160475 |         return (!mask);
       |                ^     ^
       |
help: remove these parentheses
       |
160475 -         return (!mask);
160475 +         return !mask;
       |

warning: unnecessary parentheses around `return` value
      --> src/tsl_skylake.rs:160559:16
       |
160559 |         return (!mask);
       |                ^     ^
       |
help: remove these parentheses
       |
160559 -         return (!mask);
160559 +         return !mask;
       |

warning: unnecessary parentheses around `return` value
      --> src/tsl_skylake.rs:160585:16
       |
160585 |         return (!mask);
       |                ^     ^
       |
help: remove these parentheses
       |
160585 -         return (!mask);
160585 +         return !mask;
       |

warning: unnecessary parentheses around `return` value
      --> src/tsl_skylake.rs:160611:16
       |
160611 |         return (!mask);
       |                ^     ^
       |
help: remove these parentheses
       |
160611 -         return (!mask);
160611 +         return !mask;
       |

warning: unnecessary parentheses around `return` value
      --> src/tsl_skylake.rs:160695:16
       |
160695 |         return (!mask);
       |                ^     ^
       |
help: remove these parentheses
       |
160695 -         return (!mask);
160695 +         return !mask;
       |

warning: unnecessary parentheses around `return` value
      --> src/tsl_skylake.rs:160721:16
       |
160721 |         return (!mask);
       |                ^     ^
       |
help: remove these parentheses
       |
160721 -         return (!mask);
160721 +         return !mask;
       |

warning: unnecessary parentheses around `return` value
      --> src/tsl_skylake.rs:160747:16
       |
160747 |         return (!mask);
       |                ^     ^
       |
help: remove these parentheses
       |
160747 -         return (!mask);
160747 +         return !mask;
       |

warning: unnecessary parentheses around `return` value
      --> src/tsl_skylake.rs:160831:16
       |
160831 |         return (!mask);
       |                ^     ^
       |
help: remove these parentheses
       |
160831 -         return (!mask);
160831 +         return !mask;
       |

warning: unnecessary parentheses around `return` value
      --> src/tsl_skylake.rs:160857:16
       |
160857 |         return (!mask);
       |                ^     ^
       |
help: remove these parentheses
       |
160857 -         return (!mask);
160857 +         return !mask;
       |

warning: unnecessary parentheses around `return` value
      --> src/tsl_skylake.rs:160883:16
       |
160883 |         return (!mask);
       |                ^     ^
       |
help: remove these parentheses
       |
160883 -         return (!mask);
160883 +         return !mask;
       |

warning: unnecessary parentheses around `return` value
      --> src/tsl_skylake.rs:160967:16
       |
160967 |         return (!mask);
       |                ^     ^
       |
help: remove these parentheses
       |
160967 -         return (!mask);
160967 +         return !mask;
       |

warning: `tsl_generated` (lib test) generated 30 warnings (run `cargo fix --lib -p tsl_generated --tests` to apply 30 suggestions)
warning: `tsl_generated` (lib) generated 30 warnings (30 duplicates)
    Finished `test` profile [unoptimized + debuginfo] target(s) in 13.60s
     Running unittests src/lib.rs (rust/target/skylake/debug/deps/tsl_generated-20055aec45989d8a)
     Running tests/smoke.rs (rust/target/skylake/debug/deps/smoke-21688d70fb22f760)
     Running tests/values.rs (rust/target/skylake/debug/deps/values-d27cbd2e34126e3d)
error: test failed, to rerun pass `--test values`

Caused by:
  process didn't exit successfully: `/workspace/tslctmp/ci-generated/rust/target/skylake/debug/deps/values-d27cbd2e34126e3d` (signal: 4, SIGILL: illegal instruction)
[test-output] rust sse: cargo test --manifest-path /workspace/tslctmp/ci-generated/rust/Cargo.toml --no-default-features --features sse,value_tests --target-dir /workspace/tslctmp/ci-generated/rust/target/sse
[stdout]
running 0 tests

test result: ok. 0 passed; 0 failed; 0 ignored; 0 measured; 0 filtered out; finished in 0.00s


running 1 test
test smoke ... ok

test result: ok. 1 passed; 0 failed; 0 ignored; 0 measured; 0 filtered out; finished in 0.00s


running 1144 tests
test sse_values::test_add_f32_edge ... ok
test sse_values::test_add_f32_basic ... ok
test sse_values::test_add_f64_basic ... ok
test sse_values::test_add_f64_edge ... ok
test sse_values::test_add_si16_basic ... ok
test sse_values::test_add_si16_edge ... ok
test sse_values::test_add_si32_basic ... ok
test sse_values::test_add_si32_edge ... ok
test sse_values::test_add_si32_mask_basic ... ok
test sse_values::test_add_si32_mask_all ... ok
test sse_values::test_add_si32_maskz_all ... ok
test sse_values::test_add_si32_mask_zero ... ok
test sse_values::test_add_si32_maskz_basic ... ok
test sse_values::test_add_si32_maskz_zero ... ok
test sse_values::test_add_si64_basic ... ok
test sse_values::test_add_si64_edge ... ok
test sse_values::test_add_si8_basic ... ok
test sse_values::test_add_si8_edge ... ok
test sse_values::test_add_ui16_basic ... ok
test sse_values::test_add_ui16_edge ... ok
test sse_values::test_add_ui32_basic ... ok
test sse_values::test_add_ui32_edge ... ok
test sse_values::test_add_ui64_basic ... ok
test sse_values::test_add_ui64_edge ... ok
test sse_values::test_add_ui8_basic ... ok
test sse_values::test_add_ui8_edge ... ok
test sse_values::test_add_ui8_mask_all ... ok
test sse_values::test_add_ui8_mask_basic ... ok
test sse_values::test_add_ui8_mask_zero ... ok
test sse_values::test_add_ui8_maskz_all ... ok
test sse_values::test_add_ui8_maskz_basic ... ok
test sse_values::test_add_ui8_maskz_zero ... ok
test sse_values::test_allocate_aligned_ptr_u8_basic ... ok
test sse_values::test_allocate_aligned_ptr_u8_large ... ok
test sse_values::test_allocate_aligned_ptr_u8_small ... ok
test sse_values::test_allocate_aligned_ptr_u8_stress ... ok
test sse_values::test_allocate_aligned_ptr_u8_value16 ... ok
test sse_values::test_allocate_aligned_ptr_u8_value64 ... ok
test sse_values::test_allocate_aligned_ptr_u8_zero ... ok
test sse_values::test_allocate_ptr_u8_basic ... ok
test sse_values::test_allocate_ptr_u8_large ... ok
test sse_values::test_allocate_ptr_u8_small ... ok
test sse_values::test_allocate_ptr_u8_unaligned_value33 ... ok
test sse_values::test_allocate_ptr_u8_unaligned_value65 ... ok
test sse_values::test_between_exclusive_f32_mask_basic ... ok
test sse_values::test_between_exclusive_f32_basic ... ok
test sse_values::test_between_exclusive_f32_mask_nan_edge ... ok
test sse_values::test_between_exclusive_f32_nan_edge ... ok
test sse_values::test_between_exclusive_si32_mixed ... ok
test sse_values::test_between_exclusive_si32_mask_mixed ... ok
test sse_values::test_between_exclusive_ui32_basic ... ok
test sse_values::test_between_exclusive_ui32_mask_basic ... ok
test sse_values::test_between_inclusive_f32_between_inclusive_mask_basic ... ok
test sse_values::test_between_inclusive_f32_basic ... ok
test sse_values::test_between_inclusive_f32_between_inclusive_mask_nan_edge ... ok
test sse_values::test_between_inclusive_f32_nan_edge ... ok
test sse_values::test_between_inclusive_si32_between_inclusive_mask_mixed ... ok
test sse_values::test_between_inclusive_si32_mixed ... ok
test sse_values::test_between_inclusive_ui32_basic ... ok
test sse_values::test_between_inclusive_ui32_between_inclusive_mask_basic ... ok
test sse_values::test_between_left_inclusive_f32_basic ... ok
test sse_values::test_between_left_inclusive_f32_between_left_inclusive_mask_basic ... ok
test sse_values::test_between_left_inclusive_f32_between_left_inclusive_mask_nan_edge ... ok
test sse_values::test_between_left_inclusive_f32_nan_edge ... ok
test sse_values::test_between_left_inclusive_si32_between_left_inclusive_mask_mixed ... ok
test sse_values::test_between_left_inclusive_ui32_basic ... ok
test sse_values::test_between_left_inclusive_si32_mixed ... ok
test sse_values::test_between_left_inclusive_ui32_between_left_inclusive_mask_basic ... ok
test sse_values::test_between_right_inclusive_f32_basic ... ok
test sse_values::test_between_right_inclusive_f32_between_right_inclusive_mask_basic ... ok
test sse_values::test_between_right_inclusive_f32_between_right_inclusive_mask_nan_edge ... ok
test sse_values::test_between_right_inclusive_f32_nan_edge ... ok
test sse_values::test_between_right_inclusive_si32_between_right_inclusive_mask_mixed ... ok
test sse_values::test_between_right_inclusive_si32_mixed ... ok
test sse_values::test_between_right_inclusive_ui32_basic ... ok
test sse_values::test_between_right_inclusive_ui32_between_right_inclusive_mask_basic ... ok
test sse_values::test_binary_and_f32_basic ... ok
test sse_values::test_binary_and_f32_edge ... ok
test sse_values::test_binary_and_f64_basic ... ok
test sse_values::test_binary_and_f64_edge ... ok
test sse_values::test_binary_and_si16_basic ... ok
test sse_values::test_binary_and_si16_edge ... ok
test sse_values::test_binary_and_si32_basic ... ok
test sse_values::test_binary_and_si32_edge ... ok
test sse_values::test_binary_and_si64_basic ... ok
test sse_values::test_binary_and_si64_edge ... ok
test sse_values::test_binary_and_si8_basic ... ok
test sse_values::test_binary_and_si8_edge ... ok
test sse_values::test_binary_and_ui16_basic ... ok
test sse_values::test_binary_and_ui16_edge ... ok
test sse_values::test_binary_and_ui32_basic ... ok
test sse_values::test_binary_and_ui32_binary_and_mask_basic ... ok
test sse_values::test_binary_and_ui32_binary_and_maskz_basic ... ok
test sse_values::test_binary_and_ui32_edge ... ok
test sse_values::test_binary_and_ui64_basic ... ok
test sse_values::test_binary_and_ui64_edge ... ok
test sse_values::test_binary_and_ui8_basic ... ok
test sse_values::test_binary_and_ui8_edge ... ok
test sse_values::test_binary_andnot_f32_basic ... ok
test sse_values::test_binary_andnot_f64_basic ... ok
test sse_values::test_binary_andnot_si32_basic ... ok
test sse_values::test_binary_andnot_ui32_basic ... ok
test sse_values::test_binary_andnot_si32_edge ... ok
test sse_values::test_binary_andnot_ui32_binary_andnot_mask_basic ... ok
test sse_values::test_binary_andnot_ui32_binary_andnot_maskz_basic ... ok
test sse_values::test_binary_andnot_ui32_edge ... ok
test sse_values::test_binary_or_f32_basic ... ok
test sse_values::test_binary_or_f32_edge ... ok
test sse_values::test_binary_or_f64_basic ... ok
test sse_values::test_binary_or_f64_edge ... ok
test sse_values::test_binary_or_si16_basic ... ok
test sse_values::test_binary_or_si32_basic ... ok
test sse_values::test_binary_or_si16_edge ... ok
test sse_values::test_binary_or_si64_basic ... ok
test sse_values::test_binary_or_si32_edge ... ok
test sse_values::test_binary_or_si64_edge ... ok
test sse_values::test_binary_or_si8_basic ... ok
test sse_values::test_binary_or_si8_edge ... ok
test sse_values::test_binary_or_ui16_basic ... ok
test sse_values::test_binary_or_ui32_basic ... ok
test sse_values::test_binary_or_ui16_edge ... ok
test sse_values::test_binary_or_ui32_binary_or_mask_basic ... ok
test sse_values::test_binary_or_ui32_binary_or_maskz_basic ... ok
test sse_values::test_binary_or_ui64_basic ... ok
test sse_values::test_binary_or_ui32_edge ... ok
test sse_values::test_binary_or_ui64_edge ... ok
test sse_values::test_binary_or_ui8_basic ... ok
test sse_values::test_binary_xor_f32_basic ... ok
test sse_values::test_binary_or_ui8_edge ... ok
test sse_values::test_binary_xor_f32_edge ... ok
test sse_values::test_binary_xor_f64_basic ... ok
test sse_values::test_binary_xor_si16_basic ... ok
test sse_values::test_binary_xor_f64_edge ... ok
test sse_values::test_binary_xor_si16_edge ... ok
test sse_values::test_binary_xor_si32_basic ... ok
test sse_values::test_binary_xor_si32_edge ... ok
test sse_values::test_binary_xor_si64_basic ... ok
test sse_values::test_binary_xor_si64_edge ... ok
test sse_values::test_binary_xor_si8_basic ... ok
test sse_values::test_binary_xor_si8_edge ... ok
test sse_values::test_binary_xor_ui16_basic ... ok
test sse_values::test_binary_xor_ui16_edge ... ok
test sse_values::test_binary_xor_ui32_binary_xor_mask_basic ... ok
test sse_values::test_binary_xor_ui32_basic ... ok
test sse_values::test_binary_xor_ui32_binary_xor_maskz_basic ... ok
test sse_values::test_binary_xor_ui32_edge ... ok
test sse_values::test_binary_xor_ui64_basic ... ok
test sse_values::test_binary_xor_ui64_edge ... ok
test sse_values::test_binary_xor_ui8_basic ... ok
test sse_values::test_binary_xor_ui8_edge ... ok
test sse_values::test_blend_add_si16_blend_add_basic ... ok
test sse_values::test_blend_add_si16_blend_add_edge ... ok
test sse_values::test_blend_add_si32_blend_add_edge ... ok
test sse_values::test_blend_add_si32_blend_add_basic ... ok
test sse_values::test_blend_add_si64_blend_add_basic ... ok
test sse_values::test_blend_add_si64_blend_add_edge ... ok
test sse_values::test_blend_add_si8_blend_add_basic ... ok
test sse_values::test_blend_add_si8_blend_add_edge ... ok
test sse_values::test_blend_add_ui16_blend_add_basic ... ok
test sse_values::test_blend_add_ui16_blend_add_edge ... ok
test sse_values::test_blend_add_ui32_blend_add_basic ... ok
test sse_values::test_blend_add_ui32_blend_add_edge ... ok
test sse_values::test_blend_add_ui64_blend_add_basic ... ok
test sse_values::test_blend_add_ui8_blend_add_basic ... ok
test sse_values::test_blend_add_ui64_blend_add_edge ... ok
test sse_values::test_blend_add_ui8_blend_add_edge ... ok
test sse_values::test_blend_f32_basic ... ok
test sse_values::test_blend_f32_edge ... ok
test sse_values::test_blend_f64_basic ... ok
test sse_values::test_blend_f64_edge ... ok
test sse_values::test_blend_si16_basic ... ok
test sse_values::test_blend_si16_edge ... ok
test sse_values::test_blend_si32_basic ... ok
test sse_values::test_blend_si64_basic ... ok
test sse_values::test_blend_si32_edge ... ok
test sse_values::test_blend_si64_edge ... ok
test sse_values::test_blend_si8_basic ... ok
test sse_values::test_blend_si8_edge ... ok
test sse_values::test_blend_ui16_basic ... ok
test sse_values::test_blend_ui16_edge ... ok
test sse_values::test_blend_ui32_edge ... ok
test sse_values::test_blend_ui32_basic ... ok
test sse_values::test_blend_ui64_basic ... ok
test sse_values::test_blend_ui64_edge ... ok
test sse_values::test_blend_ui8_basic ... ok
test sse_values::test_blend_ui8_edge ... ok
test sse_values::test_cast_f32_to_f32_basic ... ok
test sse_values::test_cast_f32_to_f32_edge ... ok
test sse_values::test_cast_f64_to_f64_basic ... ok
test sse_values::test_cast_f64_to_f64_edge ... ok
test sse_values::test_cast_si16_to_si16_basic ... ok
test sse_values::test_cast_si16_to_si16_edge ... ok
test sse_values::test_cast_si32_to_f32_basic ... ok
test sse_values::test_cast_si32_to_f32_rounding ... ok
test sse_values::test_cast_si64_to_f64_basic ... ok
test sse_values::test_cast_si8_to_si8_basic ... ok
test sse_values::test_cast_si8_to_si8_edge ... ok
test sse_values::test_cast_si32_to_f32_edge ... ok
test sse_values::test_cast_ui16_to_ui16_basic ... ok
test sse_values::test_cast_ui16_to_ui16_edge ... ok
test sse_values::test_cast_ui32_to_f32_basic ... ok
test sse_values::test_cast_ui64_to_f64_basic ... ok
test sse_values::test_cast_ui8_to_ui8_basic ... ok
test sse_values::test_cast_ui8_to_ui8_edge ... ok
test sse_values::test_compress_f32_basic ... ok
test sse_values::test_compress_f64_basic ... ok
test sse_values::test_compress_f32_edge ... ok
test sse_values::test_compress_si16_basic ... ok
test sse_values::test_compress_f64_edge ... ok
test sse_values::test_compress_si16_edge ... ok
test sse_values::test_compress_si32_basic ... ok
test sse_values::test_compress_si32_edge ... ok
test sse_values::test_compress_si64_basic ... ok
test sse_values::test_compress_si64_edge ... ok
test sse_values::test_compress_si8_basic ... ok
test sse_values::test_compress_si8_edge ... ok
test sse_values::test_compress_store_f32_store_edge ... ok
test sse_values::test_compress_store_f32_store_basic ... ok
test sse_values::test_compress_store_f64_store_basic ... ok
test sse_values::test_compress_store_f64_store_edge ... ok
test sse_values::test_compress_store_si16_store_basic ... ok
test sse_values::test_compress_store_si16_store_edge ... ok
test sse_values::test_compress_store_si32_store_basic ... ok
test sse_values::test_compress_store_si32_store_edge ... ok
test sse_values::test_compress_store_si64_store_basic ... ok
test sse_values::test_compress_store_si64_store_edge ... ok
test sse_values::test_compress_store_si8_store_edge ... ok
test sse_values::test_compress_store_si8_store_basic ... ok
test sse_values::test_compress_store_ui16_store_basic ... ok
test sse_values::test_compress_store_ui16_store_edge ... ok
test sse_values::test_compress_store_ui32_store_alternating ... ok
test sse_values::test_compress_store_ui32_store_all ... ok
test sse_values::test_compress_store_ui32_store_back_half ... ok
test sse_values::test_compress_store_ui32_store_front_half ... ok
test sse_values::test_compress_store_ui32_store_single_lsb ... ok
test sse_values::test_compress_store_ui32_store_pairs ... ok
test sse_values::test_compress_store_ui32_store_single_msb ... ok
test sse_values::test_compress_store_ui32_store_zero ... ok
test sse_values::test_compress_store_ui64_store_basic ... ok
test sse_values::test_compress_store_ui8_store_basic ... ok
test sse_values::test_compress_store_ui64_store_edge ... ok
test sse_values::test_compress_ui16_basic ... ok
test sse_values::test_compress_store_ui8_store_edge ... ok
test sse_values::test_compress_ui16_edge ... ok
test sse_values::test_compress_ui32_basic ... ok
test sse_values::test_compress_ui32_edge ... ok
test sse_values::test_compress_ui64_basic ... ok
test sse_values::test_compress_ui8_basic ... ok
test sse_values::test_compress_ui64_edge ... ok
test sse_values::test_compress_ui8_edge ... ok
test sse_values::test_conflict_free_si16_basic ... ok
test sse_values::test_conflict_free_si32_basic ... ok
test sse_values::test_conflict_free_si16_edge ... ok
test sse_values::test_conflict_free_si64_basic ... ok
test sse_values::test_conflict_free_si32_edge ... ok
test sse_values::test_conflict_free_si64_edge ... ok
test sse_values::test_conflict_free_si8_basic ... ok
test sse_values::test_conflict_free_si8_edge ... ok
test sse_values::test_conflict_free_ui16_basic ... ok
test sse_values::test_conflict_free_ui16_edge ... ok
test sse_values::test_conflict_free_ui32_edge ... ok
test sse_values::test_conflict_free_ui32_basic ... ok
test sse_values::test_conflict_free_ui64_basic ... ok
test sse_values::test_conflict_free_ui64_edge ... ok
test sse_values::test_conflict_free_ui8_basic ... ok
test sse_values::test_conflict_free_ui8_edge ... ok
test sse_values::test_conflict_si16_basic ... ok
test sse_values::test_conflict_si16_edge ... ok
test sse_values::test_conflict_si32_basic ... ok
test sse_values::test_conflict_si32_edge ... ok
test sse_values::test_conflict_si64_basic ... ok
test sse_values::test_conflict_si64_edge ... ok
test sse_values::test_conflict_si8_basic ... ok
test sse_values::test_conflict_si8_edge ... ok
test sse_values::test_conflict_ui16_basic ... ok
test sse_values::test_conflict_ui16_edge ... ok
test sse_values::test_conflict_ui32_basic ... ok
test sse_values::test_conflict_ui32_edge ... ok
test sse_values::test_conflict_ui64_basic ... ok
test sse_values::test_conflict_ui64_edge ... ok
test sse_values::test_conflict_ui8_basic ... ok
test sse_values::test_conflict_ui8_edge ... ok
test sse_values::test_convert_down_si32_to_si16_idx0_down ... ok
test sse_values::test_convert_down_si32_to_si16_idx1_down_edge ... ok
test sse_values::test_convert_down_si64_to_si32_idx0_down ... ok
test sse_values::test_convert_down_si64_to_si32_idx1_down ... ok
test sse_values::test_convert_down_ui64_to_ui32_idx1_down ... ok
test sse_values::test_convert_up_si16_to_si32_idx0_up ... ok
test sse_values::test_convert_up_si16_to_si32_idx1_up_edge ... ok
test sse_values::test_convert_up_si16_to_si64_idx3_up ... ok
test sse_values::test_convert_up_si32_to_si64_idx0_up ... ok
test sse_values::test_convert_up_si32_to_si64_idx1_up ... ok
test sse_values::test_convert_up_si8_to_si16_idx1_up ... ok
test sse_values::test_convert_up_si8_to_si32_idx0_up ... ok
test sse_values::test_convert_up_si8_to_si32_idx3_up ... ok
test sse_values::test_convert_up_ui32_to_ui64_idx1_up ... ok
test sse_values::test_convert_up_ui16_to_ui64_idx2_up ... ok
test sse_values::test_convert_up_ui8_to_ui32_idx2_up_edge ... ok
test sse_values::test_convert_up_ui8_to_ui64_idx7_up ... ok
test sse_values::test_count_matches_f32_edge ... ok
test sse_values::test_count_matches_f32_basic ... ok
test sse_values::test_count_matches_f64_basic ... ok
test sse_values::test_count_matches_f64_edge ... ok
test sse_values::test_count_matches_si16_basic ... ok
test sse_values::test_count_matches_si32_basic ... ok
test sse_values::test_count_matches_si16_edge ... ok
test sse_values::test_count_matches_si32_edge ... ok
test sse_values::test_count_matches_si64_basic ... ok
test sse_values::test_count_matches_si64_edge ... ok
test sse_values::test_count_matches_si8_basic ... ok
test sse_values::test_count_matches_ui16_basic ... ok
test sse_values::test_count_matches_si8_edge ... ok
test sse_values::test_count_matches_ui16_edge ... ok
test sse_values::test_count_matches_ui32_basic ... ok
test sse_values::test_count_matches_ui64_basic ... ok
test sse_values::test_count_matches_ui64_edge ... ok
test sse_values::test_count_matches_ui32_edge ... ok
test sse_values::test_count_matches_ui8_basic ... ok
test sse_values::test_count_matches_ui8_edge ... ok
test sse_values::test_custom_sequence_si16_edge ... ok
test sse_values::test_custom_sequence_si16_basic ... ok
test sse_values::test_custom_sequence_si64_basic ... ok
test sse_values::test_custom_sequence_si32_edge ... ok
test sse_values::test_custom_sequence_si8_basic ... ok
test sse_values::test_custom_sequence_si64_edge ... ok
test sse_values::test_custom_sequence_si8_edge ... ok
test sse_values::test_custom_sequence_ui16_basic ... ok
test sse_values::test_custom_sequence_ui16_edge ... ok
test sse_values::test_custom_sequence_ui32_basic ... ok
test sse_values::test_custom_sequence_ui64_basic ... ok
test sse_values::test_custom_sequence_ui64_edge ... ok
test sse_values::test_custom_sequence_ui8_basic ... ok
test sse_values::test_custom_sequence_ui8_edge ... ok
test sse_values::test_deallocate_ptr_aligned_u8_value64 ... ok
test sse_values::test_deallocate_ptr_aligned_u8_value16 ... ok
test sse_values::test_deallocate_ptr_u8_basic ... ok
test sse_values::test_deallocate_ptr_u8_large ... ok
test sse_values::test_deallocate_ptr_u8_unaligned_value33 ... ok
test sse_values::test_deallocate_ptr_u8_small ... ok
test sse_values::test_deallocate_ptr_u8_unaligned_value65 ... ok
test sse_values::test_div_f32_basic ... ok
test sse_values::test_div_f32_mask_basic ... ok
test sse_values::test_div_f32_mask_zero ... ok
test sse_values::test_div_f32_maskz_basic ... ok
test sse_values::test_div_f32_maskz_zero ... ok
test sse_values::test_div_f64_basic ... ok
test sse_values::test_div_f32_one ... ok
test sse_values::test_div_si32_generic_basic ... ok
test sse_values::test_div_si32_generic_mask_basic ... ok
test sse_values::test_div_si32_generic_maskz_basic ... ok
test sse_values::test_equal_f32_basic ... ok
test sse_values::test_equal_f32_edge ... ok
test sse_values::test_equal_f32_equal_mask_basic ... ok
test sse_values::test_equal_f32_nan_mixed ... ok
test sse_values::test_equal_f32_equal_mask_nan_edge ... ok
test sse_values::test_equal_f64_edge ... ok
test sse_values::test_equal_f64_basic ... ok
test sse_values::test_equal_f64_nan_mixed ... ok
test sse_values::test_equal_si16_basic ... ok
test sse_values::test_equal_si32_basic ... ok
test sse_values::test_equal_si16_edge ... ok
test sse_values::test_equal_si32_equal_mask_mixed ... ok
test sse_values::test_equal_si32_edge ... ok
test sse_values::test_equal_si64_edge ... ok
test sse_values::test_equal_si64_basic ... ok
test sse_values::test_equal_si8_basic ... ok
test sse_values::test_equal_ui16_basic ... ok
test sse_values::test_equal_si8_edge ... ok
test sse_values::test_equal_ui32_basic ... ok
test sse_values::test_equal_ui16_edge ... ok
test sse_values::test_equal_ui32_equal_mask_basic ... ok
test sse_values::test_equal_ui32_edge ... ok
test sse_values::test_equal_ui32_equal_mask_none ... ok
test sse_values::test_equal_ui64_basic ... ok
test sse_values::test_equal_ui8_basic ... ok
test sse_values::test_equal_ui64_edge ... ok
test sse_values::test_equal_ui8_edge ... ok
test sse_values::test_expand_load_f32_load_basic ... ok
test sse_values::test_expand_load_f32_load_edge ... ok
test sse_values::test_expand_load_f64_load_edge ... ok
test sse_values::test_expand_load_f64_load_basic ... ok
test sse_values::test_expand_load_si16_load_basic ... ok
test sse_values::test_expand_load_si16_load_edge ... ok
test sse_values::test_expand_load_si32_load_basic ... ok
test sse_values::test_expand_load_si32_load_edge ... ok
test sse_values::test_expand_load_si64_load_basic ... ok
test sse_values::test_expand_load_si64_load_edge ... ok
test sse_values::test_expand_load_si8_load_basic ... ok
test sse_values::test_expand_load_si8_load_edge ... ok
test sse_values::test_expand_load_ui16_load_basic ... ok
test sse_values::test_expand_load_ui16_load_edge ... ok
test sse_values::test_expand_load_ui32_load_all ... ok
test sse_values::test_expand_load_ui32_load_alternating ... ok
test sse_values::test_expand_load_ui32_load_back_half ... ok
test sse_values::test_expand_load_ui32_load_front_half ... ok
test sse_values::test_expand_load_ui32_load_pairs ... ok
test sse_values::test_expand_load_ui32_load_single_lsb ... ok
test sse_values::test_expand_load_ui32_load_single_msb ... ok
test sse_values::test_expand_load_ui32_load_zero ... ok
test sse_values::test_expand_load_ui64_load_basic ... ok
test sse_values::test_expand_load_ui64_load_edge ... ok
test sse_values::test_expand_load_ui8_load_basic ... ok
test sse_values::test_expand_load_ui8_load_edge ... ok
test sse_values::test_extract_value_f32_idx3_edge ... ok
test sse_values::test_extract_value_f32_idx0_basic ... ok
test sse_values::test_extract_value_f64_idx0_basic ... ok
test sse_values::test_extract_value_f64_idx1_edge ... ok
test sse_values::test_extract_value_si16_idx0_basic ... ok
test sse_values::test_extract_value_si16_idx7_edge ... ok
test sse_values::test_extract_value_si32_idx0_basic ... ok
test sse_values::test_extract_value_si32_idx3_edge ... ok
test sse_values::test_extract_value_si64_idx0_basic ... ok
test sse_values::test_extract_value_si64_idx1_edge ... ok
test sse_values::test_extract_value_si8_idx0_basic ... ok
test sse_values::test_extract_value_si8_idx15_edge ... ok
test sse_values::test_extract_value_ui16_idx0_basic ... ok
test sse_values::test_extract_value_ui16_idx7_edge ... ok
test sse_values::test_extract_value_ui32_idx0_basic ... ok
test sse_values::test_extract_value_ui32_idx7_basic ... ok
test sse_values::test_extract_value_ui64_idx0_basic ... ok
test sse_values::test_extract_value_ui64_idx1_edge ... ok
test sse_values::test_extract_value_ui8_idx0_basic ... ok
test sse_values::test_extract_value_ui8_idx15_edge ... ok
test sse_values::test_from_array_f32_edge ... ok
test sse_values::test_from_array_ui32_basic ... ok
test sse_values::test_gather_si16_basic ... ok
test sse_values::test_gather_si16_edge ... ok
test sse_values::test_gather_si32_basic ... ok
test sse_values::test_gather_si32_edge ... ok
test sse_values::test_gather_si64_basic ... ok
test sse_values::test_gather_si64_edge ... ok
test sse_values::test_gather_si8_basic ... ok
test sse_values::test_gather_si8_edge ... ok
test sse_values::test_gather_ui16_basic ... ok
test sse_values::test_gather_ui16_edge ... ok
test sse_values::test_gather_ui32_basic ... ok
test sse_values::test_gather_ui32_repeat ... ok
test sse_values::test_gather_ui32_reverse ... ok
test sse_values::test_gather_ui32_stride ... ok
test sse_values::test_gather_ui64_edge ... ok
test sse_values::test_gather_ui64_basic ... ok
test sse_values::test_gather_ui8_basic ... ok
test sse_values::test_gather_ui8_edge ... ok
test sse_values::test_greater_than_f32_basic ... ok
test sse_values::test_greater_than_f32_edge ... ok
test sse_values::test_greater_than_f32_greater_than_mask_nan_edge ... ok
test sse_values::test_greater_than_f32_greater_than_mask_basic ... ok
test sse_values::test_greater_than_f64_basic ... ok
test sse_values::test_greater_than_f64_edge ... ok
test sse_values::test_greater_than_or_equal_f32_edge ... ok
test sse_values::test_greater_than_or_equal_f32_basic ... ok
test sse_values::test_greater_than_or_equal_f32_mask_basic ... ok
test sse_values::test_greater_than_or_equal_f32_mask_nan_edge ... ok
test sse_values::test_greater_than_or_equal_f64_edge ... ok
test sse_values::test_greater_than_or_equal_f64_basic ... ok
test sse_values::test_greater_than_or_equal_si16_basic ... ok
test sse_values::test_greater_than_or_equal_si16_edge ... ok
test sse_values::test_greater_than_or_equal_si32_basic ... ok
test sse_values::test_greater_than_or_equal_si32_mask_mixed ... ok
test sse_values::test_greater_than_or_equal_si32_edge ... ok
test sse_values::test_greater_than_or_equal_si64_basic ... ok
test sse_values::test_greater_than_or_equal_si64_edge ... ok
test sse_values::test_greater_than_or_equal_si8_basic ... ok
test sse_values::test_greater_than_or_equal_si8_edge ... ok
test sse_values::test_greater_than_or_equal_ui16_basic ... ok
test sse_values::test_greater_than_or_equal_ui16_edge ... ok
test sse_values::test_greater_than_or_equal_ui32_basic ... ok
test sse_values::test_greater_than_or_equal_ui32_edge ... ok
test sse_values::test_greater_than_or_equal_ui32_mask_none ... ok
test sse_values::test_greater_than_or_equal_ui32_mask_basic ... ok
test sse_values::test_greater_than_or_equal_ui64_basic ... ok
test sse_values::test_greater_than_or_equal_ui64_edge ... ok
test sse_values::test_greater_than_or_equal_ui8_edge ... ok
test sse_values::test_greater_than_or_equal_ui8_basic ... ok
test sse_values::test_greater_than_si16_basic ... ok
test sse_values::test_greater_than_si16_edge ... ok
test sse_values::test_greater_than_si32_basic ... ok
test sse_values::test_greater_than_si32_edge ... ok
test sse_values::test_greater_than_si32_greater_than_mask_mixed ... ok
test sse_values::test_greater_than_si64_basic ... ok
test sse_values::test_greater_than_si64_edge ... ok
test sse_values::test_greater_than_si8_basic ... ok
test sse_values::test_greater_than_si8_edge ... ok
test sse_values::test_greater_than_ui16_basic ... ok
test sse_values::test_greater_than_ui16_edge ... ok
test sse_values::test_greater_than_ui32_basic ... ok
test sse_values::test_greater_than_ui32_edge ... ok
test sse_values::test_greater_than_ui32_greater_than_mask_basic ... ok
test sse_values::test_greater_than_ui32_greater_than_mask_none ... ok
test sse_values::test_greater_than_ui64_basic ... ok
test sse_values::test_greater_than_ui64_edge ... ok
test sse_values::test_greater_than_ui8_basic ... ok
test sse_values::test_greater_than_ui8_edge ... ok
test sse_values::test_hadd_f32_basic ... ok
test sse_values::test_hadd_f64_basic ... ok
test sse_values::test_hadd_si32_basic ... ok
test sse_values::test_hadd_si32_edge ... ok
test sse_values::test_hadd_si64_basic ... ok
test sse_values::test_hadd_ui16_basic ... ok
test sse_values::test_hadd_ui64_basic ... ok
test sse_values::test_hadd_ui8_basic ... ok
test sse_values::test_hand_si32_basic ... ok
test sse_values::test_hand_ui32_basic ... ok
test sse_values::test_hand_ui32_zero ... ok
test sse_values::test_hand_ui64_basic ... ok
test sse_values::test_hand_ui8_basic ... ok
test sse_values::test_hand_ui8_zero ... ok
test sse_values::test_hmax_f32_edge ... ok
test sse_values::test_hmax_si32_basic ... ok
test sse_values::test_hmax_f64_basic ... ok
test sse_values::test_hmax_si32_edge ... ok
test sse_values::test_hmax_ui16_basic ... ok
test sse_values::test_hmax_ui8_edge ... ok
test sse_values::test_hmin_f32_edge ... ok
test sse_values::test_hmin_f64_basic ... ok
test sse_values::test_hmin_si32_basic ... ok
test sse_values::test_hmin_si32_edge ... ok
test sse_values::test_hmin_ui16_basic ... ok
test sse_values::test_hmin_ui8_edge ... ok
test sse_values::test_hor_si16_basic ... ok
test sse_values::test_hor_si16_edge ... ok
test sse_values::test_hor_si32_basic ... ok
test sse_values::test_hor_si32_edge ... ok
test sse_values::test_hor_si64_edge ... ok
test sse_values::test_hor_si64_basic ... ok
test sse_values::test_hor_si8_basic ... ok
test sse_values::test_hor_si8_edge ... ok
test sse_values::test_hor_ui16_basic ... ok
test sse_values::test_hor_ui16_edge ... ok
test sse_values::test_hor_ui32_basic ... ok
test sse_values::test_hor_ui32_zero ... ok
test sse_values::test_hor_ui64_basic ... ok
test sse_values::test_hor_ui64_edge ... ok
test sse_values::test_hor_ui8_basic ... ok
test sse_values::test_hor_ui8_edge ... ok
test sse_values::test_inv_si16_basic ... ok
test sse_values::test_inv_si16_edge ... ok
test sse_values::test_inv_si32_basic ... ok
test sse_values::test_inv_si32_edge ... ok
test sse_values::test_inv_si64_basic ... ok
test sse_values::test_inv_si64_edge ... ok
test sse_values::test_inv_si8_edge ... ok
test sse_values::test_inv_si8_basic ... ok
test sse_values::test_inv_ui16_basic ... ok
test sse_values::test_inv_ui16_edge ... ok
test sse_values::test_inv_ui32_basic ... ok
test sse_values::test_inv_ui32_edge ... ok
test sse_values::test_inv_ui32_mask_basic ... ok
test sse_values::test_inv_ui32_maskz_basic ... ok
test sse_values::test_inv_ui64_basic ... ok
test sse_values::test_inv_ui64_edge ... ok
test sse_values::test_inv_ui8_basic ... ok
test sse_values::test_inv_ui8_edge ... ok
test sse_values::test_less_than_f32_basic ... ok
test sse_values::test_less_than_f32_edge ... ok
test sse_values::test_less_than_f32_less_than_mask_nan_edge ... ok
test sse_values::test_less_than_f32_less_than_mask_basic ... ok
test sse_values::test_less_than_f64_basic ... ok
test sse_values::test_less_than_f64_edge ... ok
test sse_values::test_less_than_or_equal_f32_edge ... ok
test sse_values::test_less_than_or_equal_f32_basic ... ok
test sse_values::test_less_than_or_equal_f32_less_than_or_equal_mask_basic ... ok
test sse_values::test_less_than_or_equal_f32_less_than_or_equal_mask_nan_edge ... ok
test sse_values::test_less_than_or_equal_f64_basic ... ok
test sse_values::test_less_than_or_equal_f64_edge ... ok
test sse_values::test_less_than_or_equal_si16_basic ... ok
test sse_values::test_less_than_or_equal_si16_edge ... ok
test sse_values::test_less_than_or_equal_si32_basic ... ok
test sse_values::test_less_than_or_equal_si32_edge ... ok
test sse_values::test_less_than_or_equal_si32_less_than_or_equal_mask_mixed ... ok
test sse_values::test_less_than_or_equal_si64_basic ... ok
test sse_values::test_less_than_or_equal_si64_edge ... ok
test sse_values::test_less_than_or_equal_si8_basic ... ok
test sse_values::test_less_than_or_equal_si8_edge ... ok
test sse_values::test_less_than_or_equal_ui16_basic ... ok
test sse_values::test_less_than_or_equal_ui32_basic ... ok
test sse_values::test_less_than_or_equal_ui16_edge ... ok
test sse_values::test_less_than_or_equal_ui32_edge ... ok
test sse_values::test_less_than_or_equal_ui32_less_than_or_equal_mask_basic ... ok
test sse_values::test_less_than_or_equal_ui64_basic ... ok
test sse_values::test_less_than_or_equal_ui32_less_than_or_equal_mask_none ... ok
test sse_values::test_less_than_or_equal_ui64_edge ... ok
test sse_values::test_less_than_or_equal_ui8_basic ... ok
test sse_values::test_less_than_si16_basic ... ok
test sse_values::test_less_than_or_equal_ui8_edge ... ok
test sse_values::test_less_than_si16_edge ... ok
test sse_values::test_less_than_si32_basic ... ok
test sse_values::test_less_than_si32_edge ... ok
test sse_values::test_less_than_si32_less_than_mask_mixed ... ok
test sse_values::test_less_than_si64_basic ... ok
test sse_values::test_less_than_si64_edge ... ok
test sse_values::test_less_than_si8_basic ... ok
test sse_values::test_less_than_si8_edge ... ok
test sse_values::test_less_than_ui16_basic ... ok
test sse_values::test_less_than_ui16_edge ... ok
test sse_values::test_less_than_ui32_basic ... ok
test sse_values::test_less_than_ui32_less_than_mask_basic ... ok
test sse_values::test_less_than_ui32_edge ... ok
test sse_values::test_less_than_ui32_less_than_mask_none ... ok
test sse_values::test_less_than_ui64_basic ... ok
test sse_values::test_less_than_ui64_edge ... ok
test sse_values::test_less_than_ui8_basic ... ok
test sse_values::test_less_than_ui8_edge ... ok
test sse_values::test_load_f32_basic ... ok
test sse_values::test_load_f32_edge ... ok
test sse_values::test_load_f64_basic ... ok
test sse_values::test_load_f64_edge ... ok
test sse_values::test_load_mask_repr_ui32_aligned_false_packed_false_mask_none ... ok
test sse_values::test_load_mask_repr_ui32_aligned_false_packed_true_mask_none ... ok
test sse_values::test_load_scalar_f32_scalar_basic ... ok
test sse_values::test_load_scalar_f32_scalar_edge ... ok
test sse_values::test_load_scalar_f64_scalar_basic ... ok
test sse_values::test_load_scalar_f64_scalar_edge ... ok
test sse_values::test_load_scalar_si16_scalar_basic ... ok
test sse_values::test_load_scalar_si16_scalar_edge ... ok
test sse_values::test_load_scalar_si32_scalar_basic ... ok
test sse_values::test_load_scalar_si32_scalar_edge ... ok
test sse_values::test_load_scalar_si64_scalar_basic ... ok
test sse_values::test_load_scalar_si8_scalar_basic ... ok
test sse_values::test_load_scalar_si64_scalar_edge ... ok
test sse_values::test_load_scalar_si8_scalar_edge ... ok
test sse_values::test_load_scalar_ui16_scalar_basic ... ok
test sse_values::test_load_scalar_ui16_scalar_edge ... ok
test sse_values::test_load_scalar_ui32_scalar_basic ... ok
test sse_values::test_load_scalar_ui32_scalar_edge ... ok
test sse_values::test_load_scalar_ui64_scalar_basic ... ok
test sse_values::test_load_scalar_ui64_scalar_edge ... ok
test sse_values::test_load_scalar_ui8_scalar_basic ... ok
test sse_values::test_load_si16_basic ... ok
test sse_values::test_load_scalar_ui8_scalar_edge ... ok
test sse_values::test_load_si16_edge ... ok
test sse_values::test_load_si32_basic ... ok
test sse_values::test_load_si32_edge ... ok
test sse_values::test_load_si64_basic ... ok
test sse_values::test_load_si64_edge ... ok
test sse_values::test_load_si8_basic ... ok
test sse_values::test_load_si8_edge ... ok
test sse_values::test_load_ui16_basic ... ok
test sse_values::test_load_ui16_edge ... ok
test sse_values::test_load_ui32_aligned_false_misaligned ... ok
test sse_values::test_load_ui64_basic ... ok
test sse_values::test_load_ui32_basic ... ok
test sse_values::test_load_ui64_edge ... ok
test sse_values::test_load_ui8_edge ... ok
test sse_values::test_load_ui8_basic ... ok
test sse_values::test_lzc_imask_ui32_basic ... ok
test sse_values::test_lzc_imask_ui32_edge ... ok
test sse_values::test_lzc_scalar_ui32_basic ... ok
test sse_values::test_lzc_scalar_ui32_edge ... ok
test sse_values::test_lzc_si16_basic ... ok
test sse_values::test_lzc_si16_edge ... ok
test sse_values::test_lzc_si32_basic ... ok
test sse_values::test_lzc_si32_edge ... ok
test sse_values::test_lzc_si64_basic ... ok
test sse_values::test_lzc_si64_edge ... ok
test sse_values::test_lzc_si8_basic ... ok
test sse_values::test_lzc_si8_edge ... ok
test sse_values::test_lzc_ui16_basic ... ok
test sse_values::test_lzc_ui32_basic ... ok
test sse_values::test_lzc_ui16_edge ... ok
test sse_values::test_lzc_ui32_edge ... ok
test sse_values::test_lzc_ui64_basic ... ok
test sse_values::test_lzc_ui64_edge ... ok
test sse_values::test_lzc_ui8_basic ... ok
test sse_values::test_lzc_ui8_edge ... ok
test sse_values::test_masked_set1_f32_masked_set1_basic ... ok
test sse_values::test_masked_set1_f32_masked_set1_edge ... ok
test sse_values::test_masked_set1_f64_masked_set1_basic ... ok
test sse_values::test_masked_set1_f64_masked_set1_edge ... ok
test sse_values::test_masked_set1_si16_masked_set1_basic ... ok
test sse_values::test_masked_set1_si16_masked_set1_edge ... ok
test sse_values::test_masked_set1_si32_masked_set1_edge ... ok
test sse_values::test_masked_set1_si32_masked_set1_basic ... ok
test sse_values::test_masked_set1_si64_masked_set1_basic ... ok
test sse_values::test_masked_set1_si64_masked_set1_edge ... ok
test sse_values::test_masked_set1_si8_masked_set1_basic ... ok
test sse_values::test_masked_set1_si8_masked_set1_edge ... ok
test sse_values::test_masked_set1_ui16_masked_set1_basic ... ok
test sse_values::test_masked_set1_ui16_masked_set1_edge ... ok
test sse_values::test_masked_set1_ui32_masked_set1_basic ... ok
test sse_values::test_masked_set1_ui32_masked_set1_edge ... ok
test sse_values::test_masked_set1_ui64_masked_set1_basic ... ok
test sse_values::test_masked_set1_ui64_masked_set1_edge ... ok
test sse_values::test_masked_set1_ui8_masked_set1_basic ... ok
test sse_values::test_max_f32_basic ... ok
test sse_values::test_masked_set1_ui8_masked_set1_edge ... ok
test sse_values::test_max_si32_basic ... ok
test sse_values::test_max_f64_edge ... ok
test sse_values::test_max_ui8_basic ... ok
test sse_values::test_max_si32_edge ... ok
test sse_values::test_memory_cp_ui8_basic ... ok
test sse_values::test_memory_cp_ui8_full ... ok
test sse_values::test_memory_cp_ui8_misaligned ... ok
test sse_values::test_memory_cp_ui8_misaligned_full ... ok
test sse_values::test_memory_cp_ui8_one ... ok
test sse_values::test_memory_cp_ui8_zero ... ok
test sse_values::test_min_f32_basic ... ok
test sse_values::test_min_f64_edge ... ok
test sse_values::test_min_si32_basic ... ok
test sse_values::test_min_si32_edge ... ok
test sse_values::test_min_ui8_basic ... ok
test sse_values::test_mod_imm_si32_basic ... ok
test sse_values::test_mod_imm_si32_one ... ok
test sse_values::test_mod_imm_ui16_basic ... ok
test sse_values::test_mod_imm_ui16_one ... ok
test sse_values::test_mod_si16_basic ... ok
test sse_values::test_mod_si32_basic ... ok
test sse_values::test_mod_si32_generic_mask_basic ... ok
test sse_values::test_mod_si32_generic_maskz_basic ... ok
test sse_values::test_mod_si64_basic ... ok
test sse_values::test_mod_si64_edge ... ok
test sse_values::test_mod_si8_basic ... ok
test sse_values::test_mod_si8_edge ... ok
test sse_values::test_mod_ui16_basic ... ok
test sse_values::test_mod_ui32_basic ... ok
test sse_values::test_mod_ui64_basic ... ok
test sse_values::test_mod_ui64_edge ... ok
test sse_values::test_mod_ui8_basic ... ok
test sse_values::test_mod_ui8_edge ... ok
test sse_values::test_mov_f32_mask_basic ... ok
test sse_values::test_mov_f32_mask_edge ... ok
test sse_values::test_mov_f32_maskz_basic ... ok
test sse_values::test_mov_f32_maskz_edge ... ok
test sse_values::test_mov_f64_mask_edge ... ok
test sse_values::test_mov_f64_mask_basic ... ok
test sse_values::test_mov_f64_maskz_basic ... ok
test sse_values::test_mov_f64_maskz_edge ... ok
test sse_values::test_mov_si16_mask_basic ... ok
test sse_values::test_mov_si16_mask_edge ... ok
test sse_values::test_mov_si16_maskz_basic ... ok
test sse_values::test_mov_si32_mask_basic ... ok
test sse_values::test_mov_si16_maskz_edge ... ok
test sse_values::test_mov_si32_mask_edge ... ok
test sse_values::test_mov_si32_maskz_basic ... ok
test sse_values::test_mov_si64_mask_basic ... ok
test sse_values::test_mov_si32_maskz_edge ... ok
test sse_values::test_mov_si64_maskz_basic ... ok
test sse_values::test_mov_si64_mask_edge ... ok
test sse_values::test_mov_si64_maskz_edge ... ok
test sse_values::test_mov_si8_mask_basic ... ok
test sse_values::test_mov_si8_mask_edge ... ok
test sse_values::test_mov_si8_maskz_basic ... ok
test sse_values::test_mov_si8_maskz_edge ... ok
test sse_values::test_mov_ui16_mask_basic ... ok
test sse_values::test_mov_ui16_mask_edge ... ok
test sse_values::test_mov_ui16_maskz_basic ... ok
test sse_values::test_mov_ui16_maskz_edge ... ok
test sse_values::test_mov_ui32_mask_basic ... ok
test sse_values::test_mov_ui32_mask_edge ... ok
test sse_values::test_mov_ui32_maskz_edge ... ok
test sse_values::test_mov_ui32_maskz_basic ... ok
test sse_values::test_mov_ui64_mask_basic ... ok
test sse_values::test_mov_ui64_mask_edge ... ok
test sse_values::test_mov_ui64_maskz_basic ... ok
test sse_values::test_mov_ui64_maskz_edge ... ok
test sse_values::test_mov_ui8_mask_basic ... ok
test sse_values::test_mov_ui8_mask_edge ... ok
test sse_values::test_mov_ui8_maskz_basic ... ok
test sse_values::test_mov_ui8_maskz_edge ... ok
test sse_values::test_mul_f32_basic ... ok
test sse_values::test_mul_f32_edge ... ok
test sse_values::test_mul_f32_mask_basic ... ok
test sse_values::test_mul_f32_maskz_basic ... ok
test sse_values::test_mul_f64_basic ... ok
test sse_values::test_mul_f64_edge ... ok
test sse_values::test_mul_imm_si32_basic ... ok
test sse_values::test_mul_imm_si32_neg ... ok
test sse_values::test_mul_imm_si32_zero ... ok
test sse_values::test_mul_imm_ui16_basic ... ok
test sse_values::test_mul_imm_ui16_zero ... ok
test sse_values::test_mul_si16_basic ... ok
test sse_values::test_mul_si32_basic ... ok
test sse_values::test_mul_si32_generic_maskz_basic ... ok
test sse_values::test_mul_si32_generic_mask_basic ... ok
test sse_values::test_mul_si32_zero ... ok
test sse_values::test_mul_si8_basic ... ok
test sse_values::test_mul_si8_edge ... ok
test sse_values::test_mul_ui16_basic ... ok
test sse_values::test_mul_ui32_basic ... ok
test sse_values::test_mul_ui8_basic ... ok
test sse_values::test_mul_ui8_edge ... ok
test sse_values::test_nequal_f32_basic ... ok
test sse_values::test_nequal_f32_edge ... ok
test sse_values::test_nequal_f32_nan_mixed ... ok
test sse_values::test_nequal_f32_nequal_mask_basic ... ok
test sse_values::test_nequal_f32_nequal_mask_nan_edge ... ok
test sse_values::test_nequal_f64_basic ... ok
test sse_values::test_nequal_f64_edge ... ok
test sse_values::test_nequal_f64_nan_mixed ... ok
test sse_values::test_nequal_si16_basic ... ok
test sse_values::test_nequal_si16_edge ... ok
test sse_values::test_nequal_si32_basic ... ok
test sse_values::test_nequal_si32_edge ... ok
test sse_values::test_nequal_si32_nequal_mask_mixed ... ok
test sse_values::test_nequal_si64_basic ... ok
test sse_values::test_nequal_si64_edge ... ok
test sse_values::test_nequal_si8_basic ... ok
test sse_values::test_nequal_si8_edge ... ok
test sse_values::test_nequal_ui16_basic ... ok
test sse_values::test_nequal_ui32_basic ... ok
test sse_values::test_nequal_ui16_edge ... ok
test sse_values::test_nequal_ui32_edge ... ok
test sse_values::test_nequal_ui32_nequal_mask_basic ... ok
test sse_values::test_nequal_ui32_nequal_mask_none ... ok
test sse_values::test_nequal_ui64_basic ... ok
test sse_values::test_nequal_ui64_edge ... ok
test sse_values::test_nequal_ui8_basic ... ok
test sse_values::test_nequal_ui8_edge ... ok
test sse_values::test_popcnt_si16_basic ... ok
test sse_values::test_popcnt_si16_edge ... ok
test sse_values::test_popcnt_si32_basic ... ok
test sse_values::test_popcnt_si32_edge ... ok
test sse_values::test_popcnt_si64_basic ... ok
test sse_values::test_popcnt_si64_edge ... ok
test sse_values::test_popcnt_si8_basic ... ok
test sse_values::test_popcnt_si8_edge ... ok
test sse_values::test_popcnt_ui16_edge ... ok
test sse_values::test_popcnt_ui16_basic ... ok
test sse_values::test_popcnt_ui32_basic ... ok
test sse_values::test_popcnt_ui32_edge ... ok
test sse_values::test_popcnt_ui64_basic ... ok
test sse_values::test_popcnt_ui64_edge ... ok
test sse_values::test_popcnt_ui8_basic ... ok
test sse_values::test_popcnt_ui8_edge ... ok
test sse_values::test_reinterpret_f32_to_ui32_special ... ok
test sse_values::test_reinterpret_f64_to_f64_edge ... ok
test sse_values::test_reinterpret_f64_to_f64_basic ... ok
test sse_values::test_reinterpret_si16_to_si16_basic ... ok
test sse_values::test_reinterpret_si16_to_si16_edge ... ok
test sse_values::test_reinterpret_si32_to_f32_bits ... ok
test sse_values::test_reinterpret_si32_to_ui32_basic ... ok
test sse_values::test_reinterpret_si64_to_f64_bits ... ok
test sse_values::test_reinterpret_si8_to_si8_basic ... ok
test sse_values::test_reinterpret_si8_to_si8_edge ... ok
test sse_values::test_reinterpret_ui16_to_ui16_basic ... ok
test sse_values::test_reinterpret_ui16_to_ui16_edge ... ok
test sse_values::test_reinterpret_ui32_to_f32_bits ... ok
test sse_values::test_reinterpret_ui64_to_f64_bits ... ok
test sse_values::test_reinterpret_ui8_to_ui8_basic ... ok
test sse_values::test_reinterpret_ui8_to_ui8_edge ... ok
test sse_values::test_scatter_si16_edge ... ok
test sse_values::test_scatter_si16_basic ... ok
test sse_values::test_scatter_si32_basic ... ok
test sse_values::test_scatter_si32_edge ... ok
test sse_values::test_scatter_si64_basic ... ok
test sse_values::test_scatter_si64_edge ... ok
test sse_values::test_scatter_si8_basic ... ok
test sse_values::test_scatter_ui16_basic ... ok
test sse_values::test_scatter_si8_edge ... ok
test sse_values::test_scatter_ui16_edge ... ok
test sse_values::test_scatter_ui32_basic ... ok
test sse_values::test_scatter_ui32_permutation ... ok
test sse_values::test_scatter_ui32_repeat ... ok
test sse_values::test_scatter_ui32_reverse ... ok
test sse_values::test_scatter_ui64_edge ... ok
test sse_values::test_scatter_ui64_basic ... ok
test sse_values::test_scatter_ui8_basic ... ok
test sse_values::test_scatter_ui8_edge ... ok
test sse_values::test_sequence_si16_basic ... ok
test sse_values::test_sequence_si16_edge ... ok
test sse_values::test_sequence_si32_basic ... ok
test sse_values::test_sequence_si64_basic ... ok
test sse_values::test_sequence_si64_edge ... ok
test sse_values::test_sequence_si8_basic ... ok
test sse_values::test_sequence_si8_edge ... ok
test sse_values::test_sequence_ui16_basic ... ok
test sse_values::test_sequence_ui16_edge ... ok
test sse_values::test_sequence_ui32_basic ... ok
test sse_values::test_sequence_ui64_basic ... ok
test sse_values::test_sequence_ui64_edge ... ok
test sse_values::test_sequence_ui8_basic ... ok
test sse_values::test_sequence_ui8_edge ... ok
test sse_values::test_set1_f32_edge ... ok
test sse_values::test_set1_f32_basic ... ok
test sse_values::test_set1_f64_basic ... ok
test sse_values::test_set1_f64_edge ... ok
test sse_values::test_set1_si16_basic ... ok
test sse_values::test_set1_si16_edge ... ok
test sse_values::test_set1_si32_edge ... ok
test sse_values::test_set1_si64_basic ... ok
test sse_values::test_set1_si64_edge ... ok
test sse_values::test_set1_si8_basic ... ok
test sse_values::test_set1_si8_edge ... ok
test sse_values::test_set1_ui16_edge ... ok
test sse_values::test_set1_ui16_basic ... ok
test sse_values::test_set1_ui32_basic ... ok
test sse_values::test_set1_ui64_basic ... ok
test sse_values::test_set1_ui8_basic ... ok
test sse_values::test_set1_ui64_edge ... ok
test sse_values::test_set1_ui8_edge ... ok
test sse_values::test_set_f32_basic ... ok
test sse_values::test_set_f32_edge ... ok
test sse_values::test_set_f64_basic ... ok
test sse_values::test_set_f64_edge ... ok
test sse_values::test_set_si16_basic ... ok
test sse_values::test_set_si16_edge ... ok
test sse_values::test_set_si32_edge ... ok
test sse_values::test_set_si64_edge ... ok
test sse_values::test_set_si64_basic ... ok
test sse_values::test_set_si8_basic ... ok
test sse_values::test_set_si8_edge ... ok
test sse_values::test_set_ui16_edge ... ok
test sse_values::test_set_ui16_basic ... ok
test sse_values::test_set_ui32_basic ... ok
test sse_values::test_set_ui64_basic ... ok
test sse_values::test_set_ui64_edge ... ok
test sse_values::test_set_ui8_edge ... ok
test sse_values::test_set_ui8_basic ... ok
test sse_values::test_set_undef_si32_compile ... ok
test sse_values::test_set_zero_f32_set_zero_basic ... ok
test sse_values::test_set_zero_f32_set_zero_edge ... ok
test sse_values::test_set_zero_f64_set_zero_basic ... ok
test sse_values::test_set_zero_f64_set_zero_edge ... ok
test sse_values::test_set_zero_si16_set_zero_basic ... ok
test sse_values::test_set_zero_si16_set_zero_edge ... ok
test sse_values::test_set_zero_si64_set_zero_basic ... ok
test sse_values::test_set_zero_si32_set_zero_basic ... ok
test sse_values::test_set_zero_si64_set_zero_edge ... ok
test sse_values::test_set_zero_si8_set_zero_basic ... ok
test sse_values::test_set_zero_si8_set_zero_edge ... ok
test sse_values::test_set_zero_ui16_set_zero_basic ... ok
test sse_values::test_set_zero_ui16_set_zero_edge ... ok
test sse_values::test_set_zero_ui32_set_zero_basic ... ok
test sse_values::test_set_zero_ui64_set_zero_basic ... ok
test sse_values::test_set_zero_ui64_set_zero_edge ... ok
test sse_values::test_set_zero_ui8_set_zero_basic ... ok
test sse_values::test_set_zero_ui8_set_zero_edge ... ok
test sse_values::test_shift_left_si16_imm_edge ... ok
test sse_values::test_shift_left_si16_imm_basic ... ok
test sse_values::test_shift_left_si32_imm_basic ... ok
test sse_values::test_shift_left_si32_imm_edge ... ok
test sse_values::test_shift_left_si64_imm_basic ... ok
test sse_values::test_shift_left_si64_imm_edge ... ok
test sse_values::test_shift_left_si8_imm_basic ... ok
test sse_values::test_shift_left_si8_imm_edge ... ok
test sse_values::test_shift_left_ui16_imm_basic ... ok
test sse_values::test_shift_left_ui16_imm_edge ... ok
test sse_values::test_shift_left_ui32_imm_basic ... ok
test sse_values::test_shift_left_ui32_imm_edge ... ok
test sse_values::test_shift_left_ui64_imm_basic ... ok
test sse_values::test_shift_left_ui64_imm_edge ... ok
test sse_values::test_shift_left_ui8_imm_basic ... ok
test sse_values::test_shift_left_ui8_imm_edge ... ok
test sse_values::test_shift_right_imask_ui32_zero ... ok
test sse_values::test_shift_right_imask_ui32_basic ... ok
test sse_values::test_shift_right_si16_imm_basic ... ok
test sse_values::test_shift_right_si16_imm_edge ... ok
test sse_values::test_shift_right_si32_imm_basic ... ok
test sse_values::test_shift_right_si64_imm_basic ... ok
test sse_values::test_shift_right_si32_imm_edge ... ok
test sse_values::test_shift_right_si64_imm_edge ... ok
test sse_values::test_shift_right_si8_imm_basic ... ok
test sse_values::test_shift_right_si8_imm_edge ... ok
test sse_values::test_shift_right_ui16_imm_basic ... ok
test sse_values::test_shift_right_ui16_imm_edge ... ok
test sse_values::test_shift_right_ui32_imm_basic ... ok
test sse_values::test_shift_right_ui32_imm_edge ... ok
test sse_values::test_shift_right_ui64_imm_basic ... ok
test sse_values::test_shift_right_ui64_imm_edge ... ok
test sse_values::test_shift_right_ui8_imm_basic ... ok
test sse_values::test_shift_right_ui8_imm_edge ... ok
test sse_values::test_store_f32_aligned_false_basic ... ok
test sse_values::test_store_f32_aligned_false_edge ... ok
test sse_values::test_store_f64_aligned_false_edge ... ok
test sse_values::test_store_f64_aligned_false_basic ... ok
test sse_values::test_store_mask_repr_f32_aligned_false_packed_true_mask_edge ... ok
test sse_values::test_store_mask_repr_f32_aligned_false_packed_true_mask_basic ... ok
test sse_values::test_store_mask_repr_f32_aligned_true_packed_false_mask_unpacked ... ok
test sse_values::test_store_mask_repr_f32_aligned_true_packed_true_mask_basic ... ok
test sse_values::test_store_mask_repr_f32_aligned_true_packed_true_mask_edge ... ok
test sse_values::test_store_mask_repr_f64_aligned_false_packed_true_mask_basic ... ok
test sse_values::test_store_mask_repr_f64_aligned_false_packed_true_mask_edge ... ok
test sse_values::test_store_mask_repr_f64_aligned_true_packed_true_mask_basic ... ok
test sse_values::test_store_mask_repr_f64_aligned_true_packed_true_mask_edge ... ok
test sse_values::test_store_mask_repr_si16_aligned_false_packed_true_mask_basic ... ok
test sse_values::test_store_mask_repr_si16_aligned_false_packed_true_mask_edge ... ok
test sse_values::test_store_mask_repr_si16_aligned_true_packed_true_mask_basic ... ok
test sse_values::test_store_mask_repr_si16_aligned_true_packed_true_mask_edge ... ok
test sse_values::test_store_mask_repr_si32_aligned_false_packed_true_mask_basic ... ok
test sse_values::test_store_mask_repr_si32_aligned_false_packed_true_mask_edge ... ok
test sse_values::test_store_mask_repr_si32_aligned_true_packed_true_mask_basic ... ok
test sse_values::test_store_mask_repr_si64_aligned_false_packed_true_mask_basic ... ok
test sse_values::test_store_mask_repr_si32_aligned_true_packed_true_mask_edge ... ok
test sse_values::test_store_mask_repr_si64_aligned_false_packed_true_mask_edge ... ok
test sse_values::test_store_mask_repr_si64_aligned_true_packed_true_mask_basic ... ok
test sse_values::test_store_mask_repr_si64_aligned_true_packed_true_mask_edge ... ok
test sse_values::test_store_mask_repr_si8_aligned_false_packed_true_mask_basic ... ok
test sse_values::test_store_mask_repr_si8_aligned_false_packed_true_mask_edge ... ok
test sse_values::test_store_mask_repr_si8_aligned_true_packed_true_mask_basic ... ok
test sse_values::test_store_mask_repr_si8_aligned_true_packed_true_mask_edge ... ok
test sse_values::test_store_mask_repr_ui16_aligned_false_packed_true_mask_basic ... ok
test sse_values::test_store_mask_repr_ui16_aligned_false_packed_true_mask_edge ... ok
test sse_values::test_store_mask_repr_ui16_aligned_true_packed_true_mask_basic ... ok
test sse_values::test_store_mask_repr_ui16_aligned_true_packed_true_mask_edge ... ok
test sse_values::test_store_mask_repr_ui32_aligned_false_packed_false_mask_unpacked ... ok
test sse_values::test_store_mask_repr_ui32_aligned_false_packed_true_mask_basic ... ok
test sse_values::test_store_mask_repr_ui32_aligned_false_packed_true_mask_edge ... ok
test sse_values::test_store_mask_repr_ui32_aligned_true_packed_false_mask_unpacked ... ok
test sse_values::test_store_mask_repr_ui32_aligned_true_packed_true_mask_basic ... ok
test sse_values::test_store_mask_repr_ui32_aligned_true_packed_true_mask_edge ... ok
test sse_values::test_store_mask_repr_ui64_aligned_false_packed_true_mask_basic ... ok
test sse_values::test_store_mask_repr_ui64_aligned_false_packed_true_mask_edge ... ok
test sse_values::test_store_mask_repr_ui64_aligned_true_packed_true_mask_basic ... ok
test sse_values::test_store_mask_repr_ui64_aligned_true_packed_true_mask_edge ... ok
test sse_values::test_store_mask_repr_ui8_aligned_false_packed_true_mask_basic ... ok
test sse_values::test_store_mask_repr_ui8_aligned_false_packed_true_mask_edge ... ok
test sse_values::test_store_mask_repr_ui8_aligned_true_packed_true_mask_basic ... ok
test sse_values::test_store_mask_repr_ui8_aligned_true_packed_true_mask_edge ... ok
test sse_values::test_store_si16_aligned_false_basic ... ok
test sse_values::test_store_si16_aligned_false_edge ... ok
test sse_values::test_store_si32_aligned_false_basic ... ok
test sse_values::test_store_si32_aligned_false_edge ... ok
test sse_values::test_store_si64_aligned_false_edge ... ok
test sse_values::test_store_si64_aligned_false_basic ... ok
test sse_values::test_store_si8_aligned_false_basic ... ok
test sse_values::test_store_si8_aligned_false_edge ... ok
test sse_values::test_store_ui16_aligned_false_basic ... ok
test sse_values::test_store_ui16_aligned_false_edge ... ok
test sse_values::test_store_ui32_aligned_false_basic ... ok
test sse_values::test_store_ui32_aligned_false_misaligned ... ok
test sse_values::test_store_ui64_aligned_false_basic ... ok
test sse_values::test_store_ui64_aligned_false_edge ... ok
test sse_values::test_store_ui8_aligned_false_basic ... ok
test sse_values::test_sub_f32_basic ... ok
test sse_values::test_store_ui8_aligned_false_edge ... ok
test sse_values::test_sub_f32_edge ... ok
test sse_values::test_sub_f64_basic ... ok
test sse_values::test_sub_f64_edge ... ok
test sse_values::test_sub_si16_basic ... ok
test sse_values::test_sub_si16_edge ... ok
test sse_values::test_sub_si32_basic ... ok
test sse_values::test_sub_si32_edge ... ok
test sse_values::test_sub_si32_mask_basic ... ok
test sse_values::test_sub_si32_maskz_all ... ok
test sse_values::test_sub_si32_maskz_basic ... ok
test sse_values::test_sub_si32_maskz_zero ... ok
test sse_values::test_sub_si64_basic ... ok
test sse_values::test_sub_si64_edge ... ok
test sse_values::test_sub_si8_basic ... ok
test sse_values::test_sub_si8_edge ... ok
test sse_values::test_sub_ui16_basic ... ok
test sse_values::test_sub_ui16_edge ... ok
test sse_values::test_sub_ui16_mask_basic ... ok
test sse_values::test_sub_ui16_maskz_all ... ok
test sse_values::test_sub_ui16_maskz_basic ... ok
test sse_values::test_sub_ui16_maskz_zero ... ok
test sse_values::test_sub_ui32_basic ... ok
test sse_values::test_sub_ui64_basic ... ok
test sse_values::test_sub_ui32_edge ... ok
test sse_values::test_sub_ui64_edge ... ok
test sse_values::test_sub_ui8_basic ... ok
test sse_values::test_sub_ui8_edge ... ok
test sse_values::test_to_array_f32_basic ... ok
test sse_values::test_to_array_f32_edge ... ok
test sse_values::test_to_array_f64_basic ... ok
test sse_values::test_to_array_f64_edge ... ok
test sse_values::test_to_array_si16_basic ... ok
test sse_values::test_to_array_si16_edge ... ok
test sse_values::test_to_array_si32_edge ... ok
test sse_values::test_to_array_si64_basic ... ok
test sse_values::test_to_array_si64_edge ... ok
test sse_values::test_to_array_si8_basic ... ok
test sse_values::test_to_array_si8_edge ... ok
test sse_values::test_to_array_ui16_basic ... ok
test sse_values::test_to_array_ui16_edge ... ok
test sse_values::test_to_array_ui32_basic ... ok
test sse_values::test_to_array_ui64_basic ... ok
test sse_values::test_to_array_ui64_edge ... ok
test sse_values::test_to_array_ui8_basic ... ok
test sse_values::test_to_array_ui8_edge ... ok
test sse_values::test_to_integral_f32_basic ... ok
test sse_values::test_to_integral_f64_basic ... ok
test sse_values::test_to_integral_si16_basic ... ok
test sse_values::test_to_integral_si32_basic ... ok
test sse_values::test_to_integral_si64_basic ... ok
test sse_values::test_to_integral_si8_basic ... ok
test sse_values::test_to_integral_ui16_basic ... ok
test sse_values::test_to_integral_ui32_basic ... ok
test sse_values::test_to_integral_ui32_zero ... ok
test sse_values::test_to_integral_ui64_basic ... ok
test sse_values::test_to_integral_ui8_basic ... ok
test sse_values::test_to_ostream_f32_basic ... ok
test sse_values::test_to_ostream_f32_edge ... ok
test sse_values::test_to_ostream_f64_basic ... ok
test sse_values::test_to_ostream_f64_edge ... ok
test sse_values::test_to_ostream_si16_basic ... ok
test sse_values::test_to_ostream_si16_edge ... ok
test sse_values::test_to_ostream_si32_basic ... ok
test sse_values::test_to_ostream_si32_edge ... ok
test sse_values::test_to_ostream_si64_basic ... ok
test sse_values::test_to_ostream_si64_edge ... ok
test sse_values::test_to_ostream_si8_basic ... ok
test sse_values::test_to_ostream_si8_edge ... ok
test sse_values::test_to_ostream_ui16_basic ... ok
test sse_values::test_to_ostream_ui16_edge ... ok
test sse_values::test_to_ostream_ui32_bin_basic ... ok
test sse_values::test_to_ostream_ui64_basic ... ok
test sse_values::test_to_ostream_ui64_edge ... ok
test sse_values::test_to_ostream_ui8_basic ... ok
test sse_values::test_to_ostream_ui8_edge ... ok
test sse_values::test_to_vector_f32_edge ... ok
test sse_values::test_to_vector_f32_basic ... ok
test sse_values::test_to_vector_f64_basic ... ok
test sse_values::test_to_vector_f64_edge ... ok
test sse_values::test_to_vector_si16_basic ... ok
test sse_values::test_to_vector_si16_edge ... ok
test sse_values::test_to_vector_si32_basic ... ok
test sse_values::test_to_vector_si32_edge ... ok
test sse_values::test_to_vector_si64_basic ... ok
test sse_values::test_to_vector_si64_edge ... ok
test sse_values::test_to_vector_si8_basic ... ok
test sse_values::test_to_vector_si8_edge ... ok
test sse_values::test_to_vector_ui16_basic ... ok
test sse_values::test_to_vector_ui16_edge ... ok
test sse_values::test_to_vector_ui32_basic ... ok
test sse_values::test_to_vector_ui32_edge ... ok
test sse_values::test_to_vector_ui64_basic ... ok
test sse_values::test_to_vector_ui64_edge ... ok
test sse_values::test_to_vector_ui8_basic ... ok
test sse_values::test_to_vector_ui8_edge ... ok
test sse_values::test_tzc_ui32_basic ... ok
test sse_values::test_tzc_ui32_edge ... ok
test sse_values::test_unequal_zero_f32_zero_basic ... ok
test sse_values::test_unequal_zero_f32_zero_edge ... ok
test sse_values::test_unequal_zero_f32_zero_nan_only ... ok
test sse_values::test_unequal_zero_f64_zero_basic ... ok
test sse_values::test_unequal_zero_f64_zero_edge ... ok
test sse_values::test_unequal_zero_f64_zero_nan_only ... ok
test sse_values::test_unequal_zero_si16_zero_basic ... ok
test sse_values::test_unequal_zero_si16_zero_edge ... ok
test sse_values::test_unequal_zero_si32_zero_basic ... ok
test sse_values::test_unequal_zero_si32_zero_edge ... ok
test sse_values::test_unequal_zero_si64_zero_basic ... ok
test sse_values::test_unequal_zero_si64_zero_edge ... ok
test sse_values::test_unequal_zero_si8_zero_basic ... ok
test sse_values::test_unequal_zero_si8_zero_edge ... ok
test sse_values::test_unequal_zero_ui16_zero_basic ... ok
test sse_values::test_unequal_zero_ui16_zero_edge ... ok
test sse_values::test_unequal_zero_ui32_zero_basic ... ok
test sse_values::test_unequal_zero_ui32_zero_edge ... ok
test sse_values::test_unequal_zero_ui64_zero_basic ... ok
test sse_values::test_unequal_zero_ui64_zero_edge ... ok
test sse_values::test_unequal_zero_ui8_zero_basic ... ok
test sse_values::test_unequal_zero_ui8_zero_edge ... ok

test result: ok. 1144 passed; 0 failed; 0 ignored; 0 measured; 0 filtered out; finished in 0.07s


running 0 tests

test result: ok. 0 passed; 0 failed; 0 ignored; 0 measured; 0 filtered out; finished in 0.00s
[stderr]
Compiling tsl_generated v0.1.0 (/workspace/tslctmp/ci-generated/rust)
    Finished `test` profile [unoptimized + debuginfo] target(s) in 10.23s
     Running unittests src/lib.rs (rust/target/sse/debug/deps/tsl_generated-b5a0f2f42e94c17b)
     Running tests/smoke.rs (rust/target/sse/debug/deps/smoke-220b840d4ba01391)
     Running tests/values.rs (rust/target/sse/debug/deps/values-72040ddcd4ffd006)
   Doc-tests tsl_generated
[test-output] rust sse2: cargo test --manifest-path /workspace/tslctmp/ci-generated/rust/Cargo.toml --no-default-features --features sse2,value_tests --target-dir /workspace/tslctmp/ci-generated/rust/target/sse2
[stdout]
running 0 tests

test result: ok. 0 passed; 0 failed; 0 ignored; 0 measured; 0 filtered out; finished in 0.00s


running 1 test
test smoke ... ok

test result: ok. 1 passed; 0 failed; 0 ignored; 0 measured; 0 filtered out; finished in 0.00s


running 1146 tests
test sse2_values::test_add_f32_basic ... ok
test sse2_values::test_add_f32_edge ... ok
test sse2_values::test_add_f64_basic ... ok
test sse2_values::test_add_f64_edge ... ok
test sse2_values::test_add_si16_basic ... ok
test sse2_values::test_add_si32_basic ... ok
test sse2_values::test_add_si16_edge ... ok
test sse2_values::test_add_si32_edge ... ok
test sse2_values::test_add_si32_mask_all ... ok
test sse2_values::test_add_si32_mask_basic ... ok
test sse2_values::test_add_si32_mask_zero ... ok
test sse2_values::test_add_si32_maskz_all ... ok
test sse2_values::test_add_si32_maskz_basic ... ok
test sse2_values::test_add_si32_maskz_zero ... ok
test sse2_values::test_add_si64_basic ... ok
test sse2_values::test_add_si64_edge ... ok
test sse2_values::test_add_si8_edge ... ok
test sse2_values::test_add_si8_basic ... ok
test sse2_values::test_add_ui16_basic ... ok
test sse2_values::test_add_ui16_edge ... ok
test sse2_values::test_add_ui32_basic ... ok
test sse2_values::test_add_ui32_edge ... ok
test sse2_values::test_add_ui64_basic ... ok
test sse2_values::test_add_ui64_edge ... ok
test sse2_values::test_add_ui8_basic ... ok
test sse2_values::test_add_ui8_edge ... ok
test sse2_values::test_add_ui8_mask_all ... ok
test sse2_values::test_add_ui8_mask_basic ... ok
test sse2_values::test_add_ui8_mask_zero ... ok
test sse2_values::test_add_ui8_maskz_all ... ok
test sse2_values::test_add_ui8_maskz_basic ... ok
test sse2_values::test_add_ui8_maskz_zero ... ok
test sse2_values::test_allocate_aligned_ptr_u8_basic ... ok
test sse2_values::test_allocate_aligned_ptr_u8_large ... ok
test sse2_values::test_allocate_aligned_ptr_u8_small ... ok
test sse2_values::test_allocate_aligned_ptr_u8_stress ... ok
test sse2_values::test_allocate_aligned_ptr_u8_value16 ... ok
test sse2_values::test_allocate_aligned_ptr_u8_value64 ... ok
test sse2_values::test_allocate_aligned_ptr_u8_zero ... ok
test sse2_values::test_allocate_ptr_u8_basic ... ok
test sse2_values::test_allocate_ptr_u8_large ... ok
test sse2_values::test_allocate_ptr_u8_small ... ok
test sse2_values::test_allocate_ptr_u8_unaligned_value33 ... ok
test sse2_values::test_allocate_ptr_u8_unaligned_value65 ... ok
test sse2_values::test_between_exclusive_f32_basic ... ok
test sse2_values::test_between_exclusive_f32_mask_basic ... ok
test sse2_values::test_between_exclusive_f32_mask_nan_edge ... ok
test sse2_values::test_between_exclusive_f32_nan_edge ... ok
test sse2_values::test_between_exclusive_si32_mask_mixed ... ok
test sse2_values::test_between_exclusive_si32_mixed ... ok
test sse2_values::test_between_exclusive_ui32_basic ... ok
test sse2_values::test_between_exclusive_ui32_mask_basic ... ok
test sse2_values::test_between_inclusive_f32_basic ... ok
test sse2_values::test_between_inclusive_f32_between_inclusive_mask_basic ... ok
test sse2_values::test_between_inclusive_f32_between_inclusive_mask_nan_edge ... ok
test sse2_values::test_between_inclusive_f32_nan_edge ... ok
test sse2_values::test_between_inclusive_si32_between_inclusive_mask_mixed ... ok
test sse2_values::test_between_inclusive_si32_mixed ... ok
test sse2_values::test_between_inclusive_ui32_basic ... ok
test sse2_values::test_between_inclusive_ui32_between_inclusive_mask_basic ... ok
test sse2_values::test_between_left_inclusive_f32_basic ... ok
test sse2_values::test_between_left_inclusive_f32_between_left_inclusive_mask_basic ... ok
test sse2_values::test_between_left_inclusive_f32_between_left_inclusive_mask_nan_edge ... ok
test sse2_values::test_between_left_inclusive_f32_nan_edge ... ok
test sse2_values::test_between_left_inclusive_si32_between_left_inclusive_mask_mixed ... ok
test sse2_values::test_between_left_inclusive_si32_mixed ... ok
test sse2_values::test_between_left_inclusive_ui32_basic ... ok
test sse2_values::test_between_left_inclusive_ui32_between_left_inclusive_mask_basic ... ok
test sse2_values::test_between_right_inclusive_f32_basic ... ok
test sse2_values::test_between_right_inclusive_f32_between_right_inclusive_mask_nan_edge ... ok
test sse2_values::test_between_right_inclusive_f32_between_right_inclusive_mask_basic ... ok
test sse2_values::test_between_right_inclusive_si32_between_right_inclusive_mask_mixed ... ok
test sse2_values::test_between_right_inclusive_f32_nan_edge ... ok
test sse2_values::test_between_right_inclusive_si32_mixed ... ok
test sse2_values::test_between_right_inclusive_ui32_basic ... ok
test sse2_values::test_between_right_inclusive_ui32_between_right_inclusive_mask_basic ... ok
test sse2_values::test_binary_and_f32_basic ... ok
test sse2_values::test_binary_and_f32_edge ... ok
test sse2_values::test_binary_and_f64_basic ... ok
test sse2_values::test_binary_and_f64_edge ... ok
test sse2_values::test_binary_and_si16_basic ... ok
test sse2_values::test_binary_and_si16_edge ... ok
test sse2_values::test_binary_and_si32_basic ... ok
test sse2_values::test_binary_and_si32_edge ... ok
test sse2_values::test_binary_and_si64_basic ... ok
test sse2_values::test_binary_and_si64_edge ... ok
test sse2_values::test_binary_and_si8_basic ... ok
test sse2_values::test_binary_and_si8_edge ... ok
test sse2_values::test_binary_and_ui16_basic ... ok
test sse2_values::test_binary_and_ui16_edge ... ok
test sse2_values::test_binary_and_ui32_basic ... ok
test sse2_values::test_binary_and_ui32_binary_and_maskz_basic ... ok
test sse2_values::test_binary_and_ui32_binary_and_mask_basic ... ok
test sse2_values::test_binary_and_ui32_edge ... ok
test sse2_values::test_binary_and_ui64_basic ... ok
test sse2_values::test_binary_and_ui64_edge ... ok
test sse2_values::test_binary_and_ui8_basic ... ok
test sse2_values::test_binary_and_ui8_edge ... ok
test sse2_values::test_binary_andnot_f32_basic ... ok
test sse2_values::test_binary_andnot_f64_basic ... ok
test sse2_values::test_binary_andnot_si32_basic ... ok
test sse2_values::test_binary_andnot_si32_edge ... ok
test sse2_values::test_binary_andnot_ui32_basic ... ok
test sse2_values::test_binary_andnot_ui32_binary_andnot_maskz_basic ... ok
test sse2_values::test_binary_andnot_ui32_binary_andnot_mask_basic ... ok
test sse2_values::test_binary_andnot_ui32_edge ... ok
test sse2_values::test_binary_or_f32_basic ... ok
test sse2_values::test_binary_or_f32_edge ... ok
test sse2_values::test_binary_or_f64_basic ... ok
test sse2_values::test_binary_or_f64_edge ... ok
test sse2_values::test_binary_or_si16_basic ... ok
test sse2_values::test_binary_or_si16_edge ... ok
test sse2_values::test_binary_or_si32_basic ... ok
test sse2_values::test_binary_or_si64_basic ... ok
test sse2_values::test_binary_or_si32_edge ... ok
test sse2_values::test_binary_or_si64_edge ... ok
test sse2_values::test_binary_or_si8_basic ... ok
test sse2_values::test_binary_or_si8_edge ... ok
test sse2_values::test_binary_or_ui16_basic ... ok
test sse2_values::test_binary_or_ui16_edge ... ok
test sse2_values::test_binary_or_ui32_basic ... ok
test sse2_values::test_binary_or_ui32_binary_or_mask_basic ... ok
test sse2_values::test_binary_or_ui32_binary_or_maskz_basic ... ok
test sse2_values::test_binary_or_ui32_edge ... ok
test sse2_values::test_binary_or_ui64_basic ... ok
test sse2_values::test_binary_or_ui64_edge ... ok
test sse2_values::test_binary_or_ui8_basic ... ok
test sse2_values::test_binary_or_ui8_edge ... ok
test sse2_values::test_binary_xor_f32_basic ... ok
test sse2_values::test_binary_xor_f32_edge ... ok
test sse2_values::test_binary_xor_f64_basic ... ok
test sse2_values::test_binary_xor_f64_edge ... ok
test sse2_values::test_binary_xor_si16_basic ... ok
test sse2_values::test_binary_xor_si16_edge ... ok
test sse2_values::test_binary_xor_si32_basic ... ok
test sse2_values::test_binary_xor_si32_edge ... ok
test sse2_values::test_binary_xor_si64_edge ... ok
test sse2_values::test_binary_xor_si64_basic ... ok
test sse2_values::test_binary_xor_si8_basic ... ok
test sse2_values::test_binary_xor_si8_edge ... ok
test sse2_values::test_binary_xor_ui16_basic ... ok
test sse2_values::test_binary_xor_ui16_edge ... ok
test sse2_values::test_binary_xor_ui32_basic ... ok
test sse2_values::test_binary_xor_ui32_binary_xor_mask_basic ... ok
test sse2_values::test_binary_xor_ui32_edge ... ok
test sse2_values::test_binary_xor_ui32_binary_xor_maskz_basic ... ok
test sse2_values::test_binary_xor_ui64_basic ... ok
test sse2_values::test_binary_xor_ui64_edge ... ok
test sse2_values::test_binary_xor_ui8_basic ... ok
test sse2_values::test_binary_xor_ui8_edge ... ok
test sse2_values::test_blend_add_si16_blend_add_basic ... ok
test sse2_values::test_blend_add_si16_blend_add_edge ... ok
test sse2_values::test_blend_add_si32_blend_add_basic ... ok
test sse2_values::test_blend_add_si64_blend_add_basic ... ok
test sse2_values::test_blend_add_si32_blend_add_edge ... ok
test sse2_values::test_blend_add_si64_blend_add_edge ... ok
test sse2_values::test_blend_add_si8_blend_add_basic ... ok
test sse2_values::test_blend_add_si8_blend_add_edge ... ok
test sse2_values::test_blend_add_ui16_blend_add_basic ... ok
test sse2_values::test_blend_add_ui16_blend_add_edge ... ok
test sse2_values::test_blend_add_ui32_blend_add_basic ... ok
test sse2_values::test_blend_add_ui64_blend_add_basic ... ok
test sse2_values::test_blend_add_ui32_blend_add_edge ... ok
test sse2_values::test_blend_add_ui64_blend_add_edge ... ok
test sse2_values::test_blend_add_ui8_blend_add_basic ... ok
test sse2_values::test_blend_add_ui8_blend_add_edge ... ok
test sse2_values::test_blend_f32_basic ... ok
test sse2_values::test_blend_f32_edge ... ok
test sse2_values::test_blend_f64_basic ... ok
test sse2_values::test_blend_f64_edge ... ok
test sse2_values::test_blend_si16_basic ... ok
test sse2_values::test_blend_si16_edge ... ok
test sse2_values::test_blend_si32_edge ... ok
test sse2_values::test_blend_si32_basic ... ok
test sse2_values::test_blend_si64_basic ... ok
test sse2_values::test_blend_si64_edge ... ok
test sse2_values::test_blend_si8_edge ... ok
test sse2_values::test_blend_si8_basic ... ok
test sse2_values::test_blend_ui16_basic ... ok
test sse2_values::test_blend_ui16_edge ... ok
test sse2_values::test_blend_ui32_basic ... ok
test sse2_values::test_blend_ui32_edge ... ok
test sse2_values::test_blend_ui64_basic ... ok
test sse2_values::test_blend_ui64_edge ... ok
test sse2_values::test_blend_ui8_edge ... ok
test sse2_values::test_blend_ui8_basic ... ok
test sse2_values::test_cast_f32_to_f32_basic ... ok
test sse2_values::test_cast_f32_to_f32_edge ... ok
test sse2_values::test_cast_f64_sse_to_si32_basic_bits128 ... ok
test sse2_values::test_cast_f64_to_f64_basic ... ok
test sse2_values::test_cast_f64_to_f64_edge ... ok
test sse2_values::test_cast_si16_to_si16_basic ... ok
test sse2_values::test_cast_si16_to_si16_edge ... ok
test sse2_values::test_cast_si32_sse_to_f64_basic_bits128 ... ok
test sse2_values::test_cast_si32_to_f32_basic ... ok
test sse2_values::test_cast_si32_to_f32_edge ... ok
test sse2_values::test_cast_si32_to_f32_rounding ... ok
test sse2_values::test_cast_si8_to_si8_basic ... ok
test sse2_values::test_cast_si64_to_f64_basic ... ok
test sse2_values::test_cast_si8_to_si8_edge ... ok
test sse2_values::test_cast_ui16_to_ui16_basic ... ok
test sse2_values::test_cast_ui16_to_ui16_edge ... ok
test sse2_values::test_cast_ui32_to_f32_basic ... ok
test sse2_values::test_cast_ui64_to_f64_basic ... ok
test sse2_values::test_cast_ui8_to_ui8_basic ... ok
test sse2_values::test_cast_ui8_to_ui8_edge ... ok
test sse2_values::test_compress_f32_basic ... ok
test sse2_values::test_compress_f32_edge ... ok
test sse2_values::test_compress_f64_basic ... ok
test sse2_values::test_compress_f64_edge ... ok
test sse2_values::test_compress_si16_basic ... ok
test sse2_values::test_compress_si16_edge ... ok
test sse2_values::test_compress_si32_basic ... ok
test sse2_values::test_compress_si32_edge ... ok
test sse2_values::test_compress_si64_basic ... ok
test sse2_values::test_compress_si64_edge ... ok
test sse2_values::test_compress_si8_basic ... ok
test sse2_values::test_compress_store_f32_store_basic ... ok
test sse2_values::test_compress_si8_edge ... ok
test sse2_values::test_compress_store_f32_store_edge ... ok
test sse2_values::test_compress_store_f64_store_basic ... ok
test sse2_values::test_compress_store_f64_store_edge ... ok
test sse2_values::test_compress_store_si16_store_basic ... ok
test sse2_values::test_compress_store_si16_store_edge ... ok
test sse2_values::test_compress_store_si32_store_edge ... ok
test sse2_values::test_compress_store_si32_store_basic ... ok
test sse2_values::test_compress_store_si64_store_basic ... ok
test sse2_values::test_compress_store_si64_store_edge ... ok
test sse2_values::test_compress_store_si8_store_basic ... ok
test sse2_values::test_compress_store_si8_store_edge ... ok
test sse2_values::test_compress_store_ui16_store_basic ... ok
test sse2_values::test_compress_store_ui16_store_edge ... ok
test sse2_values::test_compress_store_ui32_store_all ... ok
test sse2_values::test_compress_store_ui32_store_alternating ... ok
test sse2_values::test_compress_store_ui32_store_back_half ... ok
test sse2_values::test_compress_store_ui32_store_front_half ... ok
test sse2_values::test_compress_store_ui32_store_pairs ... ok
test sse2_values::test_compress_store_ui32_store_single_lsb ... ok
test sse2_values::test_compress_store_ui32_store_single_msb ... ok
test sse2_values::test_compress_store_ui32_store_zero ... ok
test sse2_values::test_compress_store_ui64_store_basic ... ok
test sse2_values::test_compress_store_ui8_store_basic ... ok
test sse2_values::test_compress_store_ui64_store_edge ... ok
test sse2_values::test_compress_store_ui8_store_edge ... ok
test sse2_values::test_compress_ui16_basic ... ok
test sse2_values::test_compress_ui32_basic ... ok
test sse2_values::test_compress_ui16_edge ... ok
test sse2_values::test_compress_ui32_edge ... ok
test sse2_values::test_compress_ui64_basic ... ok
test sse2_values::test_compress_ui64_edge ... ok
test sse2_values::test_compress_ui8_basic ... ok
test sse2_values::test_compress_ui8_edge ... ok
test sse2_values::test_conflict_free_si16_basic ... ok
test sse2_values::test_conflict_free_si16_edge ... ok
test sse2_values::test_conflict_free_si32_basic ... ok
test sse2_values::test_conflict_free_si32_edge ... ok
test sse2_values::test_conflict_free_si64_basic ... ok
test sse2_values::test_conflict_free_si64_edge ... ok
test sse2_values::test_conflict_free_si8_basic ... ok
test sse2_values::test_conflict_free_si8_edge ... ok
test sse2_values::test_conflict_free_ui16_basic ... ok
test sse2_values::test_conflict_free_ui16_edge ... ok
test sse2_values::test_conflict_free_ui32_edge ... ok
test sse2_values::test_conflict_free_ui32_basic ... ok
test sse2_values::test_conflict_free_ui64_basic ... ok
test sse2_values::test_conflict_free_ui64_edge ... ok
test sse2_values::test_conflict_free_ui8_basic ... ok
test sse2_values::test_conflict_free_ui8_edge ... ok
test sse2_values::test_conflict_si16_basic ... ok
test sse2_values::test_conflict_si16_edge ... ok
test sse2_values::test_conflict_si32_basic ... ok
test sse2_values::test_conflict_si32_edge ... ok
test sse2_values::test_conflict_si64_basic ... ok
test sse2_values::test_conflict_si64_edge ... ok
test sse2_values::test_conflict_si8_basic ... ok
test sse2_values::test_conflict_ui16_basic ... ok
test sse2_values::test_conflict_si8_edge ... ok
test sse2_values::test_conflict_ui16_edge ... ok
test sse2_values::test_conflict_ui32_basic ... ok
test sse2_values::test_conflict_ui32_edge ... ok
test sse2_values::test_conflict_ui64_basic ... ok
test sse2_values::test_conflict_ui64_edge ... ok
test sse2_values::test_conflict_ui8_basic ... ok
test sse2_values::test_conflict_ui8_edge ... ok
test sse2_values::test_convert_down_si32_to_si16_idx1_down_edge ... ok
test sse2_values::test_convert_down_si32_to_si16_idx0_down ... ok
test sse2_values::test_convert_down_si64_to_si32_idx0_down ... ok
test sse2_values::test_convert_down_si64_to_si32_idx1_down ... ok
test sse2_values::test_convert_up_si16_to_si32_idx0_up ... ok
test sse2_values::test_convert_down_ui64_to_ui32_idx1_down ... ok
test sse2_values::test_convert_up_si16_to_si32_idx1_up_edge ... ok
test sse2_values::test_convert_up_si16_to_si64_idx3_up ... ok
test sse2_values::test_convert_up_si32_to_si64_idx0_up ... ok
test sse2_values::test_convert_up_si32_to_si64_idx1_up ... ok
test sse2_values::test_convert_up_si8_to_si16_idx1_up ... ok
test sse2_values::test_convert_up_si8_to_si32_idx0_up ... ok
test sse2_values::test_convert_up_ui16_to_ui64_idx2_up ... ok
test sse2_values::test_convert_up_si8_to_si32_idx3_up ... ok
test sse2_values::test_convert_up_ui8_to_ui32_idx2_up_edge ... ok
test sse2_values::test_convert_up_ui32_to_ui64_idx1_up ... ok
test sse2_values::test_convert_up_ui8_to_ui64_idx7_up ... ok
test sse2_values::test_count_matches_f32_basic ... ok
test sse2_values::test_count_matches_f32_edge ... ok
test sse2_values::test_count_matches_f64_basic ... ok
test sse2_values::test_count_matches_f64_edge ... ok
test sse2_values::test_count_matches_si16_basic ... ok
test sse2_values::test_count_matches_si16_edge ... ok
test sse2_values::test_count_matches_si32_basic ... ok
test sse2_values::test_count_matches_si32_edge ... ok
test sse2_values::test_count_matches_si64_basic ... ok
test sse2_values::test_count_matches_si64_edge ... ok
test sse2_values::test_count_matches_si8_basic ... ok
test sse2_values::test_count_matches_si8_edge ... ok
test sse2_values::test_count_matches_ui16_basic ... ok
test sse2_values::test_count_matches_ui16_edge ... ok
test sse2_values::test_count_matches_ui32_basic ... ok
test sse2_values::test_count_matches_ui32_edge ... ok
test sse2_values::test_count_matches_ui64_edge ... ok
test sse2_values::test_count_matches_ui64_basic ... ok
test sse2_values::test_count_matches_ui8_basic ... ok
test sse2_values::test_count_matches_ui8_edge ... ok
test sse2_values::test_custom_sequence_si16_basic ... ok
test sse2_values::test_custom_sequence_si16_edge ... ok
test sse2_values::test_custom_sequence_si32_edge ... ok
test sse2_values::test_custom_sequence_si64_basic ... ok
test sse2_values::test_custom_sequence_si64_edge ... ok
test sse2_values::test_custom_sequence_si8_basic ... ok
test sse2_values::test_custom_sequence_si8_edge ... ok
test sse2_values::test_custom_sequence_ui16_basic ... ok
test sse2_values::test_custom_sequence_ui16_edge ... ok
test sse2_values::test_custom_sequence_ui32_basic ... ok
test sse2_values::test_custom_sequence_ui64_basic ... ok
test sse2_values::test_custom_sequence_ui8_basic ... ok
test sse2_values::test_custom_sequence_ui64_edge ... ok
test sse2_values::test_deallocate_ptr_aligned_u8_value16 ... ok
test sse2_values::test_custom_sequence_ui8_edge ... ok
test sse2_values::test_deallocate_ptr_aligned_u8_value64 ... ok
test sse2_values::test_deallocate_ptr_u8_basic ... ok
test sse2_values::test_deallocate_ptr_u8_large ... ok
test sse2_values::test_deallocate_ptr_u8_small ... ok
test sse2_values::test_deallocate_ptr_u8_unaligned_value33 ... ok
test sse2_values::test_deallocate_ptr_u8_unaligned_value65 ... ok
test sse2_values::test_div_f32_basic ... ok
test sse2_values::test_div_f32_mask_basic ... ok
test sse2_values::test_div_f32_mask_zero ... ok
test sse2_values::test_div_f32_maskz_basic ... ok
test sse2_values::test_div_f32_maskz_zero ... ok
test sse2_values::test_div_f32_one ... ok
test sse2_values::test_div_f64_basic ... ok
test sse2_values::test_div_si32_generic_basic ... ok
test sse2_values::test_div_si32_generic_mask_basic ... ok
test sse2_values::test_div_si32_generic_maskz_basic ... ok
test sse2_values::test_equal_f32_basic ... ok
test sse2_values::test_equal_f32_edge ... ok
test sse2_values::test_equal_f32_equal_mask_basic ... ok
test sse2_values::test_equal_f32_equal_mask_nan_edge ... ok
test sse2_values::test_equal_f64_basic ... ok
test sse2_values::test_equal_f32_nan_mixed ... ok
test sse2_values::test_equal_f64_edge ... ok
test sse2_values::test_equal_f64_nan_mixed ... ok
test sse2_values::test_equal_si16_basic ... ok
test sse2_values::test_equal_si16_edge ... ok
test sse2_values::test_equal_si32_basic ... ok
test sse2_values::test_equal_si32_edge ... ok
test sse2_values::test_equal_si32_equal_mask_mixed ... ok
test sse2_values::test_equal_si64_basic ... ok
test sse2_values::test_equal_si8_basic ... ok
test sse2_values::test_equal_si64_edge ... ok
test sse2_values::test_equal_si8_edge ... ok
test sse2_values::test_equal_ui16_basic ... ok
test sse2_values::test_equal_ui16_edge ... ok
test sse2_values::test_equal_ui32_basic ... ok
test sse2_values::test_equal_ui32_edge ... ok
test sse2_values::test_equal_ui32_equal_mask_basic ... ok
test sse2_values::test_equal_ui32_equal_mask_none ... ok
test sse2_values::test_equal_ui64_basic ... ok
test sse2_values::test_equal_ui64_edge ... ok
test sse2_values::test_equal_ui8_basic ... ok
test sse2_values::test_equal_ui8_edge ... ok
test sse2_values::test_expand_load_f32_load_basic ... ok
test sse2_values::test_expand_load_f32_load_edge ... ok
test sse2_values::test_expand_load_f64_load_basic ... ok
test sse2_values::test_expand_load_f64_load_edge ... ok
test sse2_values::test_expand_load_si16_load_basic ... ok
test sse2_values::test_expand_load_si16_load_edge ... ok
test sse2_values::test_expand_load_si32_load_basic ... ok
test sse2_values::test_expand_load_si32_load_edge ... ok
test sse2_values::test_expand_load_si64_load_basic ... ok
test sse2_values::test_expand_load_si64_load_edge ... ok
test sse2_values::test_expand_load_si8_load_edge ... ok
test sse2_values::test_expand_load_si8_load_basic ... ok
test sse2_values::test_expand_load_ui16_load_basic ... ok
test sse2_values::test_expand_load_ui16_load_edge ... ok
test sse2_values::test_expand_load_ui32_load_all ... ok
test sse2_values::test_expand_load_ui32_load_alternating ... ok
test sse2_values::test_expand_load_ui32_load_back_half ... ok
test sse2_values::test_expand_load_ui32_load_pairs ... ok
test sse2_values::test_expand_load_ui32_load_front_half ... ok
test sse2_values::test_expand_load_ui32_load_single_msb ... ok
test sse2_values::test_expand_load_ui32_load_single_lsb ... ok
test sse2_values::test_expand_load_ui64_load_basic ... ok
test sse2_values::test_expand_load_ui32_load_zero ... ok
test sse2_values::test_expand_load_ui64_load_edge ... ok
test sse2_values::test_expand_load_ui8_load_basic ... ok
test sse2_values::test_extract_value_f32_idx0_basic ... ok
test sse2_values::test_expand_load_ui8_load_edge ... ok
test sse2_values::test_extract_value_f32_idx3_edge ... ok
test sse2_values::test_extract_value_f64_idx0_basic ... ok
test sse2_values::test_extract_value_f64_idx1_edge ... ok
test sse2_values::test_extract_value_si16_idx0_basic ... ok
test sse2_values::test_extract_value_si16_idx7_edge ... ok
test sse2_values::test_extract_value_si32_idx0_basic ... ok
test sse2_values::test_extract_value_si32_idx3_edge ... ok
test sse2_values::test_extract_value_si64_idx0_basic ... ok
test sse2_values::test_extract_value_si64_idx1_edge ... ok
test sse2_values::test_extract_value_si8_idx0_basic ... ok
test sse2_values::test_extract_value_si8_idx15_edge ... ok
test sse2_values::test_extract_value_ui16_idx0_basic ... ok
test sse2_values::test_extract_value_ui16_idx7_edge ... ok
test sse2_values::test_extract_value_ui32_idx0_basic ... ok
test sse2_values::test_extract_value_ui32_idx7_basic ... ok
test sse2_values::test_extract_value_ui64_idx0_basic ... ok
test sse2_values::test_extract_value_ui64_idx1_edge ... ok
test sse2_values::test_extract_value_ui8_idx0_basic ... ok
test sse2_values::test_extract_value_ui8_idx15_edge ... ok
test sse2_values::test_from_array_f32_edge ... ok
test sse2_values::test_from_array_ui32_basic ... ok
test sse2_values::test_gather_si16_basic ... ok
test sse2_values::test_gather_si16_edge ... ok
test sse2_values::test_gather_si32_basic ... ok
test sse2_values::test_gather_si32_edge ... ok
test sse2_values::test_gather_si64_edge ... ok
test sse2_values::test_gather_si64_basic ... ok
test sse2_values::test_gather_si8_basic ... ok
test sse2_values::test_gather_si8_edge ... ok
test sse2_values::test_gather_ui16_basic ... ok
test sse2_values::test_gather_ui16_edge ... ok
test sse2_values::test_gather_ui32_basic ... ok
test sse2_values::test_gather_ui32_repeat ... ok
test sse2_values::test_gather_ui32_reverse ... ok
test sse2_values::test_gather_ui32_stride ... ok
test sse2_values::test_gather_ui64_basic ... ok
test sse2_values::test_gather_ui64_edge ... ok
test sse2_values::test_gather_ui8_edge ... ok
test sse2_values::test_gather_ui8_basic ... ok
test sse2_values::test_greater_than_f32_basic ... ok
test sse2_values::test_greater_than_f32_edge ... ok
test sse2_values::test_greater_than_f32_greater_than_mask_basic ... ok
test sse2_values::test_greater_than_f32_greater_than_mask_nan_edge ... ok
test sse2_values::test_greater_than_f64_basic ... ok
test sse2_values::test_greater_than_f64_edge ... ok
test sse2_values::test_greater_than_or_equal_f32_basic ... ok
test sse2_values::test_greater_than_or_equal_f32_edge ... ok
test sse2_values::test_greater_than_or_equal_f32_mask_basic ... ok
test sse2_values::test_greater_than_or_equal_f64_basic ... ok
test sse2_values::test_greater_than_or_equal_f32_mask_nan_edge ... ok
test sse2_values::test_greater_than_or_equal_f64_edge ... ok
test sse2_values::test_greater_than_or_equal_si16_basic ... ok
test sse2_values::test_greater_than_or_equal_si16_edge ... ok
test sse2_values::test_greater_than_or_equal_si32_basic ... ok
test sse2_values::test_greater_than_or_equal_si32_edge ... ok
test sse2_values::test_greater_than_or_equal_si32_mask_mixed ... ok
test sse2_values::test_greater_than_or_equal_si64_basic ... ok
test sse2_values::test_greater_than_or_equal_si64_edge ... ok
test sse2_values::test_greater_than_or_equal_si8_basic ... ok
test sse2_values::test_greater_than_or_equal_ui16_basic ... ok
test sse2_values::test_greater_than_or_equal_si8_edge ... ok
test sse2_values::test_greater_than_or_equal_ui16_edge ... ok
test sse2_values::test_greater_than_or_equal_ui32_basic ... ok
test sse2_values::test_greater_than_or_equal_ui32_edge ... ok
test sse2_values::test_greater_than_or_equal_ui32_mask_basic ... ok
test sse2_values::test_greater_than_or_equal_ui32_mask_none ... ok
test sse2_values::test_greater_than_or_equal_ui64_edge ... ok
test sse2_values::test_greater_than_or_equal_ui64_basic ... ok
test sse2_values::test_greater_than_or_equal_ui8_basic ... ok
test sse2_values::test_greater_than_or_equal_ui8_edge ... ok
test sse2_values::test_greater_than_si16_basic ... ok
test sse2_values::test_greater_than_si16_edge ... ok
test sse2_values::test_greater_than_si32_basic ... ok
test sse2_values::test_greater_than_si32_greater_than_mask_mixed ... ok
test sse2_values::test_greater_than_si32_edge ... ok
test sse2_values::test_greater_than_si64_basic ... ok
test sse2_values::test_greater_than_si64_edge ... ok
test sse2_values::test_greater_than_si8_edge ... ok
test sse2_values::test_greater_than_si8_basic ... ok
test sse2_values::test_greater_than_ui16_basic ... ok
test sse2_values::test_greater_than_ui16_edge ... ok
test sse2_values::test_greater_than_ui32_basic ... ok
test sse2_values::test_greater_than_ui32_greater_than_mask_basic ... ok
test sse2_values::test_greater_than_ui32_edge ... ok
test sse2_values::test_greater_than_ui32_greater_than_mask_none ... ok
test sse2_values::test_greater_than_ui64_basic ... ok
test sse2_values::test_greater_than_ui64_edge ... ok
test sse2_values::test_greater_than_ui8_basic ... ok
test sse2_values::test_hadd_f32_basic ... ok
test sse2_values::test_greater_than_ui8_edge ... ok
test sse2_values::test_hadd_f64_basic ... ok
test sse2_values::test_hadd_si32_basic ... ok
test sse2_values::test_hadd_si32_edge ... ok
test sse2_values::test_hadd_si64_basic ... ok
test sse2_values::test_hadd_ui16_basic ... ok
test sse2_values::test_hadd_ui64_basic ... ok
test sse2_values::test_hadd_ui8_basic ... ok
test sse2_values::test_hand_si32_basic ... ok
test sse2_values::test_hand_ui32_basic ... ok
test sse2_values::test_hand_ui32_zero ... ok
test sse2_values::test_hand_ui64_basic ... ok
test sse2_values::test_hand_ui8_basic ... ok
test sse2_values::test_hand_ui8_zero ... ok
test sse2_values::test_hmax_f32_edge ... ok
test sse2_values::test_hmax_f64_basic ... ok
test sse2_values::test_hmax_si32_basic ... ok
test sse2_values::test_hmax_si32_edge ... ok
test sse2_values::test_hmax_ui16_basic ... ok
test sse2_values::test_hmax_ui8_edge ... ok
test sse2_values::test_hmin_f32_edge ... ok
test sse2_values::test_hmin_f64_basic ... ok
test sse2_values::test_hmin_si32_edge ... ok
test sse2_values::test_hmin_si32_basic ... ok
test sse2_values::test_hmin_ui16_basic ... ok
test sse2_values::test_hmin_ui8_edge ... ok
test sse2_values::test_hor_si16_basic ... ok
test sse2_values::test_hor_si16_edge ... ok
test sse2_values::test_hor_si32_basic ... ok
test sse2_values::test_hor_si32_edge ... ok
test sse2_values::test_hor_si64_basic ... ok
test sse2_values::test_hor_si64_edge ... ok
test sse2_values::test_hor_si8_basic ... ok
test sse2_values::test_hor_si8_edge ... ok
test sse2_values::test_hor_ui16_basic ... ok
test sse2_values::test_hor_ui16_edge ... ok
test sse2_values::test_hor_ui32_basic ... ok
test sse2_values::test_hor_ui32_zero ... ok
test sse2_values::test_hor_ui64_basic ... ok
test sse2_values::test_hor_ui64_edge ... ok
test sse2_values::test_hor_ui8_basic ... ok
test sse2_values::test_hor_ui8_edge ... ok
test sse2_values::test_inv_si16_edge ... ok
test sse2_values::test_inv_si16_basic ... ok
test sse2_values::test_inv_si32_basic ... ok
test sse2_values::test_inv_si32_edge ... ok
test sse2_values::test_inv_si64_basic ... ok
test sse2_values::test_inv_si64_edge ... ok
test sse2_values::test_inv_si8_basic ... ok
test sse2_values::test_inv_si8_edge ... ok
test sse2_values::test_inv_ui16_basic ... ok
test sse2_values::test_inv_ui16_edge ... ok
test sse2_values::test_inv_ui32_basic ... ok
test sse2_values::test_inv_ui32_edge ... ok
test sse2_values::test_inv_ui32_mask_basic ... ok
test sse2_values::test_inv_ui64_basic ... ok
test sse2_values::test_inv_ui32_maskz_basic ... ok
test sse2_values::test_inv_ui64_edge ... ok
test sse2_values::test_inv_ui8_basic ... ok
test sse2_values::test_inv_ui8_edge ... ok
test sse2_values::test_less_than_f32_basic ... ok
test sse2_values::test_less_than_f32_less_than_mask_basic ... ok
test sse2_values::test_less_than_f32_edge ... ok
test sse2_values::test_less_than_f64_basic ... ok
test sse2_values::test_less_than_f32_less_than_mask_nan_edge ... ok
test sse2_values::test_less_than_f64_edge ... ok
test sse2_values::test_less_than_or_equal_f32_basic ... ok
test sse2_values::test_less_than_or_equal_f32_less_than_or_equal_mask_basic ... ok
test sse2_values::test_less_than_or_equal_f32_edge ... ok
test sse2_values::test_less_than_or_equal_f32_less_than_or_equal_mask_nan_edge ... ok
test sse2_values::test_less_than_or_equal_f64_basic ... ok
test sse2_values::test_less_than_or_equal_f64_edge ... ok
test sse2_values::test_less_than_or_equal_si16_basic ... ok
test sse2_values::test_less_than_or_equal_si16_edge ... ok
test sse2_values::test_less_than_or_equal_si32_basic ... ok
test sse2_values::test_less_than_or_equal_si32_edge ... ok
test sse2_values::test_less_than_or_equal_si32_less_than_or_equal_mask_mixed ... ok
test sse2_values::test_less_than_or_equal_si64_basic ... ok
test sse2_values::test_less_than_or_equal_si8_basic ... ok
test sse2_values::test_less_than_or_equal_si64_edge ... ok
test sse2_values::test_less_than_or_equal_si8_edge ... ok
test sse2_values::test_less_than_or_equal_ui16_basic ... ok
test sse2_values::test_less_than_or_equal_ui16_edge ... ok
test sse2_values::test_less_than_or_equal_ui32_basic ... ok
test sse2_values::test_less_than_or_equal_ui32_edge ... ok
test sse2_values::test_less_than_or_equal_ui32_less_than_or_equal_mask_none ... ok
test sse2_values::test_less_than_or_equal_ui32_less_than_or_equal_mask_basic ... ok
test sse2_values::test_less_than_or_equal_ui64_basic ... ok
test sse2_values::test_less_than_or_equal_ui64_edge ... ok
test sse2_values::test_less_than_or_equal_ui8_edge ... ok
test sse2_values::test_less_than_or_equal_ui8_basic ... ok
test sse2_values::test_less_than_si16_basic ... ok
test sse2_values::test_less_than_si16_edge ... ok
test sse2_values::test_less_than_si32_edge ... ok
test sse2_values::test_less_than_si32_basic ... ok
test sse2_values::test_less_than_si32_less_than_mask_mixed ... ok
test sse2_values::test_less_than_si64_basic ... ok
test sse2_values::test_less_than_si64_edge ... ok
test sse2_values::test_less_than_si8_basic ... ok
test sse2_values::test_less_than_si8_edge ... ok
test sse2_values::test_less_than_ui16_basic ... ok
test sse2_values::test_less_than_ui16_edge ... ok
test sse2_values::test_less_than_ui32_basic ... ok
test sse2_values::test_less_than_ui32_edge ... ok
test sse2_values::test_less_than_ui32_less_than_mask_basic ... ok
test sse2_values::test_less_than_ui32_less_than_mask_none ... ok
test sse2_values::test_less_than_ui64_edge ... ok
test sse2_values::test_less_than_ui64_basic ... ok
test sse2_values::test_less_than_ui8_basic ... ok
test sse2_values::test_less_than_ui8_edge ... ok
test sse2_values::test_load_f32_basic ... ok
test sse2_values::test_load_f32_edge ... ok
test sse2_values::test_load_f64_basic ... ok
test sse2_values::test_load_f64_edge ... ok
test sse2_values::test_load_mask_repr_ui32_aligned_false_packed_false_mask_none ... ok
test sse2_values::test_load_mask_repr_ui32_aligned_false_packed_true_mask_none ... ok
test sse2_values::test_load_scalar_f32_scalar_edge ... ok
test sse2_values::test_load_scalar_f32_scalar_basic ... ok
test sse2_values::test_load_scalar_f64_scalar_basic ... ok
test sse2_values::test_load_scalar_f64_scalar_edge ... ok
test sse2_values::test_load_scalar_si16_scalar_basic ... ok
test sse2_values::test_load_scalar_si16_scalar_edge ... ok
test sse2_values::test_load_scalar_si32_scalar_edge ... ok
test sse2_values::test_load_scalar_si32_scalar_basic ... ok
test sse2_values::test_load_scalar_si64_scalar_basic ... ok
test sse2_values::test_load_scalar_si64_scalar_edge ... ok
test sse2_values::test_load_scalar_si8_scalar_basic ... ok
test sse2_values::test_load_scalar_si8_scalar_edge ... ok
test sse2_values::test_load_scalar_ui16_scalar_basic ... ok
test sse2_values::test_load_scalar_ui16_scalar_edge ... ok
test sse2_values::test_load_scalar_ui32_scalar_basic ... ok
test sse2_values::test_load_scalar_ui32_scalar_edge ... ok
test sse2_values::test_load_scalar_ui64_scalar_basic ... ok
test sse2_values::test_load_scalar_ui64_scalar_edge ... ok
test sse2_values::test_load_scalar_ui8_scalar_basic ... ok
test sse2_values::test_load_scalar_ui8_scalar_edge ... ok
test sse2_values::test_load_si16_basic ... ok
test sse2_values::test_load_si16_edge ... ok
test sse2_values::test_load_si32_basic ... ok
test sse2_values::test_load_si32_edge ... ok
test sse2_values::test_load_si64_basic ... ok
test sse2_values::test_load_si64_edge ... ok
test sse2_values::test_load_si8_basic ... ok
test sse2_values::test_load_si8_edge ... ok
test sse2_values::test_load_ui16_basic ... ok
test sse2_values::test_load_ui32_aligned_false_misaligned ... ok
test sse2_values::test_load_ui16_edge ... ok
test sse2_values::test_load_ui32_basic ... ok
test sse2_values::test_load_ui64_basic ... ok
test sse2_values::test_load_ui8_basic ... ok
test sse2_values::test_load_ui64_edge ... ok
test sse2_values::test_lzc_imask_ui32_basic ... ok
test sse2_values::test_load_ui8_edge ... ok
test sse2_values::test_lzc_imask_ui32_edge ... ok
test sse2_values::test_lzc_scalar_ui32_basic ... ok
test sse2_values::test_lzc_scalar_ui32_edge ... ok
test sse2_values::test_lzc_si16_basic ... ok
test sse2_values::test_lzc_si16_edge ... ok
test sse2_values::test_lzc_si32_basic ... ok
test sse2_values::test_lzc_si32_edge ... ok
test sse2_values::test_lzc_si64_edge ... ok
test sse2_values::test_lzc_si64_basic ... ok
test sse2_values::test_lzc_si8_basic ... ok
test sse2_values::test_lzc_si8_edge ... ok
test sse2_values::test_lzc_ui16_basic ... ok
test sse2_values::test_lzc_ui16_edge ... ok
test sse2_values::test_lzc_ui32_basic ... ok
test sse2_values::test_lzc_ui32_edge ... ok
test sse2_values::test_lzc_ui64_basic ... ok
test sse2_values::test_lzc_ui64_edge ... ok
test sse2_values::test_lzc_ui8_basic ... ok
test sse2_values::test_lzc_ui8_edge ... ok
test sse2_values::test_masked_set1_f32_masked_set1_edge ... ok
test sse2_values::test_masked_set1_f32_masked_set1_basic ... ok
test sse2_values::test_masked_set1_f64_masked_set1_basic ... ok
test sse2_values::test_masked_set1_f64_masked_set1_edge ... ok
test sse2_values::test_masked_set1_si16_masked_set1_basic ... ok
test sse2_values::test_masked_set1_si16_masked_set1_edge ... ok
test sse2_values::test_masked_set1_si32_masked_set1_basic ... ok
test sse2_values::test_masked_set1_si32_masked_set1_edge ... ok
test sse2_values::test_masked_set1_si64_masked_set1_basic ... ok
test sse2_values::test_masked_set1_si64_masked_set1_edge ... ok
test sse2_values::test_masked_set1_si8_masked_set1_basic ... ok
test sse2_values::test_masked_set1_si8_masked_set1_edge ... ok
test sse2_values::test_masked_set1_ui16_masked_set1_basic ... ok
test sse2_values::test_masked_set1_ui16_masked_set1_edge ... ok
test sse2_values::test_masked_set1_ui32_masked_set1_basic ... ok
test sse2_values::test_masked_set1_ui32_masked_set1_edge ... ok
test sse2_values::test_masked_set1_ui64_masked_set1_basic ... ok
test sse2_values::test_masked_set1_ui64_masked_set1_edge ... ok
test sse2_values::test_masked_set1_ui8_masked_set1_basic ... ok
test sse2_values::test_masked_set1_ui8_masked_set1_edge ... ok
test sse2_values::test_max_f32_basic ... ok
test sse2_values::test_max_f64_edge ... ok
test sse2_values::test_max_si32_basic ... ok
test sse2_values::test_max_ui8_basic ... ok
test sse2_values::test_max_si32_edge ... ok
test sse2_values::test_memory_cp_ui8_basic ... ok
test sse2_values::test_memory_cp_ui8_full ... ok
test sse2_values::test_memory_cp_ui8_misaligned ... ok
test sse2_values::test_memory_cp_ui8_misaligned_full ... ok
test sse2_values::test_memory_cp_ui8_one ... ok
test sse2_values::test_memory_cp_ui8_zero ... ok
test sse2_values::test_min_f32_basic ... ok
test sse2_values::test_min_f64_edge ... ok
test sse2_values::test_min_si32_basic ... ok
test sse2_values::test_min_si32_edge ... ok
test sse2_values::test_min_ui8_basic ... ok
test sse2_values::test_mod_imm_si32_basic ... ok
test sse2_values::test_mod_imm_si32_one ... ok
test sse2_values::test_mod_imm_ui16_basic ... ok
test sse2_values::test_mod_imm_ui16_one ... ok
test sse2_values::test_mod_si16_basic ... ok
test sse2_values::test_mod_si32_basic ... ok
test sse2_values::test_mod_si32_generic_mask_basic ... ok
test sse2_values::test_mod_si32_generic_maskz_basic ... ok
test sse2_values::test_mod_si64_basic ... ok
test sse2_values::test_mod_si64_edge ... ok
test sse2_values::test_mod_si8_basic ... ok
test sse2_values::test_mod_si8_edge ... ok
test sse2_values::test_mod_ui16_basic ... ok
test sse2_values::test_mod_ui64_basic ... ok
test sse2_values::test_mod_ui32_basic ... ok
test sse2_values::test_mod_ui64_edge ... ok
test sse2_values::test_mod_ui8_basic ... ok
test sse2_values::test_mod_ui8_edge ... ok
test sse2_values::test_mov_f32_mask_basic ... ok
test sse2_values::test_mov_f32_mask_edge ... ok
test sse2_values::test_mov_f32_maskz_basic ... ok
test sse2_values::test_mov_f32_maskz_edge ... ok
test sse2_values::test_mov_f64_mask_basic ... ok
test sse2_values::test_mov_f64_mask_edge ... ok
test sse2_values::test_mov_f64_maskz_basic ... ok
test sse2_values::test_mov_f64_maskz_edge ... ok
test sse2_values::test_mov_si16_mask_basic ... ok
test sse2_values::test_mov_si16_mask_edge ... ok
test sse2_values::test_mov_si16_maskz_edge ... ok
test sse2_values::test_mov_si16_maskz_basic ... ok
test sse2_values::test_mov_si32_mask_basic ... ok
test sse2_values::test_mov_si32_mask_edge ... ok
test sse2_values::test_mov_si32_maskz_basic ... ok
test sse2_values::test_mov_si32_maskz_edge ... ok
test sse2_values::test_mov_si64_mask_basic ... ok
test sse2_values::test_mov_si64_maskz_basic ... ok
test sse2_values::test_mov_si64_mask_edge ... ok
test sse2_values::test_mov_si64_maskz_edge ... ok
test sse2_values::test_mov_si8_mask_basic ... ok
test sse2_values::test_mov_si8_maskz_basic ... ok
test sse2_values::test_mov_si8_mask_edge ... ok
test sse2_values::test_mov_si8_maskz_edge ... ok
test sse2_values::test_mov_ui16_mask_basic ... ok
test sse2_values::test_mov_ui16_mask_edge ... ok
test sse2_values::test_mov_ui16_maskz_basic ... ok
test sse2_values::test_mov_ui16_maskz_edge ... ok
test sse2_values::test_mov_ui32_mask_basic ... ok
test sse2_values::test_mov_ui32_mask_edge ... ok
test sse2_values::test_mov_ui32_maskz_basic ... ok
test sse2_values::test_mov_ui32_maskz_edge ... ok
test sse2_values::test_mov_ui64_mask_basic ... ok
test sse2_values::test_mov_ui64_mask_edge ... ok
test sse2_values::test_mov_ui64_maskz_basic ... ok
test sse2_values::test_mov_ui64_maskz_edge ... ok
test sse2_values::test_mov_ui8_mask_basic ... ok
test sse2_values::test_mov_ui8_mask_edge ... ok
test sse2_values::test_mov_ui8_maskz_basic ... ok
test sse2_values::test_mov_ui8_maskz_edge ... ok
test sse2_values::test_mul_f32_basic ... ok
test sse2_values::test_mul_f32_edge ... ok
test sse2_values::test_mul_f32_mask_basic ... ok
test sse2_values::test_mul_f32_maskz_basic ... ok
test sse2_values::test_mul_f64_basic ... ok
test sse2_values::test_mul_f64_edge ... ok
test sse2_values::test_mul_imm_si32_basic ... ok
test sse2_values::test_mul_imm_si32_neg ... ok
test sse2_values::test_mul_imm_si32_zero ... ok
test sse2_values::test_mul_imm_ui16_basic ... ok
test sse2_values::test_mul_imm_ui16_zero ... ok
test sse2_values::test_mul_si16_basic ... ok
test sse2_values::test_mul_si32_basic ... ok
test sse2_values::test_mul_si32_generic_maskz_basic ... ok
test sse2_values::test_mul_si32_generic_mask_basic ... ok
test sse2_values::test_mul_si32_zero ... ok
test sse2_values::test_mul_si8_basic ... ok
test sse2_values::test_mul_si8_edge ... ok
test sse2_values::test_mul_ui16_basic ... ok
test sse2_values::test_mul_ui32_basic ... ok
test sse2_values::test_mul_ui8_basic ... ok
test sse2_values::test_nequal_f32_basic ... ok
test sse2_values::test_mul_ui8_edge ... ok
test sse2_values::test_nequal_f32_edge ... ok
test sse2_values::test_nequal_f32_nan_mixed ... ok
test sse2_values::test_nequal_f32_nequal_mask_basic ... ok
test sse2_values::test_nequal_f32_nequal_mask_nan_edge ... ok
test sse2_values::test_nequal_f64_basic ... ok
test sse2_values::test_nequal_f64_edge ... ok
test sse2_values::test_nequal_si16_basic ... ok
test sse2_values::test_nequal_f64_nan_mixed ... ok
test sse2_values::test_nequal_si16_edge ... ok
test sse2_values::test_nequal_si32_basic ... ok
test sse2_values::test_nequal_si32_edge ... ok
test sse2_values::test_nequal_si32_nequal_mask_mixed ... ok
test sse2_values::test_nequal_si64_edge ... ok
test sse2_values::test_nequal_si64_basic ... ok
test sse2_values::test_nequal_si8_basic ... ok
test sse2_values::test_nequal_si8_edge ... ok
test sse2_values::test_nequal_ui16_basic ... ok
test sse2_values::test_nequal_ui16_edge ... ok
test sse2_values::test_nequal_ui32_basic ... ok
test sse2_values::test_nequal_ui32_edge ... ok
test sse2_values::test_nequal_ui32_nequal_mask_basic ... ok
test sse2_values::test_nequal_ui32_nequal_mask_none ... ok
test sse2_values::test_nequal_ui64_edge ... ok
test sse2_values::test_nequal_ui64_basic ... ok
test sse2_values::test_nequal_ui8_edge ... ok
test sse2_values::test_nequal_ui8_basic ... ok
test sse2_values::test_popcnt_si16_basic ... ok
test sse2_values::test_popcnt_si16_edge ... ok
test sse2_values::test_popcnt_si32_basic ... ok
test sse2_values::test_popcnt_si32_edge ... ok
test sse2_values::test_popcnt_si64_basic ... ok
test sse2_values::test_popcnt_si64_edge ... ok
test sse2_values::test_popcnt_si8_basic ... ok
test sse2_values::test_popcnt_si8_edge ... ok
test sse2_values::test_popcnt_ui16_basic ... ok
test sse2_values::test_popcnt_ui16_edge ... ok
test sse2_values::test_popcnt_ui32_basic ... ok
test sse2_values::test_popcnt_ui32_edge ... ok
test sse2_values::test_popcnt_ui64_basic ... ok
test sse2_values::test_popcnt_ui64_edge ... ok
test sse2_values::test_popcnt_ui8_basic ... ok
test sse2_values::test_popcnt_ui8_edge ... ok
test sse2_values::test_reinterpret_f32_to_ui32_special ... ok
test sse2_values::test_reinterpret_f64_to_f64_basic ... ok
test sse2_values::test_reinterpret_f64_to_f64_edge ... ok
test sse2_values::test_reinterpret_si16_to_si16_basic ... ok
test sse2_values::test_reinterpret_si16_to_si16_edge ... ok
test sse2_values::test_reinterpret_si32_to_f32_bits ... ok
test sse2_values::test_reinterpret_si32_to_ui32_basic ... ok
test sse2_values::test_reinterpret_si64_to_f64_bits ... ok
test sse2_values::test_reinterpret_si8_to_si8_basic ... ok
test sse2_values::test_reinterpret_si8_to_si8_edge ... ok
test sse2_values::test_reinterpret_ui16_to_ui16_basic ... ok
test sse2_values::test_reinterpret_ui16_to_ui16_edge ... ok
test sse2_values::test_reinterpret_ui32_to_f32_bits ... ok
test sse2_values::test_reinterpret_ui64_to_f64_bits ... ok
test sse2_values::test_reinterpret_ui8_to_ui8_basic ... ok
test sse2_values::test_reinterpret_ui8_to_ui8_edge ... ok
test sse2_values::test_scatter_si16_basic ... ok
test sse2_values::test_scatter_si16_edge ... ok
test sse2_values::test_scatter_si32_basic ... ok
test sse2_values::test_scatter_si32_edge ... ok
test sse2_values::test_scatter_si64_basic ... ok
test sse2_values::test_scatter_si64_edge ... ok
test sse2_values::test_scatter_si8_basic ... ok
test sse2_values::test_scatter_si8_edge ... ok
test sse2_values::test_scatter_ui16_basic ... ok
test sse2_values::test_scatter_ui16_edge ... ok
test sse2_values::test_scatter_ui32_basic ... ok
test sse2_values::test_scatter_ui32_permutation ... ok
test sse2_values::test_scatter_ui32_repeat ... ok
test sse2_values::test_scatter_ui64_basic ... ok
test sse2_values::test_scatter_ui32_reverse ... ok
test sse2_values::test_scatter_ui8_basic ... ok
test sse2_values::test_scatter_ui64_edge ... ok
test sse2_values::test_scatter_ui8_edge ... ok
test sse2_values::test_sequence_si16_basic ... ok
test sse2_values::test_sequence_si16_edge ... ok
test sse2_values::test_sequence_si32_basic ... ok
test sse2_values::test_sequence_si64_basic ... ok
test sse2_values::test_sequence_si64_edge ... ok
test sse2_values::test_sequence_si8_basic ... ok
test sse2_values::test_sequence_si8_edge ... ok
test sse2_values::test_sequence_ui16_basic ... ok
test sse2_values::test_sequence_ui16_edge ... ok
test sse2_values::test_sequence_ui32_basic ... ok
test sse2_values::test_sequence_ui64_edge ... ok
test sse2_values::test_sequence_ui64_basic ... ok
test sse2_values::test_sequence_ui8_edge ... ok
test sse2_values::test_sequence_ui8_basic ... ok
test sse2_values::test_set1_f32_basic ... ok
test sse2_values::test_set1_f32_edge ... ok
test sse2_values::test_set1_f64_basic ... ok
test sse2_values::test_set1_f64_edge ... ok
test sse2_values::test_set1_si16_basic ... ok
test sse2_values::test_set1_si16_edge ... ok
test sse2_values::test_set1_si32_edge ... ok
test sse2_values::test_set1_si64_basic ... ok
test sse2_values::test_set1_si8_basic ... ok
test sse2_values::test_set1_si64_edge ... ok
test sse2_values::test_set1_si8_edge ... ok
test sse2_values::test_set1_ui16_basic ... ok
test sse2_values::test_set1_ui16_edge ... ok
test sse2_values::test_set1_ui32_basic ... ok
test sse2_values::test_set1_ui64_basic ... ok
test sse2_values::test_set1_ui64_edge ... ok
test sse2_values::test_set1_ui8_basic ... ok
test sse2_values::test_set1_ui8_edge ... ok
test sse2_values::test_set_f32_basic ... ok
test sse2_values::test_set_f32_edge ... ok
test sse2_values::test_set_f64_basic ... ok
test sse2_values::test_set_f64_edge ... ok
test sse2_values::test_set_si16_basic ... ok
test sse2_values::test_set_si16_edge ... ok
test sse2_values::test_set_si32_edge ... ok
test sse2_values::test_set_si64_basic ... ok
test sse2_values::test_set_si64_edge ... ok
test sse2_values::test_set_si8_basic ... ok
test sse2_values::test_set_si8_edge ... ok
test sse2_values::test_set_ui16_basic ... ok
test sse2_values::test_set_ui16_edge ... ok
test sse2_values::test_set_ui32_basic ... ok
test sse2_values::test_set_ui64_basic ... ok
test sse2_values::test_set_ui64_edge ... ok
test sse2_values::test_set_ui8_basic ... ok
test sse2_values::test_set_ui8_edge ... ok
test sse2_values::test_set_undef_si32_compile ... ok
test sse2_values::test_set_zero_f32_set_zero_basic ... ok
test sse2_values::test_set_zero_f32_set_zero_edge ... ok
test sse2_values::test_set_zero_f64_set_zero_basic ... ok
test sse2_values::test_set_zero_f64_set_zero_edge ... ok
test sse2_values::test_set_zero_si16_set_zero_basic ... ok
test sse2_values::test_set_zero_si16_set_zero_edge ... ok
test sse2_values::test_set_zero_si32_set_zero_basic ... ok
test sse2_values::test_set_zero_si64_set_zero_basic ... ok
test sse2_values::test_set_zero_si64_set_zero_edge ... ok
test sse2_values::test_set_zero_si8_set_zero_basic ... ok
test sse2_values::test_set_zero_ui16_set_zero_basic ... ok
test sse2_values::test_set_zero_si8_set_zero_edge ... ok
test sse2_values::test_set_zero_ui32_set_zero_basic ... ok
test sse2_values::test_set_zero_ui16_set_zero_edge ... ok
test sse2_values::test_set_zero_ui64_set_zero_basic ... ok
test sse2_values::test_set_zero_ui64_set_zero_edge ... ok
test sse2_values::test_set_zero_ui8_set_zero_basic ... ok
test sse2_values::test_set_zero_ui8_set_zero_edge ... ok
test sse2_values::test_shift_left_si16_imm_basic ... ok
test sse2_values::test_shift_left_si16_imm_edge ... ok
test sse2_values::test_shift_left_si32_imm_basic ... ok
test sse2_values::test_shift_left_si32_imm_edge ... ok
test sse2_values::test_shift_left_si64_imm_edge ... ok
test sse2_values::test_shift_left_si64_imm_basic ... ok
test sse2_values::test_shift_left_si8_imm_edge ... ok
test sse2_values::test_shift_left_si8_imm_basic ... ok
test sse2_values::test_shift_left_ui16_imm_basic ... ok
test sse2_values::test_shift_left_ui16_imm_edge ... ok
test sse2_values::test_shift_left_ui32_imm_basic ... ok
test sse2_values::test_shift_left_ui32_imm_edge ... ok
test sse2_values::test_shift_left_ui64_imm_basic ... ok
test sse2_values::test_shift_left_ui64_imm_edge ... ok
test sse2_values::test_shift_left_ui8_imm_basic ... ok
test sse2_values::test_shift_left_ui8_imm_edge ... ok
test sse2_values::test_shift_right_imask_ui32_basic ... ok
test sse2_values::test_shift_right_imask_ui32_zero ... ok
test sse2_values::test_shift_right_si16_imm_basic ... ok
test sse2_values::test_shift_right_si16_imm_edge ... ok
test sse2_values::test_shift_right_si32_imm_basic ... ok
test sse2_values::test_shift_right_si32_imm_edge ... ok
test sse2_values::test_shift_right_si64_imm_edge ... ok
test sse2_values::test_shift_right_si64_imm_basic ... ok
test sse2_values::test_shift_right_si8_imm_basic ... ok
test sse2_values::test_shift_right_si8_imm_edge ... ok
test sse2_values::test_shift_right_ui16_imm_basic ... ok
test sse2_values::test_shift_right_ui32_imm_basic ... ok
test sse2_values::test_shift_right_ui16_imm_edge ... ok
test sse2_values::test_shift_right_ui32_imm_edge ... ok
test sse2_values::test_shift_right_ui64_imm_basic ... ok
test sse2_values::test_shift_right_ui64_imm_edge ... ok
test sse2_values::test_shift_right_ui8_imm_basic ... ok
test sse2_values::test_shift_right_ui8_imm_edge ... ok
test sse2_values::test_store_f32_aligned_false_basic ... ok
test sse2_values::test_store_f32_aligned_false_edge ... ok
test sse2_values::test_store_f64_aligned_false_basic ... ok
test sse2_values::test_store_f64_aligned_false_edge ... ok
test sse2_values::test_store_mask_repr_f32_aligned_false_packed_true_mask_basic ... ok
test sse2_values::test_store_mask_repr_f32_aligned_true_packed_false_mask_unpacked ... ok
test sse2_values::test_store_mask_repr_f32_aligned_false_packed_true_mask_edge ... ok
test sse2_values::test_store_mask_repr_f32_aligned_true_packed_true_mask_basic ... ok
test sse2_values::test_store_mask_repr_f32_aligned_true_packed_true_mask_edge ... ok
test sse2_values::test_store_mask_repr_f64_aligned_false_packed_true_mask_edge ... ok
test sse2_values::test_store_mask_repr_f64_aligned_false_packed_true_mask_basic ... ok
test sse2_values::test_store_mask_repr_f64_aligned_true_packed_true_mask_basic ... ok
test sse2_values::test_store_mask_repr_f64_aligned_true_packed_true_mask_edge ... ok
test sse2_values::test_store_mask_repr_si16_aligned_false_packed_true_mask_basic ... ok
test sse2_values::test_store_mask_repr_si16_aligned_false_packed_true_mask_edge ... ok
test sse2_values::test_store_mask_repr_si16_aligned_true_packed_true_mask_basic ... ok
test sse2_values::test_store_mask_repr_si32_aligned_false_packed_true_mask_basic ... ok
test sse2_values::test_store_mask_repr_si16_aligned_true_packed_true_mask_edge ... ok
test sse2_values::test_store_mask_repr_si32_aligned_false_packed_true_mask_edge ... ok
test sse2_values::test_store_mask_repr_si32_aligned_true_packed_true_mask_basic ... ok
test sse2_values::test_store_mask_repr_si32_aligned_true_packed_true_mask_edge ... ok
test sse2_values::test_store_mask_repr_si64_aligned_false_packed_true_mask_edge ... ok
test sse2_values::test_store_mask_repr_si64_aligned_false_packed_true_mask_basic ... ok
test sse2_values::test_store_mask_repr_si64_aligned_true_packed_true_mask_basic ... ok
test sse2_values::test_store_mask_repr_si64_aligned_true_packed_true_mask_edge ... ok
test sse2_values::test_store_mask_repr_si8_aligned_false_packed_true_mask_edge ... ok
test sse2_values::test_store_mask_repr_si8_aligned_false_packed_true_mask_basic ... ok
test sse2_values::test_store_mask_repr_si8_aligned_true_packed_true_mask_basic ... ok
test sse2_values::test_store_mask_repr_si8_aligned_true_packed_true_mask_edge ... ok
test sse2_values::test_store_mask_repr_ui16_aligned_false_packed_true_mask_basic ... ok
test sse2_values::test_store_mask_repr_ui16_aligned_false_packed_true_mask_edge ... ok
test sse2_values::test_store_mask_repr_ui16_aligned_true_packed_true_mask_basic ... ok
test sse2_values::test_store_mask_repr_ui16_aligned_true_packed_true_mask_edge ... ok
test sse2_values::test_store_mask_repr_ui32_aligned_false_packed_false_mask_unpacked ... ok
test sse2_values::test_store_mask_repr_ui32_aligned_false_packed_true_mask_basic ... ok
test sse2_values::test_store_mask_repr_ui32_aligned_false_packed_true_mask_edge ... ok
test sse2_values::test_store_mask_repr_ui32_aligned_true_packed_true_mask_basic ... ok
test sse2_values::test_store_mask_repr_ui32_aligned_true_packed_false_mask_unpacked ... ok
test sse2_values::test_store_mask_repr_ui32_aligned_true_packed_true_mask_edge ... ok
test sse2_values::test_store_mask_repr_ui64_aligned_false_packed_true_mask_basic ... ok
test sse2_values::test_store_mask_repr_ui64_aligned_false_packed_true_mask_edge ... ok
test sse2_values::test_store_mask_repr_ui64_aligned_true_packed_true_mask_basic ... ok
test sse2_values::test_store_mask_repr_ui64_aligned_true_packed_true_mask_edge ... ok
test sse2_values::test_store_mask_repr_ui8_aligned_false_packed_true_mask_basic ... ok
test sse2_values::test_store_mask_repr_ui8_aligned_false_packed_true_mask_edge ... ok
test sse2_values::test_store_mask_repr_ui8_aligned_true_packed_true_mask_basic ... ok
test sse2_values::test_store_mask_repr_ui8_aligned_true_packed_true_mask_edge ... ok
test sse2_values::test_store_si16_aligned_false_basic ... ok
test sse2_values::test_store_si16_aligned_false_edge ... ok
test sse2_values::test_store_si32_aligned_false_basic ... ok
test sse2_values::test_store_si32_aligned_false_edge ... ok
test sse2_values::test_store_si64_aligned_false_basic ... ok
test sse2_values::test_store_si64_aligned_false_edge ... ok
test sse2_values::test_store_si8_aligned_false_basic ... ok
test sse2_values::test_store_si8_aligned_false_edge ... ok
test sse2_values::test_store_ui16_aligned_false_basic ... ok
test sse2_values::test_store_ui16_aligned_false_edge ... ok
test sse2_values::test_store_ui32_aligned_false_basic ... ok
test sse2_values::test_store_ui32_aligned_false_misaligned ... ok
test sse2_values::test_store_ui64_aligned_false_basic ... ok
test sse2_values::test_store_ui64_aligned_false_edge ... ok
test sse2_values::test_store_ui8_aligned_false_basic ... ok
test sse2_values::test_store_ui8_aligned_false_edge ... ok
test sse2_values::test_sub_f32_basic ... ok
test sse2_values::test_sub_f32_edge ... ok
test sse2_values::test_sub_f64_basic ... ok
test sse2_values::test_sub_f64_edge ... ok
test sse2_values::test_sub_si16_basic ... ok
test sse2_values::test_sub_si16_edge ... ok
test sse2_values::test_sub_si32_basic ... ok
test sse2_values::test_sub_si32_edge ... ok
test sse2_values::test_sub_si32_mask_basic ... ok
test sse2_values::test_sub_si32_maskz_all ... ok
test sse2_values::test_sub_si32_maskz_basic ... ok
test sse2_values::test_sub_si64_basic ... ok
test sse2_values::test_sub_si32_maskz_zero ... ok
test sse2_values::test_sub_si64_edge ... ok
test sse2_values::test_sub_si8_basic ... ok
test sse2_values::test_sub_si8_edge ... ok
test sse2_values::test_sub_ui16_basic ... ok
test sse2_values::test_sub_ui16_edge ... ok
test sse2_values::test_sub_ui16_mask_basic ... ok
test sse2_values::test_sub_ui16_maskz_all ... ok
test sse2_values::test_sub_ui16_maskz_basic ... ok
test sse2_values::test_sub_ui16_maskz_zero ... ok
test sse2_values::test_sub_ui32_basic ... ok
test sse2_values::test_sub_ui32_edge ... ok
test sse2_values::test_sub_ui64_basic ... ok
test sse2_values::test_sub_ui64_edge ... ok
test sse2_values::test_sub_ui8_basic ... ok
test sse2_values::test_sub_ui8_edge ... ok
test sse2_values::test_to_array_f32_basic ... ok
test sse2_values::test_to_array_f32_edge ... ok
test sse2_values::test_to_array_f64_basic ... ok
test sse2_values::test_to_array_f64_edge ... ok
test sse2_values::test_to_array_si16_edge ... ok
test sse2_values::test_to_array_si16_basic ... ok
test sse2_values::test_to_array_si32_edge ... ok
test sse2_values::test_to_array_si64_basic ... ok
test sse2_values::test_to_array_si64_edge ... ok
test sse2_values::test_to_array_si8_basic ... ok
test sse2_values::test_to_array_si8_edge ... ok
test sse2_values::test_to_array_ui16_basic ... ok
test sse2_values::test_to_array_ui16_edge ... ok
test sse2_values::test_to_array_ui32_basic ... ok
test sse2_values::test_to_array_ui64_basic ... ok
test sse2_values::test_to_array_ui64_edge ... ok
test sse2_values::test_to_array_ui8_edge ... ok
test sse2_values::test_to_array_ui8_basic ... ok
test sse2_values::test_to_integral_f32_basic ... ok
test sse2_values::test_to_integral_f64_basic ... ok
test sse2_values::test_to_integral_si16_basic ... ok
test sse2_values::test_to_integral_si32_basic ... ok
test sse2_values::test_to_integral_si64_basic ... ok
test sse2_values::test_to_integral_si8_basic ... ok
test sse2_values::test_to_integral_ui16_basic ... ok
test sse2_values::test_to_integral_ui32_basic ... ok
test sse2_values::test_to_integral_ui32_zero ... ok
test sse2_values::test_to_integral_ui64_basic ... ok
test sse2_values::test_to_integral_ui8_basic ... ok
test sse2_values::test_to_ostream_f32_edge ... ok
test sse2_values::test_to_ostream_f32_basic ... ok
test sse2_values::test_to_ostream_f64_basic ... ok
test sse2_values::test_to_ostream_f64_edge ... ok
test sse2_values::test_to_ostream_si16_basic ... ok
test sse2_values::test_to_ostream_si16_edge ... ok
test sse2_values::test_to_ostream_si32_basic ... ok
test sse2_values::test_to_ostream_si32_edge ... ok
test sse2_values::test_to_ostream_si64_basic ... ok
test sse2_values::test_to_ostream_si64_edge ... ok
test sse2_values::test_to_ostream_si8_basic ... ok
test sse2_values::test_to_ostream_si8_edge ... ok
test sse2_values::test_to_ostream_ui16_basic ... ok
test sse2_values::test_to_ostream_ui16_edge ... ok
test sse2_values::test_to_ostream_ui32_bin_basic ... ok
test sse2_values::test_to_ostream_ui64_basic ... ok
test sse2_values::test_to_ostream_ui64_edge ... ok
test sse2_values::test_to_ostream_ui8_basic ... ok
test sse2_values::test_to_ostream_ui8_edge ... ok
test sse2_values::test_to_vector_f32_basic ... ok
test sse2_values::test_to_vector_f32_edge ... ok
test sse2_values::test_to_vector_f64_basic ... ok
test sse2_values::test_to_vector_f64_edge ... ok
test sse2_values::test_to_vector_si16_basic ... ok
test sse2_values::test_to_vector_si16_edge ... ok
test sse2_values::test_to_vector_si32_basic ... ok
test sse2_values::test_to_vector_si32_edge ... ok
test sse2_values::test_to_vector_si64_basic ... ok
test sse2_values::test_to_vector_si64_edge ... ok
test sse2_values::test_to_vector_si8_basic ... ok
test sse2_values::test_to_vector_si8_edge ... ok
test sse2_values::test_to_vector_ui16_basic ... ok
test sse2_values::test_to_vector_ui16_edge ... ok
test sse2_values::test_to_vector_ui32_basic ... ok
test sse2_values::test_to_vector_ui32_edge ... ok
test sse2_values::test_to_vector_ui64_edge ... ok
test sse2_values::test_to_vector_ui64_basic ... ok
test sse2_values::test_to_vector_ui8_basic ... ok
test sse2_values::test_to_vector_ui8_edge ... ok
test sse2_values::test_tzc_ui32_basic ... ok
test sse2_values::test_tzc_ui32_edge ... ok
test sse2_values::test_unequal_zero_f32_zero_basic ... ok
test sse2_values::test_unequal_zero_f32_zero_edge ... ok
test sse2_values::test_unequal_zero_f32_zero_nan_only ... ok
test sse2_values::test_unequal_zero_f64_zero_basic ... ok
test sse2_values::test_unequal_zero_f64_zero_edge ... ok
test sse2_values::test_unequal_zero_f64_zero_nan_only ... ok
test sse2_values::test_unequal_zero_si16_zero_basic ... ok
test sse2_values::test_unequal_zero_si16_zero_edge ... ok
test sse2_values::test_unequal_zero_si32_zero_basic ... ok
test sse2_values::test_unequal_zero_si32_zero_edge ... ok
test sse2_values::test_unequal_zero_si64_zero_basic ... ok
test sse2_values::test_unequal_zero_si64_zero_edge ... ok
test sse2_values::test_unequal_zero_si8_zero_basic ... ok
test sse2_values::test_unequal_zero_si8_zero_edge ... ok
test sse2_values::test_unequal_zero_ui16_zero_basic ... ok
test sse2_values::test_unequal_zero_ui16_zero_edge ... ok
test sse2_values::test_unequal_zero_ui32_zero_basic ... ok
test sse2_values::test_unequal_zero_ui32_zero_edge ... ok
test sse2_values::test_unequal_zero_ui64_zero_basic ... ok
test sse2_values::test_unequal_zero_ui64_zero_edge ... ok
test sse2_values::test_unequal_zero_ui8_zero_basic ... ok
test sse2_values::test_unequal_zero_ui8_zero_edge ... ok

test result: ok. 1146 passed; 0 failed; 0 ignored; 0 measured; 0 filtered out; finished in 0.07s


running 0 tests

test result: ok. 0 passed; 0 failed; 0 ignored; 0 measured; 0 filtered out; finished in 0.00s
[stderr]
Compiling tsl_generated v0.1.0 (/workspace/tslctmp/ci-generated/rust)
    Finished `test` profile [unoptimized + debuginfo] target(s) in 10.03s
     Running unittests src/lib.rs (rust/target/sse2/debug/deps/tsl_generated-f9d621db5580bc6a)
     Running tests/smoke.rs (rust/target/sse2/debug/deps/smoke-cddb5eeff2c2674e)
     Running tests/values.rs (rust/target/sse2/debug/deps/values-0b8dbdbc5eda885f)
   Doc-tests tsl_generated
[test-output] rust sse3: cargo test --manifest-path /workspace/tslctmp/ci-generated/rust/Cargo.toml --no-default-features --features sse3,value_tests --target-dir /workspace/tslctmp/ci-generated/rust/target/sse3
[stdout]
running 0 tests

test result: ok. 0 passed; 0 failed; 0 ignored; 0 measured; 0 filtered out; finished in 0.00s


running 1 test
test smoke ... ok

test result: ok. 1 passed; 0 failed; 0 ignored; 0 measured; 0 filtered out; finished in 0.00s


running 1146 tests
test sse3_values::test_add_f32_basic ... ok
test sse3_values::test_add_f32_edge ... ok
test sse3_values::test_add_f64_basic ... ok
test sse3_values::test_add_f64_edge ... ok
test sse3_values::test_add_si16_basic ... ok
test sse3_values::test_add_si16_edge ... ok
test sse3_values::test_add_si32_basic ... ok
test sse3_values::test_add_si32_edge ... ok
test sse3_values::test_add_si32_mask_all ... ok
test sse3_values::test_add_si32_mask_basic ... ok
test sse3_values::test_add_si32_mask_zero ... ok
test sse3_values::test_add_si32_maskz_all ... ok
test sse3_values::test_add_si32_maskz_basic ... ok
test sse3_values::test_add_si32_maskz_zero ... ok
test sse3_values::test_add_si64_basic ... ok
test sse3_values::test_add_si64_edge ... ok
test sse3_values::test_add_si8_basic ... ok
test sse3_values::test_add_si8_edge ... ok
test sse3_values::test_add_ui16_basic ... ok
test sse3_values::test_add_ui16_edge ... ok
test sse3_values::test_add_ui32_basic ... ok
test sse3_values::test_add_ui32_edge ... ok
test sse3_values::test_add_ui64_basic ... ok
test sse3_values::test_add_ui64_edge ... ok
test sse3_values::test_add_ui8_basic ... ok
test sse3_values::test_add_ui8_edge ... ok
test sse3_values::test_add_ui8_mask_all ... ok
test sse3_values::test_add_ui8_mask_basic ... ok
test sse3_values::test_add_ui8_mask_zero ... ok
test sse3_values::test_add_ui8_maskz_basic ... ok
test sse3_values::test_add_ui8_maskz_all ... ok
test sse3_values::test_add_ui8_maskz_zero ... ok
test sse3_values::test_allocate_aligned_ptr_u8_basic ... ok
test sse3_values::test_allocate_aligned_ptr_u8_large ... ok
test sse3_values::test_allocate_aligned_ptr_u8_small ... ok
test sse3_values::test_allocate_aligned_ptr_u8_stress ... ok
test sse3_values::test_allocate_aligned_ptr_u8_value16 ... ok
test sse3_values::test_allocate_aligned_ptr_u8_value64 ... ok
test sse3_values::test_allocate_aligned_ptr_u8_zero ... ok
test sse3_values::test_allocate_ptr_u8_large ... ok
test sse3_values::test_allocate_ptr_u8_basic ... ok
test sse3_values::test_allocate_ptr_u8_small ... ok
test sse3_values::test_allocate_ptr_u8_unaligned_value33 ... ok
test sse3_values::test_allocate_ptr_u8_unaligned_value65 ... ok
test sse3_values::test_between_exclusive_f32_basic ... ok
test sse3_values::test_between_exclusive_f32_mask_basic ... ok
test sse3_values::test_between_exclusive_f32_mask_nan_edge ... ok
test sse3_values::test_between_exclusive_f32_nan_edge ... ok
test sse3_values::test_between_exclusive_si32_mask_mixed ... ok
test sse3_values::test_between_exclusive_si32_mixed ... ok
test sse3_values::test_between_exclusive_ui32_basic ... ok
test sse3_values::test_between_exclusive_ui32_mask_basic ... ok
test sse3_values::test_between_inclusive_f32_basic ... ok
test sse3_values::test_between_inclusive_f32_between_inclusive_mask_basic ... ok
test sse3_values::test_between_inclusive_f32_between_inclusive_mask_nan_edge ... ok
test sse3_values::test_between_inclusive_si32_between_inclusive_mask_mixed ... ok
test sse3_values::test_between_inclusive_f32_nan_edge ... ok
test sse3_values::test_between_inclusive_si32_mixed ... ok
test sse3_values::test_between_inclusive_ui32_basic ... ok
test sse3_values::test_between_left_inclusive_f32_basic ... ok
test sse3_values::test_between_inclusive_ui32_between_inclusive_mask_basic ... ok
test sse3_values::test_between_left_inclusive_f32_between_left_inclusive_mask_basic ... ok
test sse3_values::test_between_left_inclusive_f32_between_left_inclusive_mask_nan_edge ... ok
test sse3_values::test_between_left_inclusive_f32_nan_edge ... ok
test sse3_values::test_between_left_inclusive_si32_between_left_inclusive_mask_mixed ... ok
test sse3_values::test_between_left_inclusive_si32_mixed ... ok
test sse3_values::test_between_left_inclusive_ui32_basic ... ok
test sse3_values::test_between_right_inclusive_f32_basic ... ok
test sse3_values::test_between_left_inclusive_ui32_between_left_inclusive_mask_basic ... ok
test sse3_values::test_between_right_inclusive_f32_between_right_inclusive_mask_basic ... ok
test sse3_values::test_between_right_inclusive_f32_between_right_inclusive_mask_nan_edge ... ok
test sse3_values::test_between_right_inclusive_f32_nan_edge ... ok
test sse3_values::test_between_right_inclusive_si32_between_right_inclusive_mask_mixed ... ok
test sse3_values::test_between_right_inclusive_si32_mixed ... ok
test sse3_values::test_between_right_inclusive_ui32_basic ... ok
test sse3_values::test_between_right_inclusive_ui32_between_right_inclusive_mask_basic ... ok
test sse3_values::test_binary_and_f32_basic ... ok
test sse3_values::test_binary_and_f32_edge ... ok
test sse3_values::test_binary_and_f64_edge ... ok
test sse3_values::test_binary_and_f64_basic ... ok
test sse3_values::test_binary_and_si16_basic ... ok
test sse3_values::test_binary_and_si16_edge ... ok
test sse3_values::test_binary_and_si32_basic ... ok
test sse3_values::test_binary_and_si32_edge ... ok
test sse3_values::test_binary_and_si64_basic ... ok
test sse3_values::test_binary_and_si64_edge ... ok
test sse3_values::test_binary_and_si8_basic ... ok
test sse3_values::test_binary_and_si8_edge ... ok
test sse3_values::test_binary_and_ui16_basic ... ok
test sse3_values::test_binary_and_ui16_edge ... ok
test sse3_values::test_binary_and_ui32_basic ... ok
test sse3_values::test_binary_and_ui32_binary_and_mask_basic ... ok
test sse3_values::test_binary_and_ui32_binary_and_maskz_basic ... ok
test sse3_values::test_binary_and_ui32_edge ... ok
test sse3_values::test_binary_and_ui64_basic ... ok
test sse3_values::test_binary_and_ui64_edge ... ok
test sse3_values::test_binary_and_ui8_edge ... ok
test sse3_values::test_binary_and_ui8_basic ... ok
test sse3_values::test_binary_andnot_f32_basic ... ok
test sse3_values::test_binary_andnot_f64_basic ... ok
test sse3_values::test_binary_andnot_si32_basic ... ok
test sse3_values::test_binary_andnot_si32_edge ... ok
test sse3_values::test_binary_andnot_ui32_basic ... ok
test sse3_values::test_binary_andnot_ui32_binary_andnot_mask_basic ... ok
test sse3_values::test_binary_andnot_ui32_binary_andnot_maskz_basic ... ok
test sse3_values::test_binary_andnot_ui32_edge ... ok
test sse3_values::test_binary_or_f32_edge ... ok
test sse3_values::test_binary_or_f32_basic ... ok
test sse3_values::test_binary_or_f64_basic ... ok
test sse3_values::test_binary_or_f64_edge ... ok
test sse3_values::test_binary_or_si16_basic ... ok
test sse3_values::test_binary_or_si16_edge ... ok
test sse3_values::test_binary_or_si32_basic ... ok
test sse3_values::test_binary_or_si32_edge ... ok
test sse3_values::test_binary_or_si64_basic ... ok
test sse3_values::test_binary_or_si64_edge ... ok
test sse3_values::test_binary_or_si8_basic ... ok
test sse3_values::test_binary_or_si8_edge ... ok
test sse3_values::test_binary_or_ui16_basic ... ok
test sse3_values::test_binary_or_ui16_edge ... ok
test sse3_values::test_binary_or_ui32_basic ... ok
test sse3_values::test_binary_or_ui32_binary_or_mask_basic ... ok
test sse3_values::test_binary_or_ui32_binary_or_maskz_basic ... ok
test sse3_values::test_binary_or_ui32_edge ... ok
test sse3_values::test_binary_or_ui64_basic ... ok
test sse3_values::test_binary_or_ui64_edge ... ok
test sse3_values::test_binary_or_ui8_basic ... ok
test sse3_values::test_binary_or_ui8_edge ... ok
test sse3_values::test_binary_xor_f32_basic ... ok
test sse3_values::test_binary_xor_f32_edge ... ok
test sse3_values::test_binary_xor_f64_basic ... ok
test sse3_values::test_binary_xor_f64_edge ... ok
test sse3_values::test_binary_xor_si16_edge ... ok
test sse3_values::test_binary_xor_si16_basic ... ok
test sse3_values::test_binary_xor_si32_basic ... ok
test sse3_values::test_binary_xor_si32_edge ... ok
test sse3_values::test_binary_xor_si64_basic ... ok
test sse3_values::test_binary_xor_si64_edge ... ok
test sse3_values::test_binary_xor_si8_basic ... ok
test sse3_values::test_binary_xor_si8_edge ... ok
test sse3_values::test_binary_xor_ui16_edge ... ok
test sse3_values::test_binary_xor_ui16_basic ... ok
test sse3_values::test_binary_xor_ui32_basic ... ok
test sse3_values::test_binary_xor_ui32_binary_xor_mask_basic ... ok
test sse3_values::test_binary_xor_ui32_binary_xor_maskz_basic ... ok
test sse3_values::test_binary_xor_ui32_edge ... ok
test sse3_values::test_binary_xor_ui64_basic ... ok
test sse3_values::test_binary_xor_ui64_edge ... ok
test sse3_values::test_binary_xor_ui8_basic ... ok
test sse3_values::test_binary_xor_ui8_edge ... ok
test sse3_values::test_blend_add_si16_blend_add_basic ... ok
test sse3_values::test_blend_add_si16_blend_add_edge ... ok
test sse3_values::test_blend_add_si32_blend_add_basic ... ok
test sse3_values::test_blend_add_si32_blend_add_edge ... ok
test sse3_values::test_blend_add_si64_blend_add_basic ... ok
test sse3_values::test_blend_add_si64_blend_add_edge ... ok
test sse3_values::test_blend_add_si8_blend_add_basic ... ok
test sse3_values::test_blend_add_si8_blend_add_edge ... ok
test sse3_values::test_blend_add_ui16_blend_add_basic ... ok
test sse3_values::test_blend_add_ui16_blend_add_edge ... ok
test sse3_values::test_blend_add_ui32_blend_add_basic ... ok
test sse3_values::test_blend_add_ui32_blend_add_edge ... ok
test sse3_values::test_blend_add_ui64_blend_add_basic ... ok
test sse3_values::test_blend_add_ui64_blend_add_edge ... ok
test sse3_values::test_blend_add_ui8_blend_add_basic ... ok
test sse3_values::test_blend_add_ui8_blend_add_edge ... ok
test sse3_values::test_blend_f32_basic ... ok
test sse3_values::test_blend_f32_edge ... ok
test sse3_values::test_blend_f64_basic ... ok
test sse3_values::test_blend_f64_edge ... ok
test sse3_values::test_blend_si16_basic ... ok
test sse3_values::test_blend_si32_basic ... ok
test sse3_values::test_blend_si16_edge ... ok
test sse3_values::test_blend_si32_edge ... ok
test sse3_values::test_blend_si64_basic ... ok
test sse3_values::test_blend_si64_edge ... ok
test sse3_values::test_blend_si8_basic ... ok
test sse3_values::test_blend_si8_edge ... ok
test sse3_values::test_blend_ui16_basic ... ok
test sse3_values::test_blend_ui16_edge ... ok
test sse3_values::test_blend_ui32_basic ... ok
test sse3_values::test_blend_ui32_edge ... ok
test sse3_values::test_blend_ui64_edge ... ok
test sse3_values::test_blend_ui64_basic ... ok
test sse3_values::test_blend_ui8_basic ... ok
test sse3_values::test_blend_ui8_edge ... ok
test sse3_values::test_cast_f32_to_f32_basic ... ok
test sse3_values::test_cast_f32_to_f32_edge ... ok
test sse3_values::test_cast_f64_sse_to_si32_basic_bits128 ... ok
test sse3_values::test_cast_f64_to_f64_basic ... ok
test sse3_values::test_cast_f64_to_f64_edge ... ok
test sse3_values::test_cast_si16_to_si16_basic ... ok
test sse3_values::test_cast_si16_to_si16_edge ... ok
test sse3_values::test_cast_si32_sse_to_f64_basic_bits128 ... ok
test sse3_values::test_cast_si32_to_f32_basic ... ok
test sse3_values::test_cast_si32_to_f32_edge ... ok
test sse3_values::test_cast_si32_to_f32_rounding ... ok
test sse3_values::test_cast_si64_to_f64_basic ... ok
test sse3_values::test_cast_si8_to_si8_basic ... ok
test sse3_values::test_cast_si8_to_si8_edge ... ok
test sse3_values::test_cast_ui16_to_ui16_basic ... ok
test sse3_values::test_cast_ui16_to_ui16_edge ... ok
test sse3_values::test_cast_ui32_to_f32_basic ... ok
test sse3_values::test_cast_ui64_to_f64_basic ... ok
test sse3_values::test_cast_ui8_to_ui8_basic ... ok
test sse3_values::test_cast_ui8_to_ui8_edge ... ok
test sse3_values::test_compress_f32_basic ... ok
test sse3_values::test_compress_f32_edge ... ok
test sse3_values::test_compress_f64_edge ... ok
test sse3_values::test_compress_f64_basic ... ok
test sse3_values::test_compress_si16_basic ... ok
test sse3_values::test_compress_si16_edge ... ok
test sse3_values::test_compress_si32_basic ... ok
test sse3_values::test_compress_si32_edge ... ok
test sse3_values::test_compress_si64_basic ... ok
test sse3_values::test_compress_si64_edge ... ok
test sse3_values::test_compress_si8_basic ... ok
test sse3_values::test_compress_si8_edge ... ok
test sse3_values::test_compress_store_f32_store_basic ... ok
test sse3_values::test_compress_store_f32_store_edge ... ok
test sse3_values::test_compress_store_f64_store_basic ... ok
test sse3_values::test_compress_store_f64_store_edge ... ok
test sse3_values::test_compress_store_si16_store_basic ... ok
test sse3_values::test_compress_store_si16_store_edge ... ok
test sse3_values::test_compress_store_si32_store_basic ... ok
test sse3_values::test_compress_store_si32_store_edge ... ok
test sse3_values::test_compress_store_si64_store_basic ... ok
test sse3_values::test_compress_store_si64_store_edge ... ok
test sse3_values::test_compress_store_si8_store_basic ... ok
test sse3_values::test_compress_store_si8_store_edge ... ok
test sse3_values::test_compress_store_ui16_store_basic ... ok
test sse3_values::test_compress_store_ui16_store_edge ... ok
test sse3_values::test_compress_store_ui32_store_all ... ok
test sse3_values::test_compress_store_ui32_store_alternating ... ok
test sse3_values::test_compress_store_ui32_store_back_half ... ok
test sse3_values::test_compress_store_ui32_store_front_half ... ok
test sse3_values::test_compress_store_ui32_store_pairs ... ok
test sse3_values::test_compress_store_ui32_store_single_lsb ... ok
test sse3_values::test_compress_store_ui32_store_zero ... ok
test sse3_values::test_compress_store_ui64_store_basic ... ok
test sse3_values::test_compress_store_ui32_store_single_msb ... ok
test sse3_values::test_compress_store_ui64_store_edge ... ok
test sse3_values::test_compress_store_ui8_store_basic ... ok
test sse3_values::test_compress_store_ui8_store_edge ... ok
test sse3_values::test_compress_ui16_basic ... ok
test sse3_values::test_compress_ui16_edge ... ok
test sse3_values::test_compress_ui32_basic ... ok
test sse3_values::test_compress_ui32_edge ... ok
test sse3_values::test_compress_ui64_basic ... ok
test sse3_values::test_compress_ui64_edge ... ok
test sse3_values::test_compress_ui8_basic ... ok
test sse3_values::test_compress_ui8_edge ... ok
test sse3_values::test_conflict_free_si16_basic ... ok
test sse3_values::test_conflict_free_si16_edge ... ok
test sse3_values::test_conflict_free_si32_basic ... ok
test sse3_values::test_conflict_free_si32_edge ... ok
test sse3_values::test_conflict_free_si64_basic ... ok
test sse3_values::test_conflict_free_si64_edge ... ok
test sse3_values::test_conflict_free_si8_basic ... ok
test sse3_values::test_conflict_free_si8_edge ... ok
test sse3_values::test_conflict_free_ui16_edge ... ok
test sse3_values::test_conflict_free_ui16_basic ... ok
test sse3_values::test_conflict_free_ui32_edge ... ok
test sse3_values::test_conflict_free_ui32_basic ... ok
test sse3_values::test_conflict_free_ui64_basic ... ok
test sse3_values::test_conflict_free_ui64_edge ... ok
test sse3_values::test_conflict_free_ui8_basic ... ok
test sse3_values::test_conflict_free_ui8_edge ... ok
test sse3_values::test_conflict_si16_basic ... ok
test sse3_values::test_conflict_si16_edge ... ok
test sse3_values::test_conflict_si32_basic ... ok
test sse3_values::test_conflict_si64_basic ... ok
test sse3_values::test_conflict_si32_edge ... ok
test sse3_values::test_conflict_si64_edge ... ok
test sse3_values::test_conflict_si8_basic ... ok
test sse3_values::test_conflict_si8_edge ... ok
test sse3_values::test_conflict_ui16_basic ... ok
test sse3_values::test_conflict_ui16_edge ... ok
test sse3_values::test_conflict_ui32_basic ... ok
test sse3_values::test_conflict_ui64_basic ... ok
test sse3_values::test_conflict_ui32_edge ... ok
test sse3_values::test_conflict_ui64_edge ... ok
test sse3_values::test_conflict_ui8_basic ... ok
test sse3_values::test_convert_down_si32_to_si16_idx0_down ... ok
test sse3_values::test_conflict_ui8_edge ... ok
test sse3_values::test_convert_down_si32_to_si16_idx1_down_edge ... ok
test sse3_values::test_convert_down_si64_to_si32_idx0_down ... ok
test sse3_values::test_convert_down_ui64_to_ui32_idx1_down ... ok
test sse3_values::test_convert_down_si64_to_si32_idx1_down ... ok
test sse3_values::test_convert_up_si16_to_si32_idx0_up ... ok
test sse3_values::test_convert_up_si16_to_si32_idx1_up_edge ... ok
test sse3_values::test_convert_up_si16_to_si64_idx3_up ... ok
test sse3_values::test_convert_up_si32_to_si64_idx0_up ... ok
test sse3_values::test_convert_up_si32_to_si64_idx1_up ... ok
test sse3_values::test_convert_up_si8_to_si16_idx1_up ... ok
test sse3_values::test_convert_up_si8_to_si32_idx0_up ... ok
test sse3_values::test_convert_up_si8_to_si32_idx3_up ... ok
test sse3_values::test_convert_up_ui16_to_ui64_idx2_up ... ok
test sse3_values::test_convert_up_ui32_to_ui64_idx1_up ... ok
test sse3_values::test_convert_up_ui8_to_ui32_idx2_up_edge ... ok
test sse3_values::test_convert_up_ui8_to_ui64_idx7_up ... ok
test sse3_values::test_count_matches_f32_basic ... ok
test sse3_values::test_count_matches_f32_edge ... ok
test sse3_values::test_count_matches_f64_basic ... ok
test sse3_values::test_count_matches_f64_edge ... ok
test sse3_values::test_count_matches_si16_basic ... ok
test sse3_values::test_count_matches_si16_edge ... ok
test sse3_values::test_count_matches_si32_basic ... ok
test sse3_values::test_count_matches_si32_edge ... ok
test sse3_values::test_count_matches_si64_basic ... ok
test sse3_values::test_count_matches_si64_edge ... ok
test sse3_values::test_count_matches_si8_basic ... ok
test sse3_values::test_count_matches_si8_edge ... ok
test sse3_values::test_count_matches_ui16_edge ... ok
test sse3_values::test_count_matches_ui16_basic ... ok
test sse3_values::test_count_matches_ui32_basic ... ok
test sse3_values::test_count_matches_ui32_edge ... ok
test sse3_values::test_count_matches_ui64_basic ... ok
test sse3_values::test_count_matches_ui64_edge ... ok
test sse3_values::test_count_matches_ui8_basic ... ok
test sse3_values::test_count_matches_ui8_edge ... ok
test sse3_values::test_custom_sequence_si16_basic ... ok
test sse3_values::test_custom_sequence_si16_edge ... ok
test sse3_values::test_custom_sequence_si32_edge ... ok
test sse3_values::test_custom_sequence_si64_basic ... ok
test sse3_values::test_custom_sequence_si64_edge ... ok
test sse3_values::test_custom_sequence_si8_basic ... ok
test sse3_values::test_custom_sequence_si8_edge ... ok
test sse3_values::test_custom_sequence_ui16_basic ... ok
test sse3_values::test_custom_sequence_ui16_edge ... ok
test sse3_values::test_custom_sequence_ui32_basic ... ok
test sse3_values::test_custom_sequence_ui64_basic ... ok
test sse3_values::test_custom_sequence_ui64_edge ... ok
test sse3_values::test_custom_sequence_ui8_basic ... ok
test sse3_values::test_custom_sequence_ui8_edge ... ok
test sse3_values::test_deallocate_ptr_aligned_u8_value16 ... ok
test sse3_values::test_deallocate_ptr_aligned_u8_value64 ... ok
test sse3_values::test_deallocate_ptr_u8_basic ... ok
test sse3_values::test_deallocate_ptr_u8_large ... ok
test sse3_values::test_deallocate_ptr_u8_small ... ok
test sse3_values::test_deallocate_ptr_u8_unaligned_value33 ... ok
test sse3_values::test_deallocate_ptr_u8_unaligned_value65 ... ok
test sse3_values::test_div_f32_basic ... ok
test sse3_values::test_div_f32_mask_basic ... ok
test sse3_values::test_div_f32_mask_zero ... ok
test sse3_values::test_div_f32_maskz_basic ... ok
test sse3_values::test_div_f32_maskz_zero ... ok
test sse3_values::test_div_f32_one ... ok
test sse3_values::test_div_f64_basic ... ok
test sse3_values::test_div_si32_generic_basic ... ok
test sse3_values::test_div_si32_generic_mask_basic ... ok
test sse3_values::test_div_si32_generic_maskz_basic ... ok
test sse3_values::test_equal_f32_basic ... ok
test sse3_values::test_equal_f32_edge ... ok
test sse3_values::test_equal_f32_equal_mask_basic ... ok
test sse3_values::test_equal_f32_equal_mask_nan_edge ... ok
test sse3_values::test_equal_f32_nan_mixed ... ok
test sse3_values::test_equal_f64_basic ... ok
test sse3_values::test_equal_f64_edge ... ok
test sse3_values::test_equal_f64_nan_mixed ... ok
test sse3_values::test_equal_si16_basic ... ok
test sse3_values::test_equal_si16_edge ... ok
test sse3_values::test_equal_si32_basic ... ok
test sse3_values::test_equal_si32_edge ... ok
test sse3_values::test_equal_si32_equal_mask_mixed ... ok
test sse3_values::test_equal_si64_basic ... ok
test sse3_values::test_equal_si8_basic ... ok
test sse3_values::test_equal_si64_edge ... ok
test sse3_values::test_equal_si8_edge ... ok
test sse3_values::test_equal_ui16_basic ... ok
test sse3_values::test_equal_ui16_edge ... ok
test sse3_values::test_equal_ui32_basic ... ok
test sse3_values::test_equal_ui32_edge ... ok
test sse3_values::test_equal_ui32_equal_mask_basic ... ok
test sse3_values::test_equal_ui32_equal_mask_none ... ok
test sse3_values::test_equal_ui64_basic ... ok
test sse3_values::test_equal_ui64_edge ... ok
test sse3_values::test_equal_ui8_edge ... ok
test sse3_values::test_equal_ui8_basic ... ok
test sse3_values::test_expand_load_f32_load_edge ... ok
test sse3_values::test_expand_load_f32_load_basic ... ok
test sse3_values::test_expand_load_f64_load_basic ... ok
test sse3_values::test_expand_load_f64_load_edge ... ok
test sse3_values::test_expand_load_si16_load_basic ... ok
test sse3_values::test_expand_load_si16_load_edge ... ok
test sse3_values::test_expand_load_si32_load_edge ... ok
test sse3_values::test_expand_load_si32_load_basic ... ok
test sse3_values::test_expand_load_si64_load_basic ... ok
test sse3_values::test_expand_load_si64_load_edge ... ok
test sse3_values::test_expand_load_si8_load_basic ... ok
test sse3_values::test_expand_load_si8_load_edge ... ok
test sse3_values::test_expand_load_ui16_load_basic ... ok
test sse3_values::test_expand_load_ui16_load_edge ... ok
test sse3_values::test_expand_load_ui32_load_all ... ok
test sse3_values::test_expand_load_ui32_load_alternating ... ok
test sse3_values::test_expand_load_ui32_load_back_half ... ok
test sse3_values::test_expand_load_ui32_load_front_half ... ok
test sse3_values::test_expand_load_ui32_load_pairs ... ok
test sse3_values::test_expand_load_ui32_load_single_lsb ... ok
test sse3_values::test_expand_load_ui32_load_single_msb ... ok
test sse3_values::test_expand_load_ui32_load_zero ... ok
test sse3_values::test_expand_load_ui64_load_edge ... ok
test sse3_values::test_expand_load_ui64_load_basic ... ok
test sse3_values::test_expand_load_ui8_load_basic ... ok
test sse3_values::test_expand_load_ui8_load_edge ... ok
test sse3_values::test_extract_value_f32_idx0_basic ... ok
test sse3_values::test_extract_value_f32_idx3_edge ... ok
test sse3_values::test_extract_value_f64_idx0_basic ... ok
test sse3_values::test_extract_value_f64_idx1_edge ... ok
test sse3_values::test_extract_value_si16_idx0_basic ... ok
test sse3_values::test_extract_value_si16_idx7_edge ... ok
test sse3_values::test_extract_value_si32_idx0_basic ... ok
test sse3_values::test_extract_value_si32_idx3_edge ... ok
test sse3_values::test_extract_value_si64_idx0_basic ... ok
test sse3_values::test_extract_value_si64_idx1_edge ... ok
test sse3_values::test_extract_value_si8_idx0_basic ... ok
test sse3_values::test_extract_value_si8_idx15_edge ... ok
test sse3_values::test_extract_value_ui16_idx0_basic ... ok
test sse3_values::test_extract_value_ui16_idx7_edge ... ok
test sse3_values::test_extract_value_ui32_idx0_basic ... ok
test sse3_values::test_extract_value_ui32_idx7_basic ... ok
test sse3_values::test_extract_value_ui64_idx0_basic ... ok
test sse3_values::test_extract_value_ui64_idx1_edge ... ok
test sse3_values::test_extract_value_ui8_idx0_basic ... ok
test sse3_values::test_extract_value_ui8_idx15_edge ... ok
test sse3_values::test_from_array_f32_edge ... ok
test sse3_values::test_from_array_ui32_basic ... ok
test sse3_values::test_gather_si16_basic ... ok
test sse3_values::test_gather_si16_edge ... ok
test sse3_values::test_gather_si32_basic ... ok
test sse3_values::test_gather_si32_edge ... ok
test sse3_values::test_gather_si64_basic ... ok
test sse3_values::test_gather_si64_edge ... ok
test sse3_values::test_gather_si8_basic ... ok
test sse3_values::test_gather_si8_edge ... ok
test sse3_values::test_gather_ui16_basic ... ok
test sse3_values::test_gather_ui16_edge ... ok
test sse3_values::test_gather_ui32_basic ... ok
test sse3_values::test_gather_ui32_repeat ... ok
test sse3_values::test_gather_ui32_reverse ... ok
test sse3_values::test_gather_ui32_stride ... ok
test sse3_values::test_gather_ui64_basic ... ok
test sse3_values::test_gather_ui64_edge ... ok
test sse3_values::test_gather_ui8_basic ... ok
test sse3_values::test_gather_ui8_edge ... ok
test sse3_values::test_greater_than_f32_edge ... ok
test sse3_values::test_greater_than_f32_basic ... ok
test sse3_values::test_greater_than_f32_greater_than_mask_basic ... ok
test sse3_values::test_greater_than_f32_greater_than_mask_nan_edge ... ok
test sse3_values::test_greater_than_f64_basic ... ok
test sse3_values::test_greater_than_f64_edge ... ok
test sse3_values::test_greater_than_or_equal_f32_basic ... ok
test sse3_values::test_greater_than_or_equal_f32_edge ... ok
test sse3_values::test_greater_than_or_equal_f32_mask_basic ... ok
test sse3_values::test_greater_than_or_equal_f32_mask_nan_edge ... ok
test sse3_values::test_greater_than_or_equal_f64_basic ... ok
test sse3_values::test_greater_than_or_equal_f64_edge ... ok
test sse3_values::test_greater_than_or_equal_si16_basic ... ok
test sse3_values::test_greater_than_or_equal_si16_edge ... ok
test sse3_values::test_greater_than_or_equal_si32_basic ... ok
test sse3_values::test_greater_than_or_equal_si32_edge ... ok
test sse3_values::test_greater_than_or_equal_si32_mask_mixed ... ok
test sse3_values::test_greater_than_or_equal_si64_basic ... ok
test sse3_values::test_greater_than_or_equal_si64_edge ... ok
test sse3_values::test_greater_than_or_equal_si8_basic ... ok
test sse3_values::test_greater_than_or_equal_si8_edge ... ok
test sse3_values::test_greater_than_or_equal_ui16_basic ... ok
test sse3_values::test_greater_than_or_equal_ui32_basic ... ok
test sse3_values::test_greater_than_or_equal_ui16_edge ... ok
test sse3_values::test_greater_than_or_equal_ui32_mask_basic ... ok
test sse3_values::test_greater_than_or_equal_ui32_edge ... ok
test sse3_values::test_greater_than_or_equal_ui64_basic ... ok
test sse3_values::test_greater_than_or_equal_ui32_mask_none ... ok
test sse3_values::test_greater_than_or_equal_ui64_edge ... ok
test sse3_values::test_greater_than_or_equal_ui8_basic ... ok
test sse3_values::test_greater_than_or_equal_ui8_edge ... ok
test sse3_values::test_greater_than_si16_basic ... ok
test sse3_values::test_greater_than_si16_edge ... ok
test sse3_values::test_greater_than_si32_basic ... ok
test sse3_values::test_greater_than_si32_greater_than_mask_mixed ... ok
test sse3_values::test_greater_than_si32_edge ... ok
test sse3_values::test_greater_than_si64_basic ... ok
test sse3_values::test_greater_than_si64_edge ... ok
test sse3_values::test_greater_than_si8_basic ... ok
test sse3_values::test_greater_than_si8_edge ... ok
test sse3_values::test_greater_than_ui16_basic ... ok
test sse3_values::test_greater_than_ui16_edge ... ok
test sse3_values::test_greater_than_ui32_basic ... ok
test sse3_values::test_greater_than_ui32_greater_than_mask_basic ... ok
test sse3_values::test_greater_than_ui32_edge ... ok
test sse3_values::test_greater_than_ui32_greater_than_mask_none ... ok
test sse3_values::test_greater_than_ui64_basic ... ok
test sse3_values::test_greater_than_ui8_basic ... ok
test sse3_values::test_greater_than_ui64_edge ... ok
test sse3_values::test_greater_than_ui8_edge ... ok
test sse3_values::test_hadd_f32_basic ... ok
test sse3_values::test_hadd_si32_basic ... ok
test sse3_values::test_hadd_f64_basic ... ok
test sse3_values::test_hadd_si32_edge ... ok
test sse3_values::test_hadd_si64_basic ... ok
test sse3_values::test_hadd_ui16_basic ... ok
test sse3_values::test_hadd_ui64_basic ... ok
test sse3_values::test_hadd_ui8_basic ... ok
test sse3_values::test_hand_si32_basic ... ok
test sse3_values::test_hand_ui32_zero ... ok
test sse3_values::test_hand_ui32_basic ... ok
test sse3_values::test_hand_ui64_basic ... ok
test sse3_values::test_hand_ui8_basic ... ok
test sse3_values::test_hand_ui8_zero ... ok
test sse3_values::test_hmax_f32_edge ... ok
test sse3_values::test_hmax_f64_basic ... ok
test sse3_values::test_hmax_si32_basic ... ok
test sse3_values::test_hmax_ui16_basic ... ok
test sse3_values::test_hmax_si32_edge ... ok
test sse3_values::test_hmax_ui8_edge ... ok
test sse3_values::test_hmin_f32_edge ... ok
test sse3_values::test_hmin_f64_basic ... ok
test sse3_values::test_hmin_si32_basic ... ok
test sse3_values::test_hmin_si32_edge ... ok
test sse3_values::test_hmin_ui16_basic ... ok
test sse3_values::test_hmin_ui8_edge ... ok
test sse3_values::test_hor_si16_basic ... ok
test sse3_values::test_hor_si16_edge ... ok
test sse3_values::test_hor_si32_basic ... ok
test sse3_values::test_hor_si64_basic ... ok
test sse3_values::test_hor_si32_edge ... ok
test sse3_values::test_hor_si64_edge ... ok
test sse3_values::test_hor_si8_basic ... ok
test sse3_values::test_hor_si8_edge ... ok
test sse3_values::test_hor_ui16_basic ... ok
test sse3_values::test_hor_ui16_edge ... ok
test sse3_values::test_hor_ui32_basic ... ok
test sse3_values::test_hor_ui64_basic ... ok
test sse3_values::test_hor_ui32_zero ... ok
test sse3_values::test_hor_ui64_edge ... ok
test sse3_values::test_hor_ui8_basic ... ok
test sse3_values::test_inv_si16_basic ... ok
test sse3_values::test_hor_ui8_edge ... ok
test sse3_values::test_inv_si16_edge ... ok
test sse3_values::test_inv_si32_basic ... ok
test sse3_values::test_inv_si64_basic ... ok
test sse3_values::test_inv_si32_edge ... ok
test sse3_values::test_inv_si64_edge ... ok
test sse3_values::test_inv_si8_basic ... ok
test sse3_values::test_inv_si8_edge ... ok
test sse3_values::test_inv_ui16_basic ... ok
test sse3_values::test_inv_ui16_edge ... ok
test sse3_values::test_inv_ui32_basic ... ok
test sse3_values::test_inv_ui32_mask_basic ... ok
test sse3_values::test_inv_ui32_edge ... ok
test sse3_values::test_inv_ui32_maskz_basic ... ok
test sse3_values::test_inv_ui64_basic ... ok
test sse3_values::test_inv_ui64_edge ... ok
test sse3_values::test_inv_ui8_basic ... ok
test sse3_values::test_inv_ui8_edge ... ok
test sse3_values::test_less_than_f32_basic ... ok
test sse3_values::test_less_than_f32_edge ... ok
test sse3_values::test_less_than_f32_less_than_mask_basic ... ok
test sse3_values::test_less_than_f32_less_than_mask_nan_edge ... ok
test sse3_values::test_less_than_f64_basic ... ok
test sse3_values::test_less_than_f64_edge ... ok
test sse3_values::test_less_than_or_equal_f32_basic ... ok
test sse3_values::test_less_than_or_equal_f32_edge ... ok
test sse3_values::test_less_than_or_equal_f32_less_than_or_equal_mask_basic ... ok
test sse3_values::test_less_than_or_equal_f32_less_than_or_equal_mask_nan_edge ... ok
test sse3_values::test_less_than_or_equal_f64_edge ... ok
test sse3_values::test_less_than_or_equal_f64_basic ... ok
test sse3_values::test_less_than_or_equal_si16_edge ... ok
test sse3_values::test_less_than_or_equal_si16_basic ... ok
test sse3_values::test_less_than_or_equal_si32_basic ... ok
test sse3_values::test_less_than_or_equal_si32_edge ... ok
test sse3_values::test_less_than_or_equal_si32_less_than_or_equal_mask_mixed ... ok
test sse3_values::test_less_than_or_equal_si64_basic ... ok
test sse3_values::test_less_than_or_equal_si64_edge ... ok
test sse3_values::test_less_than_or_equal_si8_basic ... ok
test sse3_values::test_less_than_or_equal_si8_edge ... ok
test sse3_values::test_less_than_or_equal_ui16_basic ... ok
test sse3_values::test_less_than_or_equal_ui32_basic ... ok
test sse3_values::test_less_than_or_equal_ui16_edge ... ok
test sse3_values::test_less_than_or_equal_ui32_edge ... ok
test sse3_values::test_less_than_or_equal_ui32_less_than_or_equal_mask_basic ... ok
test sse3_values::test_less_than_or_equal_ui32_less_than_or_equal_mask_none ... ok
test sse3_values::test_less_than_or_equal_ui64_basic ... ok
test sse3_values::test_less_than_or_equal_ui64_edge ... ok
test sse3_values::test_less_than_or_equal_ui8_basic ... ok
test sse3_values::test_less_than_or_equal_ui8_edge ... ok
test sse3_values::test_less_than_si16_basic ... ok
test sse3_values::test_less_than_si16_edge ... ok
test sse3_values::test_less_than_si32_basic ... ok
test sse3_values::test_less_than_si32_edge ... ok
test sse3_values::test_less_than_si32_less_than_mask_mixed ... ok
test sse3_values::test_less_than_si64_basic ... ok
test sse3_values::test_less_than_si64_edge ... ok
test sse3_values::test_less_than_si8_basic ... ok
test sse3_values::test_less_than_si8_edge ... ok
test sse3_values::test_less_than_ui16_basic ... ok
test sse3_values::test_less_than_ui16_edge ... ok
test sse3_values::test_less_than_ui32_basic ... ok
test sse3_values::test_less_than_ui32_edge ... ok
test sse3_values::test_less_than_ui32_less_than_mask_basic ... ok
test sse3_values::test_less_than_ui32_less_than_mask_none ... ok
test sse3_values::test_less_than_ui64_basic ... ok
test sse3_values::test_less_than_ui64_edge ... ok
test sse3_values::test_less_than_ui8_basic ... ok
test sse3_values::test_less_than_ui8_edge ... ok
test sse3_values::test_load_f32_basic ... ok
test sse3_values::test_load_f32_edge ... ok
test sse3_values::test_load_f64_basic ... ok
test sse3_values::test_load_f64_edge ... ok
test sse3_values::test_load_mask_repr_ui32_aligned_false_packed_false_mask_none ... ok
test sse3_values::test_load_mask_repr_ui32_aligned_false_packed_true_mask_none ... ok
test sse3_values::test_load_scalar_f32_scalar_basic ... ok
test sse3_values::test_load_scalar_f32_scalar_edge ... ok
test sse3_values::test_load_scalar_f64_scalar_basic ... ok
test sse3_values::test_load_scalar_f64_scalar_edge ... ok
test sse3_values::test_load_scalar_si16_scalar_basic ... ok
test sse3_values::test_load_scalar_si16_scalar_edge ... ok
test sse3_values::test_load_scalar_si32_scalar_basic ... ok
test sse3_values::test_load_scalar_si64_scalar_basic ... ok
test sse3_values::test_load_scalar_si32_scalar_edge ... ok
test sse3_values::test_load_scalar_si64_scalar_edge ... ok
test sse3_values::test_load_scalar_si8_scalar_basic ... ok
test sse3_values::test_load_scalar_si8_scalar_edge ... ok
test sse3_values::test_load_scalar_ui16_scalar_basic ... ok
test sse3_values::test_load_scalar_ui16_scalar_edge ... ok
test sse3_values::test_load_scalar_ui32_scalar_basic ... ok
test sse3_values::test_load_scalar_ui64_scalar_basic ... ok
test sse3_values::test_load_scalar_ui32_scalar_edge ... ok
test sse3_values::test_load_scalar_ui64_scalar_edge ... ok
test sse3_values::test_load_scalar_ui8_scalar_basic ... ok
test sse3_values::test_load_si16_basic ... ok
test sse3_values::test_load_scalar_ui8_scalar_edge ... ok
test sse3_values::test_load_si16_edge ... ok
test sse3_values::test_load_si32_basic ... ok
test sse3_values::test_load_si32_edge ... ok
test sse3_values::test_load_si64_basic ... ok
test sse3_values::test_load_si64_edge ... ok
test sse3_values::test_load_si8_basic ... ok
test sse3_values::test_load_si8_edge ... ok
test sse3_values::test_load_ui16_basic ... ok
test sse3_values::test_load_ui16_edge ... ok
test sse3_values::test_load_ui32_aligned_false_misaligned ... ok
test sse3_values::test_load_ui32_basic ... ok
test sse3_values::test_load_ui64_basic ... ok
test sse3_values::test_load_ui64_edge ... ok
test sse3_values::test_load_ui8_basic ... ok
test sse3_values::test_load_ui8_edge ... ok
test sse3_values::test_lzc_imask_ui32_basic ... ok
test sse3_values::test_lzc_imask_ui32_edge ... ok
test sse3_values::test_lzc_scalar_ui32_basic ... ok
test sse3_values::test_lzc_scalar_ui32_edge ... ok
test sse3_values::test_lzc_si16_basic ... ok
test sse3_values::test_lzc_si16_edge ... ok
test sse3_values::test_lzc_si32_basic ... ok
test sse3_values::test_lzc_si32_edge ... ok
test sse3_values::test_lzc_si64_basic ... ok
test sse3_values::test_lzc_si64_edge ... ok
test sse3_values::test_lzc_si8_basic ... ok
test sse3_values::test_lzc_si8_edge ... ok
test sse3_values::test_lzc_ui16_basic ... ok
test sse3_values::test_lzc_ui16_edge ... ok
test sse3_values::test_lzc_ui32_basic ... ok
test sse3_values::test_lzc_ui32_edge ... ok
test sse3_values::test_lzc_ui64_basic ... ok
test sse3_values::test_lzc_ui64_edge ... ok
test sse3_values::test_lzc_ui8_basic ... ok
test sse3_values::test_lzc_ui8_edge ... ok
test sse3_values::test_masked_set1_f32_masked_set1_basic ... ok
test sse3_values::test_masked_set1_f32_masked_set1_edge ... ok
test sse3_values::test_masked_set1_f64_masked_set1_basic ... ok
test sse3_values::test_masked_set1_f64_masked_set1_edge ... ok
test sse3_values::test_masked_set1_si16_masked_set1_basic ... ok
test sse3_values::test_masked_set1_si16_masked_set1_edge ... ok
test sse3_values::test_masked_set1_si32_masked_set1_basic ... ok
test sse3_values::test_masked_set1_si32_masked_set1_edge ... ok
test sse3_values::test_masked_set1_si64_masked_set1_basic ... ok
test sse3_values::test_masked_set1_si64_masked_set1_edge ... ok
test sse3_values::test_masked_set1_si8_masked_set1_basic ... ok
test sse3_values::test_masked_set1_si8_masked_set1_edge ... ok
test sse3_values::test_masked_set1_ui16_masked_set1_basic ... ok
test sse3_values::test_masked_set1_ui16_masked_set1_edge ... ok
test sse3_values::test_masked_set1_ui32_masked_set1_basic ... ok
test sse3_values::test_masked_set1_ui32_masked_set1_edge ... ok
test sse3_values::test_masked_set1_ui64_masked_set1_edge ... ok
test sse3_values::test_masked_set1_ui64_masked_set1_basic ... ok
test sse3_values::test_masked_set1_ui8_masked_set1_basic ... ok
test sse3_values::test_masked_set1_ui8_masked_set1_edge ... ok
test sse3_values::test_max_f32_basic ... ok
test sse3_values::test_max_f64_edge ... ok
test sse3_values::test_max_si32_basic ... ok
test sse3_values::test_max_si32_edge ... ok
test sse3_values::test_max_ui8_basic ... ok
test sse3_values::test_memory_cp_ui8_basic ... ok
test sse3_values::test_memory_cp_ui8_full ... ok
test sse3_values::test_memory_cp_ui8_misaligned ... ok
test sse3_values::test_memory_cp_ui8_misaligned_full ... ok
test sse3_values::test_memory_cp_ui8_one ... ok
test sse3_values::test_memory_cp_ui8_zero ... ok
test sse3_values::test_min_f32_basic ... ok
test sse3_values::test_min_f64_edge ... ok
test sse3_values::test_min_si32_basic ... ok
test sse3_values::test_min_si32_edge ... ok
test sse3_values::test_min_ui8_basic ... ok
test sse3_values::test_mod_imm_si32_basic ... ok
test sse3_values::test_mod_imm_si32_one ... ok
test sse3_values::test_mod_imm_ui16_basic ... ok
test sse3_values::test_mod_imm_ui16_one ... ok
test sse3_values::test_mod_si16_basic ... ok
test sse3_values::test_mod_si32_basic ... ok
test sse3_values::test_mod_si32_generic_mask_basic ... ok
test sse3_values::test_mod_si32_generic_maskz_basic ... ok
test sse3_values::test_mod_si64_basic ... ok
test sse3_values::test_mod_si64_edge ... ok
test sse3_values::test_mod_si8_basic ... ok
test sse3_values::test_mod_si8_edge ... ok
test sse3_values::test_mod_ui16_basic ... ok
test sse3_values::test_mod_ui32_basic ... ok
test sse3_values::test_mod_ui64_basic ... ok
test sse3_values::test_mod_ui8_basic ... ok
test sse3_values::test_mod_ui64_edge ... ok
test sse3_values::test_mod_ui8_edge ... ok
test sse3_values::test_mov_f32_mask_basic ... ok
test sse3_values::test_mov_f32_mask_edge ... ok
test sse3_values::test_mov_f32_maskz_basic ... ok
test sse3_values::test_mov_f32_maskz_edge ... ok
test sse3_values::test_mov_f64_mask_basic ... ok
test sse3_values::test_mov_f64_mask_edge ... ok
test sse3_values::test_mov_f64_maskz_basic ... ok
test sse3_values::test_mov_f64_maskz_edge ... ok
test sse3_values::test_mov_si16_mask_basic ... ok
test sse3_values::test_mov_si16_mask_edge ... ok
test sse3_values::test_mov_si16_maskz_basic ... ok
test sse3_values::test_mov_si16_maskz_edge ... ok
test sse3_values::test_mov_si32_mask_basic ... ok
test sse3_values::test_mov_si32_mask_edge ... ok
test sse3_values::test_mov_si32_maskz_basic ... ok
test sse3_values::test_mov_si32_maskz_edge ... ok
test sse3_values::test_mov_si64_mask_basic ... ok
test sse3_values::test_mov_si64_mask_edge ... ok
test sse3_values::test_mov_si64_maskz_basic ... ok
test sse3_values::test_mov_si64_maskz_edge ... ok
test sse3_values::test_mov_si8_mask_basic ... ok
test sse3_values::test_mov_si8_mask_edge ... ok
test sse3_values::test_mov_si8_maskz_basic ... ok
test sse3_values::test_mov_si8_maskz_edge ... ok
test sse3_values::test_mov_ui16_mask_basic ... ok
test sse3_values::test_mov_ui16_mask_edge ... ok
test sse3_values::test_mov_ui16_maskz_basic ... ok
test sse3_values::test_mov_ui16_maskz_edge ... ok
test sse3_values::test_mov_ui32_mask_basic ... ok
test sse3_values::test_mov_ui32_mask_edge ... ok
test sse3_values::test_mov_ui32_maskz_basic ... ok
test sse3_values::test_mov_ui32_maskz_edge ... ok
test sse3_values::test_mov_ui64_mask_basic ... ok
test sse3_values::test_mov_ui64_mask_edge ... ok
test sse3_values::test_mov_ui64_maskz_basic ... ok
test sse3_values::test_mov_ui64_maskz_edge ... ok
test sse3_values::test_mov_ui8_mask_basic ... ok
test sse3_values::test_mov_ui8_mask_edge ... ok
test sse3_values::test_mov_ui8_maskz_basic ... ok
test sse3_values::test_mov_ui8_maskz_edge ... ok
test sse3_values::test_mul_f32_basic ... ok
test sse3_values::test_mul_f32_edge ... ok
test sse3_values::test_mul_f32_mask_basic ... ok
test sse3_values::test_mul_f32_maskz_basic ... ok
test sse3_values::test_mul_f64_basic ... ok
test sse3_values::test_mul_f64_edge ... ok
test sse3_values::test_mul_imm_si32_basic ... ok
test sse3_values::test_mul_imm_si32_neg ... ok
test sse3_values::test_mul_imm_si32_zero ... ok
test sse3_values::test_mul_imm_ui16_basic ... ok
test sse3_values::test_mul_imm_ui16_zero ... ok
test sse3_values::test_mul_si16_basic ... ok
test sse3_values::test_mul_si32_basic ... ok
test sse3_values::test_mul_si32_generic_mask_basic ... ok
test sse3_values::test_mul_si32_generic_maskz_basic ... ok
test sse3_values::test_mul_si32_zero ... ok
test sse3_values::test_mul_si8_basic ... ok
test sse3_values::test_mul_si8_edge ... ok
test sse3_values::test_mul_ui16_basic ... ok
test sse3_values::test_mul_ui32_basic ... ok
test sse3_values::test_mul_ui8_basic ... ok
test sse3_values::test_mul_ui8_edge ... ok
test sse3_values::test_nequal_f32_basic ... ok
test sse3_values::test_nequal_f32_edge ... ok
test sse3_values::test_nequal_f32_nan_mixed ... ok
test sse3_values::test_nequal_f32_nequal_mask_basic ... ok
test sse3_values::test_nequal_f32_nequal_mask_nan_edge ... ok
test sse3_values::test_nequal_f64_basic ... ok
test sse3_values::test_nequal_f64_nan_mixed ... ok
test sse3_values::test_nequal_f64_edge ... ok
test sse3_values::test_nequal_si16_edge ... ok
test sse3_values::test_nequal_si16_basic ... ok
test sse3_values::test_nequal_si32_basic ... ok
test sse3_values::test_nequal_si32_edge ... ok
test sse3_values::test_nequal_si32_nequal_mask_mixed ... ok
test sse3_values::test_nequal_si64_basic ... ok
test sse3_values::test_nequal_si64_edge ... ok
test sse3_values::test_nequal_si8_basic ... ok
test sse3_values::test_nequal_si8_edge ... ok
test sse3_values::test_nequal_ui16_basic ... ok
test sse3_values::test_nequal_ui16_edge ... ok
test sse3_values::test_nequal_ui32_basic ... ok
test sse3_values::test_nequal_ui32_edge ... ok
test sse3_values::test_nequal_ui32_nequal_mask_basic ... ok
test sse3_values::test_nequal_ui32_nequal_mask_none ... ok
test sse3_values::test_nequal_ui64_basic ... ok
test sse3_values::test_nequal_ui64_edge ... ok
test sse3_values::test_nequal_ui8_basic ... ok
test sse3_values::test_nequal_ui8_edge ... ok
test sse3_values::test_popcnt_si16_basic ... ok
test sse3_values::test_popcnt_si16_edge ... ok
test sse3_values::test_popcnt_si32_basic ... ok
test sse3_values::test_popcnt_si32_edge ... ok
test sse3_values::test_popcnt_si64_basic ... ok
test sse3_values::test_popcnt_si64_edge ... ok
test sse3_values::test_popcnt_si8_basic ... ok
test sse3_values::test_popcnt_si8_edge ... ok
test sse3_values::test_popcnt_ui16_basic ... ok
test sse3_values::test_popcnt_ui16_edge ... ok
test sse3_values::test_popcnt_ui32_basic ... ok
test sse3_values::test_popcnt_ui32_edge ... ok
test sse3_values::test_popcnt_ui64_basic ... ok
test sse3_values::test_popcnt_ui64_edge ... ok
test sse3_values::test_popcnt_ui8_basic ... ok
test sse3_values::test_popcnt_ui8_edge ... ok
test sse3_values::test_reinterpret_f32_to_ui32_special ... ok
test sse3_values::test_reinterpret_f64_to_f64_basic ... ok
test sse3_values::test_reinterpret_f64_to_f64_edge ... ok
test sse3_values::test_reinterpret_si16_to_si16_basic ... ok
test sse3_values::test_reinterpret_si16_to_si16_edge ... ok
test sse3_values::test_reinterpret_si32_to_f32_bits ... ok
test sse3_values::test_reinterpret_si32_to_ui32_basic ... ok
test sse3_values::test_reinterpret_si64_to_f64_bits ... ok
test sse3_values::test_reinterpret_si8_to_si8_basic ... ok
test sse3_values::test_reinterpret_si8_to_si8_edge ... ok
test sse3_values::test_reinterpret_ui16_to_ui16_basic ... ok
test sse3_values::test_reinterpret_ui16_to_ui16_edge ... ok
test sse3_values::test_reinterpret_ui32_to_f32_bits ... ok
test sse3_values::test_reinterpret_ui8_to_ui8_basic ... ok
test sse3_values::test_reinterpret_ui64_to_f64_bits ... ok
test sse3_values::test_reinterpret_ui8_to_ui8_edge ... ok
test sse3_values::test_scatter_si16_basic ... ok
test sse3_values::test_scatter_si16_edge ... ok
test sse3_values::test_scatter_si32_basic ... ok
test sse3_values::test_scatter_si32_edge ... ok
test sse3_values::test_scatter_si64_basic ... ok
test sse3_values::test_scatter_si64_edge ... ok
test sse3_values::test_scatter_si8_basic ... ok
test sse3_values::test_scatter_si8_edge ... ok
test sse3_values::test_scatter_ui16_basic ... ok
test sse3_values::test_scatter_ui16_edge ... ok
test sse3_values::test_scatter_ui32_basic ... ok
test sse3_values::test_scatter_ui32_permutation ... ok
test sse3_values::test_scatter_ui32_repeat ... ok
test sse3_values::test_scatter_ui32_reverse ... ok
test sse3_values::test_scatter_ui64_basic ... ok
test sse3_values::test_scatter_ui64_edge ... ok
test sse3_values::test_scatter_ui8_basic ... ok
test sse3_values::test_scatter_ui8_edge ... ok
test sse3_values::test_sequence_si16_basic ... ok
test sse3_values::test_sequence_si16_edge ... ok
test sse3_values::test_sequence_si32_basic ... ok
test sse3_values::test_sequence_si64_basic ... ok
test sse3_values::test_sequence_si64_edge ... ok
test sse3_values::test_sequence_si8_basic ... ok
test sse3_values::test_sequence_ui16_basic ... ok
test sse3_values::test_sequence_si8_edge ... ok
test sse3_values::test_sequence_ui16_edge ... ok
test sse3_values::test_sequence_ui32_basic ... ok
test sse3_values::test_sequence_ui64_basic ... ok
test sse3_values::test_sequence_ui64_edge ... ok
test sse3_values::test_sequence_ui8_basic ... ok
test sse3_values::test_sequence_ui8_edge ... ok
test sse3_values::test_set1_f32_basic ... ok
test sse3_values::test_set1_f32_edge ... ok
test sse3_values::test_set1_f64_basic ... ok
test sse3_values::test_set1_f64_edge ... ok
test sse3_values::test_set1_si16_basic ... ok
test sse3_values::test_set1_si16_edge ... ok
test sse3_values::test_set1_si32_edge ... ok
test sse3_values::test_set1_si64_basic ... ok
test sse3_values::test_set1_si64_edge ... ok
test sse3_values::test_set1_si8_basic ... ok
test sse3_values::test_set1_si8_edge ... ok
test sse3_values::test_set1_ui16_basic ... ok
test sse3_values::test_set1_ui16_edge ... ok
test sse3_values::test_set1_ui32_basic ... ok
test sse3_values::test_set1_ui64_basic ... ok
test sse3_values::test_set1_ui64_edge ... ok
test sse3_values::test_set1_ui8_basic ... ok
test sse3_values::test_set1_ui8_edge ... ok
test sse3_values::test_set_f32_basic ... ok
test sse3_values::test_set_f32_edge ... ok
test sse3_values::test_set_f64_basic ... ok
test sse3_values::test_set_f64_edge ... ok
test sse3_values::test_set_si16_basic ... ok
test sse3_values::test_set_si16_edge ... ok
test sse3_values::test_set_si32_edge ... ok
test sse3_values::test_set_si64_basic ... ok
test sse3_values::test_set_si64_edge ... ok
test sse3_values::test_set_si8_basic ... ok
test sse3_values::test_set_si8_edge ... ok
test sse3_values::test_set_ui16_basic ... ok
test sse3_values::test_set_ui16_edge ... ok
test sse3_values::test_set_ui32_basic ... ok
test sse3_values::test_set_ui64_basic ... ok
test sse3_values::test_set_ui64_edge ... ok
test sse3_values::test_set_ui8_basic ... ok
test sse3_values::test_set_ui8_edge ... ok
test sse3_values::test_set_undef_si32_compile ... ok
test sse3_values::test_set_zero_f32_set_zero_basic ... ok
test sse3_values::test_set_zero_f32_set_zero_edge ... ok
test sse3_values::test_set_zero_f64_set_zero_basic ... ok
test sse3_values::test_set_zero_f64_set_zero_edge ... ok
test sse3_values::test_set_zero_si16_set_zero_basic ... ok
test sse3_values::test_set_zero_si16_set_zero_edge ... ok
test sse3_values::test_set_zero_si32_set_zero_basic ... ok
test sse3_values::test_set_zero_si64_set_zero_basic ... ok
test sse3_values::test_set_zero_si64_set_zero_edge ... ok
test sse3_values::test_set_zero_si8_set_zero_basic ... ok
test sse3_values::test_set_zero_si8_set_zero_edge ... ok
test sse3_values::test_set_zero_ui16_set_zero_basic ... ok
test sse3_values::test_set_zero_ui16_set_zero_edge ... ok
test sse3_values::test_set_zero_ui32_set_zero_basic ... ok
test sse3_values::test_set_zero_ui64_set_zero_basic ... ok
test sse3_values::test_set_zero_ui64_set_zero_edge ... ok
test sse3_values::test_set_zero_ui8_set_zero_basic ... ok
test sse3_values::test_set_zero_ui8_set_zero_edge ... ok
test sse3_values::test_shift_left_si16_imm_basic ... ok
test sse3_values::test_shift_left_si16_imm_edge ... ok
test sse3_values::test_shift_left_si32_imm_basic ... ok
test sse3_values::test_shift_left_si32_imm_edge ... ok
test sse3_values::test_shift_left_si64_imm_basic ... ok
test sse3_values::test_shift_left_si64_imm_edge ... ok
test sse3_values::test_shift_left_si8_imm_basic ... ok
test sse3_values::test_shift_left_si8_imm_edge ... ok
test sse3_values::test_shift_left_ui16_imm_basic ... ok
test sse3_values::test_shift_left_ui16_imm_edge ... ok
test sse3_values::test_shift_left_ui32_imm_basic ... ok
test sse3_values::test_shift_left_ui32_imm_edge ... ok
test sse3_values::test_shift_left_ui64_imm_basic ... ok
test sse3_values::test_shift_left_ui64_imm_edge ... ok
test sse3_values::test_shift_left_ui8_imm_basic ... ok
test sse3_values::test_shift_left_ui8_imm_edge ... ok
test sse3_values::test_shift_right_imask_ui32_basic ... ok
test sse3_values::test_shift_right_imask_ui32_zero ... ok
test sse3_values::test_shift_right_si16_imm_basic ... ok
test sse3_values::test_shift_right_si16_imm_edge ... ok
test sse3_values::test_shift_right_si32_imm_basic ... ok
test sse3_values::test_shift_right_si32_imm_edge ... ok
test sse3_values::test_shift_right_si64_imm_basic ... ok
test sse3_values::test_shift_right_si64_imm_edge ... ok
test sse3_values::test_shift_right_si8_imm_basic ... ok
test sse3_values::test_shift_right_si8_imm_edge ... ok
test sse3_values::test_shift_right_ui16_imm_basic ... ok
test sse3_values::test_shift_right_ui16_imm_edge ... ok
test sse3_values::test_shift_right_ui32_imm_basic ... ok
test sse3_values::test_shift_right_ui32_imm_edge ... ok
test sse3_values::test_shift_right_ui64_imm_basic ... ok
test sse3_values::test_shift_right_ui64_imm_edge ... ok
test sse3_values::test_shift_right_ui8_imm_basic ... ok
test sse3_values::test_shift_right_ui8_imm_edge ... ok
test sse3_values::test_store_f32_aligned_false_basic ... ok
test sse3_values::test_store_f32_aligned_false_edge ... ok
test sse3_values::test_store_f64_aligned_false_basic ... ok
test sse3_values::test_store_f64_aligned_false_edge ... ok
test sse3_values::test_store_mask_repr_f32_aligned_false_packed_true_mask_basic ... ok
test sse3_values::test_store_mask_repr_f32_aligned_false_packed_true_mask_edge ... ok
test sse3_values::test_store_mask_repr_f32_aligned_true_packed_false_mask_unpacked ... ok
test sse3_values::test_store_mask_repr_f32_aligned_true_packed_true_mask_basic ... ok
test sse3_values::test_store_mask_repr_f32_aligned_true_packed_true_mask_edge ... ok
test sse3_values::test_store_mask_repr_f64_aligned_false_packed_true_mask_basic ... ok
test sse3_values::test_store_mask_repr_f64_aligned_false_packed_true_mask_edge ... ok
test sse3_values::test_store_mask_repr_f64_aligned_true_packed_true_mask_basic ... ok
test sse3_values::test_store_mask_repr_f64_aligned_true_packed_true_mask_edge ... ok
test sse3_values::test_store_mask_repr_si16_aligned_false_packed_true_mask_basic ... ok
test sse3_values::test_store_mask_repr_si16_aligned_false_packed_true_mask_edge ... ok
test sse3_values::test_store_mask_repr_si16_aligned_true_packed_true_mask_basic ... ok
test sse3_values::test_store_mask_repr_si16_aligned_true_packed_true_mask_edge ... ok
test sse3_values::test_store_mask_repr_si32_aligned_false_packed_true_mask_basic ... ok
test sse3_values::test_store_mask_repr_si32_aligned_false_packed_true_mask_edge ... ok
test sse3_values::test_store_mask_repr_si32_aligned_true_packed_true_mask_basic ... ok
test sse3_values::test_store_mask_repr_si32_aligned_true_packed_true_mask_edge ... ok
test sse3_values::test_store_mask_repr_si64_aligned_false_packed_true_mask_basic ... ok
test sse3_values::test_store_mask_repr_si64_aligned_false_packed_true_mask_edge ... ok
test sse3_values::test_store_mask_repr_si64_aligned_true_packed_true_mask_basic ... ok
test sse3_values::test_store_mask_repr_si64_aligned_true_packed_true_mask_edge ... ok
test sse3_values::test_store_mask_repr_si8_aligned_false_packed_true_mask_basic ... ok
test sse3_values::test_store_mask_repr_si8_aligned_false_packed_true_mask_edge ... ok
test sse3_values::test_store_mask_repr_si8_aligned_true_packed_true_mask_basic ... ok
test sse3_values::test_store_mask_repr_si8_aligned_true_packed_true_mask_edge ... ok
test sse3_values::test_store_mask_repr_ui16_aligned_false_packed_true_mask_basic ... ok
test sse3_values::test_store_mask_repr_ui16_aligned_false_packed_true_mask_edge ... ok
test sse3_values::test_store_mask_repr_ui16_aligned_true_packed_true_mask_basic ... ok
test sse3_values::test_store_mask_repr_ui16_aligned_true_packed_true_mask_edge ... ok
test sse3_values::test_store_mask_repr_ui32_aligned_false_packed_false_mask_unpacked ... ok
test sse3_values::test_store_mask_repr_ui32_aligned_false_packed_true_mask_basic ... ok
test sse3_values::test_store_mask_repr_ui32_aligned_false_packed_true_mask_edge ... ok
test sse3_values::test_store_mask_repr_ui32_aligned_true_packed_false_mask_unpacked ... ok
test sse3_values::test_store_mask_repr_ui32_aligned_true_packed_true_mask_basic ... ok
test sse3_values::test_store_mask_repr_ui32_aligned_true_packed_true_mask_edge ... ok
test sse3_values::test_store_mask_repr_ui64_aligned_false_packed_true_mask_basic ... ok
test sse3_values::test_store_mask_repr_ui64_aligned_false_packed_true_mask_edge ... ok
test sse3_values::test_store_mask_repr_ui64_aligned_true_packed_true_mask_basic ... ok
test sse3_values::test_store_mask_repr_ui64_aligned_true_packed_true_mask_edge ... ok
test sse3_values::test_store_mask_repr_ui8_aligned_false_packed_true_mask_basic ... ok
test sse3_values::test_store_mask_repr_ui8_aligned_false_packed_true_mask_edge ... ok
test sse3_values::test_store_mask_repr_ui8_aligned_true_packed_true_mask_basic ... ok
test sse3_values::test_store_mask_repr_ui8_aligned_true_packed_true_mask_edge ... ok
test sse3_values::test_store_si16_aligned_false_basic ... ok
test sse3_values::test_store_si16_aligned_false_edge ... ok
test sse3_values::test_store_si32_aligned_false_basic ... ok
test sse3_values::test_store_si32_aligned_false_edge ... ok
test sse3_values::test_store_si64_aligned_false_basic ... ok
test sse3_values::test_store_si64_aligned_false_edge ... ok
test sse3_values::test_store_si8_aligned_false_basic ... ok
test sse3_values::test_store_si8_aligned_false_edge ... ok
test sse3_values::test_store_ui16_aligned_false_basic ... ok
test sse3_values::test_store_ui16_aligned_false_edge ... ok
test sse3_values::test_store_ui32_aligned_false_basic ... ok
test sse3_values::test_store_ui32_aligned_false_misaligned ... ok
test sse3_values::test_store_ui64_aligned_false_basic ... ok
test sse3_values::test_store_ui64_aligned_false_edge ... ok
test sse3_values::test_store_ui8_aligned_false_basic ... ok
test sse3_values::test_store_ui8_aligned_false_edge ... ok
test sse3_values::test_sub_f32_basic ... ok
test sse3_values::test_sub_f32_edge ... ok
test sse3_values::test_sub_f64_basic ... ok
test sse3_values::test_sub_f64_edge ... ok
test sse3_values::test_sub_si16_basic ... ok
test sse3_values::test_sub_si16_edge ... ok
test sse3_values::test_sub_si32_basic ... ok
test sse3_values::test_sub_si32_edge ... ok
test sse3_values::test_sub_si32_mask_basic ... ok
test sse3_values::test_sub_si32_maskz_all ... ok
test sse3_values::test_sub_si32_maskz_basic ... ok
test sse3_values::test_sub_si32_maskz_zero ... ok
test sse3_values::test_sub_si64_basic ... ok
test sse3_values::test_sub_si64_edge ... ok
test sse3_values::test_sub_si8_basic ... ok
test sse3_values::test_sub_si8_edge ... ok
test sse3_values::test_sub_ui16_basic ... ok
test sse3_values::test_sub_ui16_edge ... ok
test sse3_values::test_sub_ui16_mask_basic ... ok
test sse3_values::test_sub_ui16_maskz_all ... ok
test sse3_values::test_sub_ui16_maskz_basic ... ok
test sse3_values::test_sub_ui16_maskz_zero ... ok
test sse3_values::test_sub_ui32_basic ... ok
test sse3_values::test_sub_ui32_edge ... ok
test sse3_values::test_sub_ui64_basic ... ok
test sse3_values::test_sub_ui64_edge ... ok
test sse3_values::test_sub_ui8_basic ... ok
test sse3_values::test_sub_ui8_edge ... ok
test sse3_values::test_to_array_f32_basic ... ok
test sse3_values::test_to_array_f32_edge ... ok
test sse3_values::test_to_array_f64_basic ... ok
test sse3_values::test_to_array_f64_edge ... ok
test sse3_values::test_to_array_si16_basic ... ok
test sse3_values::test_to_array_si16_edge ... ok
test sse3_values::test_to_array_si32_edge ... ok
test sse3_values::test_to_array_si64_basic ... ok
test sse3_values::test_to_array_si64_edge ... ok
test sse3_values::test_to_array_si8_basic ... ok
test sse3_values::test_to_array_si8_edge ... ok
test sse3_values::test_to_array_ui16_basic ... ok
test sse3_values::test_to_array_ui16_edge ... ok
test sse3_values::test_to_array_ui32_basic ... ok
test sse3_values::test_to_array_ui64_basic ... ok
test sse3_values::test_to_array_ui64_edge ... ok
test sse3_values::test_to_array_ui8_basic ... ok
test sse3_values::test_to_array_ui8_edge ... ok
test sse3_values::test_to_integral_f32_basic ... ok
test sse3_values::test_to_integral_f64_basic ... ok
test sse3_values::test_to_integral_si16_basic ... ok
test sse3_values::test_to_integral_si32_basic ... ok
test sse3_values::test_to_integral_si64_basic ... ok
test sse3_values::test_to_integral_si8_basic ... ok
test sse3_values::test_to_integral_ui16_basic ... ok
test sse3_values::test_to_integral_ui32_basic ... ok
test sse3_values::test_to_integral_ui32_zero ... ok
test sse3_values::test_to_integral_ui64_basic ... ok
test sse3_values::test_to_integral_ui8_basic ... ok
test sse3_values::test_to_ostream_f32_basic ... ok
test sse3_values::test_to_ostream_f64_basic ... ok
test sse3_values::test_to_ostream_f32_edge ... ok
test sse3_values::test_to_ostream_si16_basic ... ok
test sse3_values::test_to_ostream_f64_edge ... ok
test sse3_values::test_to_ostream_si32_basic ... ok
test sse3_values::test_to_ostream_si16_edge ... ok
test sse3_values::test_to_ostream_si32_edge ... ok
test sse3_values::test_to_ostream_si64_basic ... ok
test sse3_values::test_to_ostream_si64_edge ... ok
test sse3_values::test_to_ostream_si8_basic ... ok
test sse3_values::test_to_ostream_si8_edge ... ok
test sse3_values::test_to_ostream_ui16_basic ... ok
test sse3_values::test_to_ostream_ui16_edge ... ok
test sse3_values::test_to_ostream_ui32_bin_basic ... ok
test sse3_values::test_to_ostream_ui64_basic ... ok
test sse3_values::test_to_ostream_ui64_edge ... ok
test sse3_values::test_to_ostream_ui8_basic ... ok
test sse3_values::test_to_ostream_ui8_edge ... ok
test sse3_values::test_to_vector_f32_basic ... ok
test sse3_values::test_to_vector_f32_edge ... ok
test sse3_values::test_to_vector_f64_basic ... ok
test sse3_values::test_to_vector_f64_edge ... ok
test sse3_values::test_to_vector_si16_basic ... ok
test sse3_values::test_to_vector_si16_edge ... ok
test sse3_values::test_to_vector_si32_edge ... ok
test sse3_values::test_to_vector_si32_basic ... ok
test sse3_values::test_to_vector_si64_basic ... ok
test sse3_values::test_to_vector_si64_edge ... ok
test sse3_values::test_to_vector_si8_basic ... ok
test sse3_values::test_to_vector_si8_edge ... ok
test sse3_values::test_to_vector_ui16_basic ... ok
test sse3_values::test_to_vector_ui16_edge ... ok
test sse3_values::test_to_vector_ui32_basic ... ok
test sse3_values::test_to_vector_ui32_edge ... ok
test sse3_values::test_to_vector_ui64_basic ... ok
test sse3_values::test_to_vector_ui64_edge ... ok
test sse3_values::test_to_vector_ui8_basic ... ok
test sse3_values::test_to_vector_ui8_edge ... ok
test sse3_values::test_tzc_ui32_basic ... ok
test sse3_values::test_tzc_ui32_edge ... ok
test sse3_values::test_unequal_zero_f32_zero_basic ... ok
test sse3_values::test_unequal_zero_f32_zero_edge ... ok
test sse3_values::test_unequal_zero_f32_zero_nan_only ... ok
test sse3_values::test_unequal_zero_f64_zero_basic ... ok
test sse3_values::test_unequal_zero_f64_zero_edge ... ok
test sse3_values::test_unequal_zero_f64_zero_nan_only ... ok
test sse3_values::test_unequal_zero_si16_zero_edge ... ok
test sse3_values::test_unequal_zero_si16_zero_basic ... ok
test sse3_values::test_unequal_zero_si32_zero_basic ... ok
test sse3_values::test_unequal_zero_si32_zero_edge ... ok
test sse3_values::test_unequal_zero_si64_zero_basic ... ok
test sse3_values::test_unequal_zero_si64_zero_edge ... ok
test sse3_values::test_unequal_zero_si8_zero_basic ... ok
test sse3_values::test_unequal_zero_si8_zero_edge ... ok
test sse3_values::test_unequal_zero_ui16_zero_basic ... ok
test sse3_values::test_unequal_zero_ui16_zero_edge ... ok
test sse3_values::test_unequal_zero_ui32_zero_basic ... ok
test sse3_values::test_unequal_zero_ui32_zero_edge ... ok
test sse3_values::test_unequal_zero_ui64_zero_basic ... ok
test sse3_values::test_unequal_zero_ui64_zero_edge ... ok
test sse3_values::test_unequal_zero_ui8_zero_basic ... ok
test sse3_values::test_unequal_zero_ui8_zero_edge ... ok

test result: ok. 1146 passed; 0 failed; 0 ignored; 0 measured; 0 filtered out; finished in 0.07s


running 0 tests

test result: ok. 0 passed; 0 failed; 0 ignored; 0 measured; 0 filtered out; finished in 0.00s
[stderr]
Compiling tsl_generated v0.1.0 (/workspace/tslctmp/ci-generated/rust)
    Finished `test` profile [unoptimized + debuginfo] target(s) in 9.79s
     Running unittests src/lib.rs (rust/target/sse3/debug/deps/tsl_generated-2f3e9e132360eea7)
     Running tests/smoke.rs (rust/target/sse3/debug/deps/smoke-0e511933f4ec842d)
     Running tests/values.rs (rust/target/sse3/debug/deps/values-535d835380636d44)
   Doc-tests tsl_generated
[test-output] rust sve: cargo test --manifest-path /workspace/tslctmp/ci-generated/rust/Cargo.toml --no-default-features --features sve,value_tests --target aarch64-unknown-linux-musl --target-dir /workspace/tslctmp/ci-generated/rust/target/sve
[stderr]
Compiling tsl_generated v0.1.0 (/workspace/tslctmp/ci-generated/rust)
    Finished `test` profile [unoptimized + debuginfo] target(s) in 9.37s
     Running unittests src/lib.rs (rust/target/sve/aarch64-unknown-linux-musl/debug/deps/tsl_generated-b22043c4860111dc)
error: test failed, to rerun pass `--lib`

Caused by:
  could not execute process `/workspace/tslctmp/ci-generated/rust/target/sve/aarch64-unknown-linux-musl/debug/deps/tsl_generated-b22043c4860111dc` (never executed)

Caused by:
  Exec format error (os error 8)
[test-output] rust tigerlake: cargo test --manifest-path /workspace/tslctmp/ci-generated/rust/Cargo.toml --no-default-features --features tigerlake,value_tests --target-dir /workspace/tslctmp/ci-generated/rust/target/tigerlake
[stdout]
running 0 tests

test result: ok. 0 passed; 0 failed; 0 ignored; 0 measured; 0 filtered out; finished in 0.00s


running 1 test
test smoke ... ok

test result: ok. 1 passed; 0 failed; 0 ignored; 0 measured; 0 filtered out; finished in 0.00s


running 1293 tests
test tigerlake_values::test_add_f32_basic ... ok
test tigerlake_values::test_add_f32_edge ... ok
test tigerlake_values::test_add_f64_basic ... ok
test tigerlake_values::test_add_f64_edge ... ok
test tigerlake_values::test_add_si16_edge ... ok
test tigerlake_values::test_add_si16_basic ... ok
test tigerlake_values::test_add_si32_basic ... ok
test tigerlake_values::test_add_si32_edge ... ok
test tigerlake_values::test_add_si32_mask_all ... ok
test tigerlake_values::test_add_si32_mask_basic ... ok
test tigerlake_values::test_add_si32_mask_zero ... ok
test tigerlake_values::test_add_si32_maskz_all ... ok
test tigerlake_values::test_add_si32_maskz_basic ... ok
test tigerlake_values::test_add_si32_maskz_zero ... ok
test tigerlake_values::test_add_si64_basic ... ok
test tigerlake_values::test_add_si64_edge ... ok
test tigerlake_values::test_add_si8_basic ... ok
test tigerlake_values::test_add_si8_edge ... ok
test tigerlake_values::test_add_ui16_basic ... ok
test tigerlake_values::test_add_ui16_edge ... ok
test tigerlake_values::test_add_ui32_basic ... ok
test tigerlake_values::test_add_ui32_edge ... ok
test tigerlake_values::test_add_ui64_basic ... ok
test tigerlake_values::test_add_ui64_edge ... ok
test tigerlake_values::test_add_ui8_basic ... ok
test tigerlake_values::test_add_ui8_edge ... ok
test tigerlake_values::test_add_ui8_mask_all ... ok
test tigerlake_values::test_add_ui8_mask_basic ... ok
test tigerlake_values::test_add_ui8_mask_zero ... ok
test tigerlake_values::test_add_ui8_maskz_basic ... ok
test tigerlake_values::test_add_ui8_maskz_all ... ok
test tigerlake_values::test_add_ui8_maskz_zero ... ok
test tigerlake_values::test_allocate_aligned_ptr_u8_basic ... ok
test tigerlake_values::test_allocate_aligned_ptr_u8_large ... ok
test tigerlake_values::test_allocate_aligned_ptr_u8_small ... ok
test tigerlake_values::test_allocate_aligned_ptr_u8_stress ... ok
test tigerlake_values::test_allocate_aligned_ptr_u8_value16 ... ok
test tigerlake_values::test_allocate_aligned_ptr_u8_value64 ... ok
test tigerlake_values::test_allocate_aligned_ptr_u8_zero ... ok
test tigerlake_values::test_allocate_ptr_u8_basic ... ok
test tigerlake_values::test_allocate_ptr_u8_large ... ok
test tigerlake_values::test_allocate_ptr_u8_small ... ok
test tigerlake_values::test_allocate_ptr_u8_unaligned_value33 ... ok
test tigerlake_values::test_allocate_ptr_u8_unaligned_value65 ... ok
test tigerlake_values::test_between_exclusive_f32_basic ... ok
test tigerlake_values::test_between_exclusive_f32_mask_basic ... ok
test tigerlake_values::test_between_exclusive_f32_mask_nan_edge ... ok
test tigerlake_values::test_between_exclusive_f32_nan_edge ... ok
test tigerlake_values::test_between_exclusive_si32_mixed ... ok
test tigerlake_values::test_between_exclusive_si32_mask_mixed ... ok
test tigerlake_values::test_between_exclusive_ui32_mask_basic ... ok
test tigerlake_values::test_between_exclusive_ui32_basic ... ok
test tigerlake_values::test_between_inclusive_f32_basic ... ok
test tigerlake_values::test_between_inclusive_f32_between_inclusive_mask_basic ... ok
test tigerlake_values::test_between_inclusive_f32_nan_edge ... ok
test tigerlake_values::test_between_inclusive_f32_between_inclusive_mask_nan_edge ... ok
test tigerlake_values::test_between_inclusive_si32_between_inclusive_mask_mixed ... ok
test tigerlake_values::test_between_inclusive_si32_mixed ... ok
test tigerlake_values::test_between_inclusive_ui32_basic ... ok
test tigerlake_values::test_between_inclusive_ui32_between_inclusive_mask_basic ... ok
test tigerlake_values::test_between_left_inclusive_f32_between_left_inclusive_mask_basic ... ok
test tigerlake_values::test_between_left_inclusive_f32_basic ... ok
test tigerlake_values::test_between_left_inclusive_f32_between_left_inclusive_mask_nan_edge ... ok
test tigerlake_values::test_between_left_inclusive_f32_nan_edge ... ok
test tigerlake_values::test_between_left_inclusive_si32_between_left_inclusive_mask_mixed ... ok
test tigerlake_values::test_between_left_inclusive_si32_mixed ... ok
test tigerlake_values::test_between_left_inclusive_ui32_basic ... ok
test tigerlake_values::test_between_left_inclusive_ui32_between_left_inclusive_mask_basic ... ok
test tigerlake_values::test_between_right_inclusive_f32_basic ... ok
test tigerlake_values::test_between_right_inclusive_f32_between_right_inclusive_mask_basic ... ok
test tigerlake_values::test_between_right_inclusive_f32_between_right_inclusive_mask_nan_edge ... ok
test tigerlake_values::test_between_right_inclusive_f32_nan_edge ... ok
test tigerlake_values::test_between_right_inclusive_si32_between_right_inclusive_mask_mixed ... ok
test tigerlake_values::test_between_right_inclusive_si32_mixed ... ok
test tigerlake_values::test_between_right_inclusive_ui32_basic ... ok
test tigerlake_values::test_between_right_inclusive_ui32_between_right_inclusive_mask_basic ... ok
test tigerlake_values::test_binary_and_f32_basic ... ok
test tigerlake_values::test_binary_and_f32_edge ... ok
test tigerlake_values::test_binary_and_f64_basic ... ok
test tigerlake_values::test_binary_and_f64_edge ... ok
test tigerlake_values::test_binary_and_si16_basic ... ok
test tigerlake_values::test_binary_and_si16_edge ... ok
test tigerlake_values::test_binary_and_si32_basic ... ok
test tigerlake_values::test_binary_and_si32_edge ... ok
test tigerlake_values::test_binary_and_si64_basic ... ok
test tigerlake_values::test_binary_and_si64_edge ... ok
test tigerlake_values::test_binary_and_si8_basic ... ok
test tigerlake_values::test_binary_and_si8_edge ... ok
test tigerlake_values::test_binary_and_ui16_basic ... ok
test tigerlake_values::test_binary_and_ui16_edge ... ok
test tigerlake_values::test_binary_and_ui32_basic ... ok
test tigerlake_values::test_binary_and_ui32_binary_and_mask_basic ... ok
test tigerlake_values::test_binary_and_ui32_edge ... ok
test tigerlake_values::test_binary_and_ui32_binary_and_maskz_basic ... ok
test tigerlake_values::test_binary_and_ui64_edge ... ok
test tigerlake_values::test_binary_and_ui64_basic ... ok
test tigerlake_values::test_binary_and_ui8_basic ... ok
test tigerlake_values::test_binary_and_ui8_edge ... ok
test tigerlake_values::test_binary_andnot_f32_basic ... ok
test tigerlake_values::test_binary_andnot_f64_basic ... ok
test tigerlake_values::test_binary_andnot_si32_basic ... ok
test tigerlake_values::test_binary_andnot_si32_edge ... ok
test tigerlake_values::test_binary_andnot_ui32_basic ... ok
test tigerlake_values::test_binary_andnot_ui32_binary_andnot_mask_basic ... ok
test tigerlake_values::test_binary_andnot_ui32_binary_andnot_maskz_basic ... ok
test tigerlake_values::test_binary_andnot_ui32_edge ... ok
test tigerlake_values::test_binary_or_f32_basic ... ok
test tigerlake_values::test_binary_or_f32_edge ... ok
test tigerlake_values::test_binary_or_f64_basic ... ok
test tigerlake_values::test_binary_or_si16_basic ... ok
test tigerlake_values::test_binary_or_f64_edge ... ok
test tigerlake_values::test_binary_or_si16_edge ... ok
test tigerlake_values::test_binary_or_si32_basic ... ok
test tigerlake_values::test_binary_or_si32_edge ... ok
test tigerlake_values::test_binary_or_si64_basic ... ok
test tigerlake_values::test_binary_or_si64_edge ... ok
test tigerlake_values::test_binary_or_si8_basic ... ok
test tigerlake_values::test_binary_or_si8_edge ... ok
test tigerlake_values::test_binary_or_ui16_basic ... ok
test tigerlake_values::test_binary_or_ui16_edge ... ok
test tigerlake_values::test_binary_or_ui32_basic ... ok
test tigerlake_values::test_binary_or_ui32_binary_or_mask_basic ... ok
test tigerlake_values::test_binary_or_ui32_binary_or_maskz_basic ... ok
test tigerlake_values::test_binary_or_ui32_edge ... ok
test tigerlake_values::test_binary_or_ui64_edge ... ok
test tigerlake_values::test_binary_or_ui64_basic ... ok
test tigerlake_values::test_binary_or_ui8_basic ... ok
test tigerlake_values::test_binary_or_ui8_edge ... ok
test tigerlake_values::test_binary_xor_f32_basic ... ok
test tigerlake_values::test_binary_xor_f32_edge ... ok
test tigerlake_values::test_binary_xor_f64_basic ... ok
test tigerlake_values::test_binary_xor_f64_edge ... ok
test tigerlake_values::test_binary_xor_si16_basic ... ok
test tigerlake_values::test_binary_xor_si16_edge ... ok
test tigerlake_values::test_binary_xor_si32_basic ... ok
test tigerlake_values::test_binary_xor_si64_basic ... ok
test tigerlake_values::test_binary_xor_si32_edge ... ok
test tigerlake_values::test_binary_xor_si64_edge ... ok
test tigerlake_values::test_binary_xor_si8_basic ... ok
test tigerlake_values::test_binary_xor_si8_edge ... ok
test tigerlake_values::test_binary_xor_ui16_basic ... ok
test tigerlake_values::test_binary_xor_ui16_edge ... ok
test tigerlake_values::test_binary_xor_ui32_basic ... ok
test tigerlake_values::test_binary_xor_ui32_binary_xor_mask_basic ... ok
test tigerlake_values::test_binary_xor_ui32_binary_xor_maskz_basic ... ok
test tigerlake_values::test_binary_xor_ui32_edge ... ok
test tigerlake_values::test_binary_xor_ui64_basic ... ok
test tigerlake_values::test_binary_xor_ui64_edge ... ok
test tigerlake_values::test_binary_xor_ui8_basic ... ok
test tigerlake_values::test_binary_xor_ui8_edge ... ok
test tigerlake_values::test_blend_add_si16_blend_add_basic ... ok
test tigerlake_values::test_blend_add_si16_blend_add_edge ... ok
test tigerlake_values::test_blend_add_si32_blend_add_basic ... ok
test tigerlake_values::test_blend_add_si32_blend_add_edge ... ok
test tigerlake_values::test_blend_add_si64_blend_add_basic ... ok
test tigerlake_values::test_blend_add_si64_blend_add_edge ... ok
test tigerlake_values::test_blend_add_si8_blend_add_basic ... ok
test tigerlake_values::test_blend_add_si8_blend_add_edge ... ok
test tigerlake_values::test_blend_add_ui16_blend_add_basic ... ok
test tigerlake_values::test_blend_add_ui16_blend_add_edge ... ok
test tigerlake_values::test_blend_add_ui32_blend_add_basic ... ok
test tigerlake_values::test_blend_add_ui32_blend_add_edge ... ok
test tigerlake_values::test_blend_add_ui64_blend_add_edge ... ok
test tigerlake_values::test_blend_add_ui64_blend_add_basic ... ok
test tigerlake_values::test_blend_add_ui8_blend_add_basic ... ok
test tigerlake_values::test_blend_add_ui8_blend_add_edge ... ok
test tigerlake_values::test_blend_f32_edge ... ok
test tigerlake_values::test_blend_f32_basic ... ok
test tigerlake_values::test_blend_f64_basic ... ok
test tigerlake_values::test_blend_f64_edge ... ok
test tigerlake_values::test_blend_si16_basic ... ok
test tigerlake_values::test_blend_si16_edge ... ok
test tigerlake_values::test_blend_si32_basic ... ok
test tigerlake_values::test_blend_si32_edge ... ok
test tigerlake_values::test_blend_si64_basic ... ok
test tigerlake_values::test_blend_si64_edge ... ok
test tigerlake_values::test_blend_si8_basic ... ok
test tigerlake_values::test_blend_si8_edge ... ok
test tigerlake_values::test_blend_ui16_basic ... ok
test tigerlake_values::test_blend_ui16_edge ... ok
test tigerlake_values::test_blend_ui32_basic ... ok
test tigerlake_values::test_blend_ui32_edge ... ok
test tigerlake_values::test_blend_ui64_basic ... ok
test tigerlake_values::test_blend_ui64_edge ... ok
test tigerlake_values::test_blend_ui8_basic ... ok
test tigerlake_values::test_blend_ui8_edge ... ok
test tigerlake_values::test_cast_f32_to_f32_basic ... ok
test tigerlake_values::test_cast_f32_to_f32_edge ... ok
test tigerlake_values::test_cast_f64_avx2_to_si32_basic_bits256 ... ok
[stderr]
Compiling tsl_generated v0.1.0 (/workspace/tslctmp/ci-generated/rust)
warning: unnecessary parentheses around `return` value
      --> src/tsl_tigerlake.rs:159905:16
       |
159905 |         return (!mask);
       |                ^     ^
       |
       = note: `#[warn(unused_parens)]` (part of `#[warn(unused)]`) on by default
help: remove these parentheses
       |
159905 -         return (!mask);
159905 +         return !mask;
       |

warning: unnecessary parentheses around `return` value
      --> src/tsl_tigerlake.rs:159931:16
       |
159931 |         return (!mask);
       |                ^     ^
       |
help: remove these parentheses
       |
159931 -         return (!mask);
159931 +         return !mask;
       |

warning: unnecessary parentheses around `return` value
      --> src/tsl_tigerlake.rs:160015:16
       |
160015 |         return (!mask);
       |                ^     ^
       |
help: remove these parentheses
       |
160015 -         return (!mask);
160015 +         return !mask;
       |

warning: unnecessary parentheses around `return` value
      --> src/tsl_tigerlake.rs:160041:16
       |
160041 |         return (!mask);
       |                ^     ^
       |
help: remove these parentheses
       |
160041 -         return (!mask);
160041 +         return !mask;
       |

warning: unnecessary parentheses around `return` value
      --> src/tsl_tigerlake.rs:160067:16
       |
160067 |         return (!mask);
       |                ^     ^
       |
help: remove these parentheses
       |
160067 -         return (!mask);
160067 +         return !mask;
       |

warning: unnecessary parentheses around `return` value
      --> src/tsl_tigerlake.rs:160151:16
       |
160151 |         return (!mask);
       |                ^     ^
       |
help: remove these parentheses
       |
160151 -         return (!mask);
160151 +         return !mask;
       |

warning: unnecessary parentheses around `return` value
      --> src/tsl_tigerlake.rs:160177:16
       |
160177 |         return (!mask);
       |                ^     ^
       |
help: remove these parentheses
       |
160177 -         return (!mask);
160177 +         return !mask;
       |

warning: unnecessary parentheses around `return` value
      --> src/tsl_tigerlake.rs:160203:16
       |
160203 |         return (!mask);
       |                ^     ^
       |
help: remove these parentheses
       |
160203 -         return (!mask);
160203 +         return !mask;
       |

warning: unnecessary parentheses around `return` value
      --> src/tsl_tigerlake.rs:160287:16
       |
160287 |         return (!mask);
       |                ^     ^
       |
help: remove these parentheses
       |
160287 -         return (!mask);
160287 +         return !mask;
       |

warning: unnecessary parentheses around `return` value
      --> src/tsl_tigerlake.rs:160313:16
       |
160313 |         return (!mask);
       |                ^     ^
       |
help: remove these parentheses
       |
160313 -         return (!mask);
160313 +         return !mask;
       |

warning: unnecessary parentheses around `return` value
      --> src/tsl_tigerlake.rs:160339:16
       |
160339 |         return (!mask);
       |                ^     ^
       |
help: remove these parentheses
       |
160339 -         return (!mask);
160339 +         return !mask;
       |

warning: unnecessary parentheses around `return` value
      --> src/tsl_tigerlake.rs:160423:16
       |
160423 |         return (!mask);
       |                ^     ^
       |
help: remove these parentheses
       |
160423 -         return (!mask);
160423 +         return !mask;
       |

warning: unnecessary parentheses around `return` value
      --> src/tsl_tigerlake.rs:160449:16
       |
160449 |         return (!mask);
       |                ^     ^
       |
help: remove these parentheses
       |
160449 -         return (!mask);
160449 +         return !mask;
       |

warning: unnecessary parentheses around `return` value
      --> src/tsl_tigerlake.rs:160475:16
       |
160475 |         return (!mask);
       |                ^     ^
       |
help: remove these parentheses
       |
160475 -         return (!mask);
160475 +         return !mask;
       |

warning: unnecessary parentheses around `return` value
      --> src/tsl_tigerlake.rs:160559:16
       |
160559 |         return (!mask);
       |                ^     ^
       |
help: remove these parentheses
       |
160559 -         return (!mask);
160559 +         return !mask;
       |

warning: unnecessary parentheses around `return` value
      --> src/tsl_tigerlake.rs:160585:16
       |
160585 |         return (!mask);
       |                ^     ^
       |
help: remove these parentheses
       |
160585 -         return (!mask);
160585 +         return !mask;
       |

warning: unnecessary parentheses around `return` value
      --> src/tsl_tigerlake.rs:160611:16
       |
160611 |         return (!mask);
       |                ^     ^
       |
help: remove these parentheses
       |
160611 -         return (!mask);
160611 +         return !mask;
       |

warning: unnecessary parentheses around `return` value
      --> src/tsl_tigerlake.rs:160695:16
       |
160695 |         return (!mask);
       |                ^     ^
       |
help: remove these parentheses
       |
160695 -         return (!mask);
160695 +         return !mask;
       |

warning: unnecessary parentheses around `return` value
      --> src/tsl_tigerlake.rs:160721:16
       |
160721 |         return (!mask);
       |                ^     ^
       |
help: remove these parentheses
       |
160721 -         return (!mask);
160721 +         return !mask;
       |

warning: unnecessary parentheses around `return` value
      --> src/tsl_tigerlake.rs:160747:16
       |
160747 |         return (!mask);
       |                ^     ^
       |
help: remove these parentheses
       |
160747 -         return (!mask);
160747 +         return !mask;
       |

warning: unnecessary parentheses around `return` value
      --> src/tsl_tigerlake.rs:160831:16
       |
160831 |         return (!mask);
       |                ^     ^
       |
help: remove these parentheses
       |
160831 -         return (!mask);
160831 +         return !mask;
       |

warning: unnecessary parentheses around `return` value
      --> src/tsl_tigerlake.rs:160857:16
       |
160857 |         return (!mask);
       |                ^     ^
       |
help: remove these parentheses
       |
160857 -         return (!mask);
160857 +         return !mask;
       |

warning: unnecessary parentheses around `return` value
      --> src/tsl_tigerlake.rs:160883:16
       |
160883 |         return (!mask);
       |                ^     ^
       |
help: remove these parentheses
       |
160883 -         return (!mask);
160883 +         return !mask;
       |

warning: unnecessary parentheses around `return` value
      --> src/tsl_tigerlake.rs:160967:16
       |
160967 |         return (!mask);
       |                ^     ^
       |
help: remove these parentheses
       |
160967 -         return (!mask);
160967 +         return !mask;
       |

warning: unnecessary parentheses around `return` value
      --> src/tsl_tigerlake.rs:160993:16
       |
160993 |         return (!mask);
       |                ^     ^
       |
help: remove these parentheses
       |
160993 -         return (!mask);
160993 +         return !mask;
       |

warning: unnecessary parentheses around `return` value
      --> src/tsl_tigerlake.rs:161019:16
       |
161019 |         return (!mask);
       |                ^     ^
       |
help: remove these parentheses
       |
161019 -         return (!mask);
161019 +         return !mask;
       |

warning: unnecessary parentheses around `return` value
      --> src/tsl_tigerlake.rs:161103:16
       |
161103 |         return (!mask);
       |                ^     ^
       |
help: remove these parentheses
       |
161103 -         return (!mask);
161103 +         return !mask;
       |

warning: unnecessary parentheses around `return` value
      --> src/tsl_tigerlake.rs:161129:16
       |
161129 |         return (!mask);
       |                ^     ^
       |
help: remove these parentheses
       |
161129 -         return (!mask);
161129 +         return !mask;
       |

warning: unnecessary parentheses around `return` value
      --> src/tsl_tigerlake.rs:161155:16
       |
161155 |         return (!mask);
       |                ^     ^
       |
help: remove these parentheses
       |
161155 -         return (!mask);
161155 +         return !mask;
       |

warning: unnecessary parentheses around `return` value
      --> src/tsl_tigerlake.rs:161239:16
       |
161239 |         return (!mask);
       |                ^     ^
       |
help: remove these parentheses
       |
161239 -         return (!mask);
161239 +         return !mask;
       |

warning: `tsl_generated` (lib test) generated 30 warnings (run `cargo fix --lib -p tsl_generated --tests` to apply 30 suggestions)
warning: `tsl_generated` (lib) generated 30 warnings (30 duplicates)
    Finished `test` profile [unoptimized + debuginfo] target(s) in 13.75s
     Running unittests src/lib.rs (rust/target/tigerlake/debug/deps/tsl_generated-0d51525b52943ca3)
     Running tests/smoke.rs (rust/target/tigerlake/debug/deps/smoke-2ebcc3e4ae6931d3)
     Running tests/values.rs (rust/target/tigerlake/debug/deps/values-4b30f2d50227fdab)
error: test failed, to rerun pass `--test values`

Caused by:
  process didn't exit successfully: `/workspace/tslctmp/ci-generated/rust/target/tigerlake/debug/deps/values-4b30f2d50227fdab` (signal: 4, SIGILL: illegal instruction)
[test-output] rust zen4: cargo test --manifest-path /workspace/tslctmp/ci-generated/rust/Cargo.toml --no-default-features --features zen4,value_tests --target-dir /workspace/tslctmp/ci-generated/rust/target/zen4
[stdout]
running 0 tests

test result: ok. 0 passed; 0 failed; 0 ignored; 0 measured; 0 filtered out; finished in 0.00s


running 1 test
test smoke ... ok

test result: ok. 1 passed; 0 failed; 0 ignored; 0 measured; 0 filtered out; finished in 0.00s


running 1293 tests
test zen4_values::test_add_f32_edge ... ok
test zen4_values::test_add_f32_basic ... ok
test zen4_values::test_add_f64_basic ... ok
test zen4_values::test_add_f64_edge ... ok
test zen4_values::test_add_si16_basic ... ok
test zen4_values::test_add_si16_edge ... ok
test zen4_values::test_add_si32_basic ... ok
test zen4_values::test_add_si32_edge ... ok
test zen4_values::test_add_si32_mask_all ... ok
test zen4_values::test_add_si32_mask_basic ... ok
test zen4_values::test_add_si32_mask_zero ... ok
test zen4_values::test_add_si32_maskz_all ... ok
test zen4_values::test_add_si32_maskz_basic ... ok
test zen4_values::test_add_si32_maskz_zero ... ok
test zen4_values::test_add_si64_basic ... ok
test zen4_values::test_add_si64_edge ... ok
test zen4_values::test_add_si8_basic ... ok
test zen4_values::test_add_si8_edge ... ok
test zen4_values::test_add_ui16_basic ... ok
test zen4_values::test_add_ui16_edge ... ok
test zen4_values::test_add_ui32_basic ... ok
test zen4_values::test_add_ui32_edge ... ok
test zen4_values::test_add_ui64_basic ... ok
test zen4_values::test_add_ui64_edge ... ok
test zen4_values::test_add_ui8_basic ... ok
test zen4_values::test_add_ui8_edge ... ok
test zen4_values::test_add_ui8_mask_all ... ok
test zen4_values::test_add_ui8_mask_zero ... ok
test zen4_values::test_add_ui8_mask_basic ... ok
test zen4_values::test_add_ui8_maskz_basic ... ok
test zen4_values::test_add_ui8_maskz_all ... ok
test zen4_values::test_add_ui8_maskz_zero ... ok
test zen4_values::test_allocate_aligned_ptr_u8_basic ... ok
test zen4_values::test_allocate_aligned_ptr_u8_large ... ok
test zen4_values::test_allocate_aligned_ptr_u8_small ... ok
test zen4_values::test_allocate_aligned_ptr_u8_stress ... ok
test zen4_values::test_allocate_aligned_ptr_u8_value16 ... ok
test zen4_values::test_allocate_aligned_ptr_u8_value64 ... ok
test zen4_values::test_allocate_aligned_ptr_u8_zero ... ok
test zen4_values::test_allocate_ptr_u8_basic ... ok
test zen4_values::test_allocate_ptr_u8_large ... ok
test zen4_values::test_allocate_ptr_u8_small ... ok
test zen4_values::test_allocate_ptr_u8_unaligned_value33 ... ok
test zen4_values::test_allocate_ptr_u8_unaligned_value65 ... ok
test zen4_values::test_between_exclusive_f32_basic ... ok
test zen4_values::test_between_exclusive_f32_mask_basic ... ok
test zen4_values::test_between_exclusive_f32_mask_nan_edge ... ok
test zen4_values::test_between_exclusive_f32_nan_edge ... ok
test zen4_values::test_between_exclusive_si32_mask_mixed ... ok
test zen4_values::test_between_exclusive_si32_mixed ... ok
test zen4_values::test_between_exclusive_ui32_basic ... ok
test zen4_values::test_between_exclusive_ui32_mask_basic ... ok
test zen4_values::test_between_inclusive_f32_basic ... ok
test zen4_values::test_between_inclusive_f32_between_inclusive_mask_basic ... ok
test zen4_values::test_between_inclusive_f32_between_inclusive_mask_nan_edge ... ok
test zen4_values::test_between_inclusive_f32_nan_edge ... ok
test zen4_values::test_between_inclusive_si32_between_inclusive_mask_mixed ... ok
test zen4_values::test_between_inclusive_si32_mixed ... ok
test zen4_values::test_between_inclusive_ui32_basic ... ok
test zen4_values::test_between_inclusive_ui32_between_inclusive_mask_basic ... ok
test zen4_values::test_between_left_inclusive_f32_basic ... ok
test zen4_values::test_between_left_inclusive_f32_between_left_inclusive_mask_basic ... ok
test zen4_values::test_between_left_inclusive_f32_between_left_inclusive_mask_nan_edge ... ok
test zen4_values::test_between_left_inclusive_f32_nan_edge ... ok
test zen4_values::test_between_left_inclusive_si32_between_left_inclusive_mask_mixed ... ok
test zen4_values::test_between_left_inclusive_si32_mixed ... ok
test zen4_values::test_between_left_inclusive_ui32_basic ... ok
test zen4_values::test_between_left_inclusive_ui32_between_left_inclusive_mask_basic ... ok
test zen4_values::test_between_right_inclusive_f32_basic ... ok
test zen4_values::test_between_right_inclusive_f32_between_right_inclusive_mask_basic ... ok
test zen4_values::test_between_right_inclusive_f32_between_right_inclusive_mask_nan_edge ... ok
test zen4_values::test_between_right_inclusive_f32_nan_edge ... ok
test zen4_values::test_between_right_inclusive_si32_between_right_inclusive_mask_mixed ... ok
test zen4_values::test_between_right_inclusive_si32_mixed ... ok
test zen4_values::test_between_right_inclusive_ui32_basic ... ok
test zen4_values::test_between_right_inclusive_ui32_between_right_inclusive_mask_basic ... ok
test zen4_values::test_binary_and_f32_basic ... ok
test zen4_values::test_binary_and_f64_basic ... ok
test zen4_values::test_binary_and_f32_edge ... ok
test zen4_values::test_binary_and_f64_edge ... ok
test zen4_values::test_binary_and_si16_basic ... ok
test zen4_values::test_binary_and_si16_edge ... ok
test zen4_values::test_binary_and_si32_basic ... ok
test zen4_values::test_binary_and_si32_edge ... ok
test zen4_values::test_binary_and_si64_basic ... ok
test zen4_values::test_binary_and_si64_edge ... ok
test zen4_values::test_binary_and_si8_basic ... ok
test zen4_values::test_binary_and_si8_edge ... ok
test zen4_values::test_binary_and_ui16_basic ... ok
test zen4_values::test_binary_and_ui16_edge ... ok
test zen4_values::test_binary_and_ui32_basic ... ok
test zen4_values::test_binary_and_ui32_binary_and_mask_basic ... ok
test zen4_values::test_binary_and_ui32_binary_and_maskz_basic ... ok
test zen4_values::test_binary_and_ui32_edge ... ok
test zen4_values::test_binary_and_ui64_basic ... ok
test zen4_values::test_binary_and_ui64_edge ... ok
test zen4_values::test_binary_and_ui8_basic ... ok
test zen4_values::test_binary_and_ui8_edge ... ok
test zen4_values::test_binary_andnot_f32_basic ... ok
test zen4_values::test_binary_andnot_f64_basic ... ok
test zen4_values::test_binary_andnot_si32_basic ... ok
test zen4_values::test_binary_andnot_si32_edge ... ok
test zen4_values::test_binary_andnot_ui32_basic ... ok
test zen4_values::test_binary_andnot_ui32_binary_andnot_mask_basic ... ok
test zen4_values::test_binary_andnot_ui32_binary_andnot_maskz_basic ... ok
test zen4_values::test_binary_andnot_ui32_edge ... ok
test zen4_values::test_binary_or_f32_basic ... ok
test zen4_values::test_binary_or_f32_edge ... ok
test zen4_values::test_binary_or_f64_basic ... ok
test zen4_values::test_binary_or_si16_basic ... ok
test zen4_values::test_binary_or_f64_edge ... ok
test zen4_values::test_binary_or_si32_basic ... ok
test zen4_values::test_binary_or_si16_edge ... ok
test zen4_values::test_binary_or_si32_edge ... ok
test zen4_values::test_binary_or_si64_basic ... ok
test zen4_values::test_binary_or_si64_edge ... ok
test zen4_values::test_binary_or_si8_basic ... ok
test zen4_values::test_binary_or_si8_edge ... ok
test zen4_values::test_binary_or_ui16_basic ... ok
test zen4_values::test_binary_or_ui16_edge ... ok
test zen4_values::test_binary_or_ui32_basic ... ok
test zen4_values::test_binary_or_ui32_binary_or_mask_basic ... ok
test zen4_values::test_binary_or_ui32_binary_or_maskz_basic ... ok
test zen4_values::test_binary_or_ui32_edge ... ok
test zen4_values::test_binary_or_ui64_basic ... ok
test zen4_values::test_binary_or_ui64_edge ... ok
test zen4_values::test_binary_or_ui8_basic ... ok
test zen4_values::test_binary_or_ui8_edge ... ok
test zen4_values::test_binary_xor_f32_basic ... ok
test zen4_values::test_binary_xor_f32_edge ... ok
test zen4_values::test_binary_xor_f64_basic ... ok
test zen4_values::test_binary_xor_f64_edge ... ok
test zen4_values::test_binary_xor_si16_basic ... ok
test zen4_values::test_binary_xor_si16_edge ... ok
test zen4_values::test_binary_xor_si32_basic ... ok
test zen4_values::test_binary_xor_si32_edge ... ok
test zen4_values::test_binary_xor_si64_basic ... ok
test zen4_values::test_binary_xor_si64_edge ... ok
test zen4_values::test_binary_xor_si8_basic ... ok
test zen4_values::test_binary_xor_si8_edge ... ok
test zen4_values::test_binary_xor_ui16_basic ... ok
test zen4_values::test_binary_xor_ui16_edge ... ok
test zen4_values::test_binary_xor_ui32_basic ... ok
test zen4_values::test_binary_xor_ui32_binary_xor_mask_basic ... ok
test zen4_values::test_binary_xor_ui32_binary_xor_maskz_basic ... ok
test zen4_values::test_binary_xor_ui32_edge ... ok
test zen4_values::test_binary_xor_ui64_basic ... ok
test zen4_values::test_binary_xor_ui64_edge ... ok
test zen4_values::test_binary_xor_ui8_basic ... ok
test zen4_values::test_binary_xor_ui8_edge ... ok
test zen4_values::test_blend_add_si16_blend_add_basic ... ok
test zen4_values::test_blend_add_si16_blend_add_edge ... ok
test zen4_values::test_blend_add_si32_blend_add_basic ... ok
test zen4_values::test_blend_add_si32_blend_add_edge ... ok
test zen4_values::test_blend_add_si64_blend_add_basic ... ok
test zen4_values::test_blend_add_si64_blend_add_edge ... ok
test zen4_values::test_blend_add_si8_blend_add_basic ... ok
test zen4_values::test_blend_add_si8_blend_add_edge ... ok
test zen4_values::test_blend_add_ui16_blend_add_basic ... ok
test zen4_values::test_blend_add_ui16_blend_add_edge ... ok
test zen4_values::test_blend_add_ui32_blend_add_basic ... ok
test zen4_values::test_blend_add_ui32_blend_add_edge ... ok
test zen4_values::test_blend_add_ui64_blend_add_basic ... ok
test zen4_values::test_blend_add_ui64_blend_add_edge ... ok
test zen4_values::test_blend_add_ui8_blend_add_basic ... ok
test zen4_values::test_blend_add_ui8_blend_add_edge ... ok
test zen4_values::test_blend_f32_basic ... ok
test zen4_values::test_blend_f32_edge ... ok
test zen4_values::test_blend_f64_basic ... ok
test zen4_values::test_blend_f64_edge ... ok
test zen4_values::test_blend_si16_basic ... ok
test zen4_values::test_blend_si16_edge ... ok
test zen4_values::test_blend_si32_basic ... ok
test zen4_values::test_blend_si64_basic ... ok
test zen4_values::test_blend_si32_edge ... ok
test zen4_values::test_blend_si64_edge ... ok
test zen4_values::test_blend_si8_basic ... ok
test zen4_values::test_blend_si8_edge ... ok
test zen4_values::test_blend_ui16_basic ... ok
test zen4_values::test_blend_ui16_edge ... ok
test zen4_values::test_blend_ui32_basic ... ok
test zen4_values::test_blend_ui32_edge ... ok
test zen4_values::test_blend_ui64_basic ... ok
test zen4_values::test_blend_ui64_edge ... ok
test zen4_values::test_blend_ui8_basic ... ok
test zen4_values::test_cast_f32_to_f32_basic ... ok
test zen4_values::test_blend_ui8_edge ... ok
test zen4_values::test_cast_f32_to_f32_edge ... ok
test zen4_values::test_cast_f64_avx2_to_si32_basic_bits256 ... ok
[stderr]
Compiling tsl_generated v0.1.0 (/workspace/tslctmp/ci-generated/rust)
warning: unnecessary parentheses around `return` value
      --> src/tsl_zen4.rs:159905:16
       |
159905 |         return (!mask);
       |                ^     ^
       |
       = note: `#[warn(unused_parens)]` (part of `#[warn(unused)]`) on by default
help: remove these parentheses
       |
159905 -         return (!mask);
159905 +         return !mask;
       |

warning: unnecessary parentheses around `return` value
      --> src/tsl_zen4.rs:159931:16
       |
159931 |         return (!mask);
       |                ^     ^
       |
help: remove these parentheses
       |
159931 -         return (!mask);
159931 +         return !mask;
       |

warning: unnecessary parentheses around `return` value
      --> src/tsl_zen4.rs:160015:16
       |
160015 |         return (!mask);
       |                ^     ^
       |
help: remove these parentheses
       |
160015 -         return (!mask);
160015 +         return !mask;
       |

warning: unnecessary parentheses around `return` value
      --> src/tsl_zen4.rs:160041:16
       |
160041 |         return (!mask);
       |                ^     ^
       |
help: remove these parentheses
       |
160041 -         return (!mask);
160041 +         return !mask;
       |

warning: unnecessary parentheses around `return` value
      --> src/tsl_zen4.rs:160067:16
       |
160067 |         return (!mask);
       |                ^     ^
       |
help: remove these parentheses
       |
160067 -         return (!mask);
160067 +         return !mask;
       |

warning: unnecessary parentheses around `return` value
      --> src/tsl_zen4.rs:160151:16
       |
160151 |         return (!mask);
       |                ^     ^
       |
help: remove these parentheses
       |
160151 -         return (!mask);
160151 +         return !mask;
       |

warning: unnecessary parentheses around `return` value
      --> src/tsl_zen4.rs:160177:16
       |
160177 |         return (!mask);
       |                ^     ^
       |
help: remove these parentheses
       |
160177 -         return (!mask);
160177 +         return !mask;
       |

warning: unnecessary parentheses around `return` value
      --> src/tsl_zen4.rs:160203:16
       |
160203 |         return (!mask);
       |                ^     ^
       |
help: remove these parentheses
       |
160203 -         return (!mask);
160203 +         return !mask;
       |

warning: unnecessary parentheses around `return` value
      --> src/tsl_zen4.rs:160287:16
       |
160287 |         return (!mask);
       |                ^     ^
       |
help: remove these parentheses
       |
160287 -         return (!mask);
160287 +         return !mask;
       |

warning: unnecessary parentheses around `return` value
      --> src/tsl_zen4.rs:160313:16
       |
160313 |         return (!mask);
       |                ^     ^
       |
help: remove these parentheses
       |
160313 -         return (!mask);
160313 +         return !mask;
       |

warning: unnecessary parentheses around `return` value
      --> src/tsl_zen4.rs:160339:16
       |
160339 |         return (!mask);
       |                ^     ^
       |
help: remove these parentheses
       |
160339 -         return (!mask);
160339 +         return !mask;
       |

warning: unnecessary parentheses around `return` value
      --> src/tsl_zen4.rs:160423:16
       |
160423 |         return (!mask);
       |                ^     ^
       |
help: remove these parentheses
       |
160423 -         return (!mask);
160423 +         return !mask;
       |

warning: unnecessary parentheses around `return` value
      --> src/tsl_zen4.rs:160449:16
       |
160449 |         return (!mask);
       |                ^     ^
       |
help: remove these parentheses
       |
160449 -         return (!mask);
160449 +         return !mask;
       |

warning: unnecessary parentheses around `return` value
      --> src/tsl_zen4.rs:160475:16
       |
160475 |         return (!mask);
       |                ^     ^
       |
help: remove these parentheses
       |
160475 -         return (!mask);
160475 +         return !mask;
       |

warning: unnecessary parentheses around `return` value
      --> src/tsl_zen4.rs:160559:16
       |
160559 |         return (!mask);
       |                ^     ^
       |
help: remove these parentheses
       |
160559 -         return (!mask);
160559 +         return !mask;
       |

warning: unnecessary parentheses around `return` value
      --> src/tsl_zen4.rs:160585:16
       |
160585 |         return (!mask);
       |                ^     ^
       |
help: remove these parentheses
       |
160585 -         return (!mask);
160585 +         return !mask;
       |

warning: unnecessary parentheses around `return` value
      --> src/tsl_zen4.rs:160611:16
       |
160611 |         return (!mask);
       |                ^     ^
       |
help: remove these parentheses
       |
160611 -         return (!mask);
160611 +         return !mask;
       |

warning: unnecessary parentheses around `return` value
      --> src/tsl_zen4.rs:160695:16
       |
160695 |         return (!mask);
       |                ^     ^
       |
help: remove these parentheses
       |
160695 -         return (!mask);
160695 +         return !mask;
       |

warning: unnecessary parentheses around `return` value
      --> src/tsl_zen4.rs:160721:16
       |
160721 |         return (!mask);
       |                ^     ^
       |
help: remove these parentheses
       |
160721 -         return (!mask);
160721 +         return !mask;
       |

warning: unnecessary parentheses around `return` value
      --> src/tsl_zen4.rs:160747:16
       |
160747 |         return (!mask);
       |                ^     ^
       |
help: remove these parentheses
       |
160747 -         return (!mask);
160747 +         return !mask;
       |

warning: unnecessary parentheses around `return` value
      --> src/tsl_zen4.rs:160831:16
       |
160831 |         return (!mask);
       |                ^     ^
       |
help: remove these parentheses
       |
160831 -         return (!mask);
160831 +         return !mask;
       |

warning: unnecessary parentheses around `return` value
      --> src/tsl_zen4.rs:160857:16
       |
160857 |         return (!mask);
       |                ^     ^
       |
help: remove these parentheses
       |
160857 -         return (!mask);
160857 +         return !mask;
       |

warning: unnecessary parentheses around `return` value
      --> src/tsl_zen4.rs:160883:16
       |
160883 |         return (!mask);
       |                ^     ^
       |
help: remove these parentheses
       |
160883 -         return (!mask);
160883 +         return !mask;
       |

warning: unnecessary parentheses around `return` value
      --> src/tsl_zen4.rs:160967:16
       |
160967 |         return (!mask);
       |                ^     ^
       |
help: remove these parentheses
       |
160967 -         return (!mask);
160967 +         return !mask;
       |

warning: unnecessary parentheses around `return` value
      --> src/tsl_zen4.rs:160993:16
       |
160993 |         return (!mask);
       |                ^     ^
       |
help: remove these parentheses
       |
160993 -         return (!mask);
160993 +         return !mask;
       |

warning: unnecessary parentheses around `return` value
      --> src/tsl_zen4.rs:161019:16
       |
161019 |         return (!mask);
       |                ^     ^
       |
help: remove these parentheses
       |
161019 -         return (!mask);
161019 +         return !mask;
       |

warning: unnecessary parentheses around `return` value
      --> src/tsl_zen4.rs:161103:16
       |
161103 |         return (!mask);
       |                ^     ^
       |
help: remove these parentheses
       |
161103 -         return (!mask);
161103 +         return !mask;
       |

warning: unnecessary parentheses around `return` value
      --> src/tsl_zen4.rs:161129:16
       |
161129 |         return (!mask);
       |                ^     ^
       |
help: remove these parentheses
       |
161129 -         return (!mask);
161129 +         return !mask;
       |

warning: unnecessary parentheses around `return` value
      --> src/tsl_zen4.rs:161155:16
       |
161155 |         return (!mask);
       |                ^     ^
       |
help: remove these parentheses
       |
161155 -         return (!mask);
161155 +         return !mask;
       |

warning: unnecessary parentheses around `return` value
      --> src/tsl_zen4.rs:161239:16
       |
161239 |         return (!mask);
       |                ^     ^
       |
help: remove these parentheses
       |
161239 -         return (!mask);
161239 +         return !mask;
       |

warning: `tsl_generated` (lib test) generated 30 warnings (run `cargo fix --lib -p tsl_generated --tests` to apply 30 suggestions)
warning: `tsl_generated` (lib) generated 30 warnings (30 duplicates)
    Finished `test` profile [unoptimized + debuginfo] target(s) in 15.53s
     Running unittests src/lib.rs (rust/target/zen4/debug/deps/tsl_generated-f6c79a4bfa268d95)
     Running tests/smoke.rs (rust/target/zen4/debug/deps/smoke-c13f6c83a05e8b40)
     Running tests/values.rs (rust/target/zen4/debug/deps/values-b377efe961edfc42)
error: test failed, to rerun pass `--test values`

Caused by:
  process didn't exit successfully: `/workspace/tslctmp/ci-generated/rust/target/zen4/debug/deps/values-b377efe961edfc42` (signal: 4, SIGILL: illegal instruction)
[test-output] rust zen5: cargo test --manifest-path /workspace/tslctmp/ci-generated/rust/Cargo.toml --no-default-features --features zen5,value_tests --target-dir /workspace/tslctmp/ci-generated/rust/target/zen5
[stdout]
running 0 tests

test result: ok. 0 passed; 0 failed; 0 ignored; 0 measured; 0 filtered out; finished in 0.00s


running 1 test
test smoke ... ok

test result: ok. 1 passed; 0 failed; 0 ignored; 0 measured; 0 filtered out; finished in 0.00s


running 1293 tests
test zen5_values::test_add_f32_edge ... ok
test zen5_values::test_add_f32_basic ... ok
test zen5_values::test_add_f64_edge ... ok
test zen5_values::test_add_f64_basic ... ok
test zen5_values::test_add_si16_edge ... ok
test zen5_values::test_add_si16_basic ... ok
test zen5_values::test_add_si32_basic ... ok
test zen5_values::test_add_si32_edge ... ok
test zen5_values::test_add_si32_mask_all ... ok
test zen5_values::test_add_si32_mask_basic ... ok
test zen5_values::test_add_si32_mask_zero ... ok
test zen5_values::test_add_si32_maskz_all ... ok
test zen5_values::test_add_si32_maskz_basic ... ok
test zen5_values::test_add_si32_maskz_zero ... ok
test zen5_values::test_add_si64_basic ... ok
test zen5_values::test_add_si64_edge ... ok
test zen5_values::test_add_si8_basic ... ok
test zen5_values::test_add_si8_edge ... ok
test zen5_values::test_add_ui16_basic ... ok
test zen5_values::test_add_ui16_edge ... ok
test zen5_values::test_add_ui32_basic ... ok
test zen5_values::test_add_ui32_edge ... ok
test zen5_values::test_add_ui64_basic ... ok
test zen5_values::test_add_ui64_edge ... ok
test zen5_values::test_add_ui8_basic ... ok
test zen5_values::test_add_ui8_edge ... ok
test zen5_values::test_add_ui8_mask_all ... ok
test zen5_values::test_add_ui8_mask_basic ... ok
test zen5_values::test_add_ui8_mask_zero ... ok
test zen5_values::test_add_ui8_maskz_all ... ok
test zen5_values::test_add_ui8_maskz_basic ... ok
test zen5_values::test_add_ui8_maskz_zero ... ok
test zen5_values::test_allocate_aligned_ptr_u8_large ... ok
test zen5_values::test_allocate_aligned_ptr_u8_basic ... ok
test zen5_values::test_allocate_aligned_ptr_u8_small ... ok
test zen5_values::test_allocate_aligned_ptr_u8_stress ... ok
test zen5_values::test_allocate_aligned_ptr_u8_value16 ... ok
test zen5_values::test_allocate_aligned_ptr_u8_value64 ... ok
test zen5_values::test_allocate_ptr_u8_basic ... ok
test zen5_values::test_allocate_aligned_ptr_u8_zero ... ok
test zen5_values::test_allocate_ptr_u8_large ... ok
test zen5_values::test_allocate_ptr_u8_small ... ok
test zen5_values::test_allocate_ptr_u8_unaligned_value33 ... ok
test zen5_values::test_allocate_ptr_u8_unaligned_value65 ... ok
test zen5_values::test_between_exclusive_f32_basic ... ok
test zen5_values::test_between_exclusive_f32_mask_basic ... ok
test zen5_values::test_between_exclusive_f32_mask_nan_edge ... ok
test zen5_values::test_between_exclusive_f32_nan_edge ... ok
test zen5_values::test_between_exclusive_si32_mixed ... ok
test zen5_values::test_between_exclusive_si32_mask_mixed ... ok
test zen5_values::test_between_exclusive_ui32_basic ... ok
test zen5_values::test_between_exclusive_ui32_mask_basic ... ok
test zen5_values::test_between_inclusive_f32_basic ... ok
test zen5_values::test_between_inclusive_f32_between_inclusive_mask_basic ... ok
test zen5_values::test_between_inclusive_f32_between_inclusive_mask_nan_edge ... ok
test zen5_values::test_between_inclusive_f32_nan_edge ... ok
test zen5_values::test_between_inclusive_si32_mixed ... ok
test zen5_values::test_between_inclusive_si32_between_inclusive_mask_mixed ... ok
test zen5_values::test_between_inclusive_ui32_between_inclusive_mask_basic ... ok
test zen5_values::test_between_inclusive_ui32_basic ... ok
test zen5_values::test_between_left_inclusive_f32_basic ... ok
test zen5_values::test_between_left_inclusive_f32_between_left_inclusive_mask_basic ... ok
test zen5_values::test_between_left_inclusive_f32_between_left_inclusive_mask_nan_edge ... ok
test zen5_values::test_between_left_inclusive_f32_nan_edge ... ok
test zen5_values::test_between_left_inclusive_si32_between_left_inclusive_mask_mixed ... ok
test zen5_values::test_between_left_inclusive_si32_mixed ... ok
test zen5_values::test_between_left_inclusive_ui32_between_left_inclusive_mask_basic ... ok
test zen5_values::test_between_left_inclusive_ui32_basic ... ok
test zen5_values::test_between_right_inclusive_f32_basic ... ok
test zen5_values::test_between_right_inclusive_f32_between_right_inclusive_mask_basic ... ok
test zen5_values::test_between_right_inclusive_f32_between_right_inclusive_mask_nan_edge ... ok
test zen5_values::test_between_right_inclusive_f32_nan_edge ... ok
test zen5_values::test_between_right_inclusive_si32_between_right_inclusive_mask_mixed ... ok
test zen5_values::test_between_right_inclusive_si32_mixed ... ok
test zen5_values::test_between_right_inclusive_ui32_basic ... ok
test zen5_values::test_between_right_inclusive_ui32_between_right_inclusive_mask_basic ... ok
test zen5_values::test_binary_and_f32_basic ... ok
test zen5_values::test_binary_and_f64_basic ... ok
test zen5_values::test_binary_and_f32_edge ... ok
test zen5_values::test_binary_and_f64_edge ... ok
test zen5_values::test_binary_and_si16_basic ... ok
test zen5_values::test_binary_and_si16_edge ... ok
test zen5_values::test_binary_and_si32_basic ... ok
test zen5_values::test_binary_and_si64_basic ... ok
test zen5_values::test_binary_and_si32_edge ... ok
test zen5_values::test_binary_and_si64_edge ... ok
test zen5_values::test_binary_and_si8_basic ... ok
test zen5_values::test_binary_and_ui16_basic ... ok
test zen5_values::test_binary_and_si8_edge ... ok
test zen5_values::test_binary_and_ui16_edge ... ok
test zen5_values::test_binary_and_ui32_basic ... ok
test zen5_values::test_binary_and_ui32_binary_and_mask_basic ... ok
test zen5_values::test_binary_and_ui32_edge ... ok
test zen5_values::test_binary_and_ui32_binary_and_maskz_basic ... ok
test zen5_values::test_binary_and_ui64_basic ... ok
test zen5_values::test_binary_and_ui64_edge ... ok
test zen5_values::test_binary_and_ui8_basic ... ok
test zen5_values::test_binary_and_ui8_edge ... ok
test zen5_values::test_binary_andnot_f32_basic ... ok
test zen5_values::test_binary_andnot_f64_basic ... ok
test zen5_values::test_binary_andnot_si32_basic ... ok
test zen5_values::test_binary_andnot_si32_edge ... ok
test zen5_values::test_binary_andnot_ui32_basic ... ok
test zen5_values::test_binary_andnot_ui32_binary_andnot_mask_basic ... ok
test zen5_values::test_binary_andnot_ui32_binary_andnot_maskz_basic ... ok
test zen5_values::test_binary_andnot_ui32_edge ... ok
test zen5_values::test_binary_or_f32_basic ... ok
test zen5_values::test_binary_or_f32_edge ... ok
test zen5_values::test_binary_or_f64_basic ... ok
test zen5_values::test_binary_or_f64_edge ... ok
test zen5_values::test_binary_or_si16_basic ... ok
test zen5_values::test_binary_or_si16_edge ... ok
test zen5_values::test_binary_or_si32_basic ... ok
test zen5_values::test_binary_or_si64_basic ... ok
test zen5_values::test_binary_or_si32_edge ... ok
test zen5_values::test_binary_or_si64_edge ... ok
test zen5_values::test_binary_or_si8_basic ... ok
test zen5_values::test_binary_or_ui16_basic ... ok
test zen5_values::test_binary_or_si8_edge ... ok
test zen5_values::test_binary_or_ui16_edge ... ok
test zen5_values::test_binary_or_ui32_basic ... ok
test zen5_values::test_binary_or_ui32_binary_or_mask_basic ... ok
test zen5_values::test_binary_or_ui32_binary_or_maskz_basic ... ok
test zen5_values::test_binary_or_ui32_edge ... ok
test zen5_values::test_binary_or_ui64_basic ... ok
test zen5_values::test_binary_or_ui64_edge ... ok
test zen5_values::test_binary_or_ui8_basic ... ok
test zen5_values::test_binary_or_ui8_edge ... ok
test zen5_values::test_binary_xor_f32_basic ... ok
test zen5_values::test_binary_xor_f32_edge ... ok
test zen5_values::test_binary_xor_f64_basic ... ok
test zen5_values::test_binary_xor_f64_edge ... ok
test zen5_values::test_binary_xor_si16_basic ... ok
test zen5_values::test_binary_xor_si16_edge ... ok
test zen5_values::test_binary_xor_si32_basic ... ok
test zen5_values::test_binary_xor_si32_edge ... ok
test zen5_values::test_binary_xor_si64_basic ... ok
test zen5_values::test_binary_xor_si64_edge ... ok
test zen5_values::test_binary_xor_si8_basic ... ok
test zen5_values::test_binary_xor_si8_edge ... ok
test zen5_values::test_binary_xor_ui16_basic ... ok
test zen5_values::test_binary_xor_ui16_edge ... ok
test zen5_values::test_binary_xor_ui32_basic ... ok
test zen5_values::test_binary_xor_ui32_binary_xor_mask_basic ... ok
test zen5_values::test_binary_xor_ui32_binary_xor_maskz_basic ... ok
test zen5_values::test_binary_xor_ui32_edge ... ok
test zen5_values::test_binary_xor_ui64_basic ... ok
test zen5_values::test_binary_xor_ui8_basic ... ok
test zen5_values::test_binary_xor_ui64_edge ... ok
test zen5_values::test_binary_xor_ui8_edge ... ok
test zen5_values::test_blend_add_si16_blend_add_basic ... ok
test zen5_values::test_blend_add_si16_blend_add_edge ... ok
test zen5_values::test_blend_add_si32_blend_add_edge ... ok
test zen5_values::test_blend_add_si32_blend_add_basic ... ok
test zen5_values::test_blend_add_si64_blend_add_basic ... ok
test zen5_values::test_blend_add_si8_blend_add_basic ... ok
test zen5_values::test_blend_add_si64_blend_add_edge ... ok
test zen5_values::test_blend_add_si8_blend_add_edge ... ok
test zen5_values::test_blend_add_ui16_blend_add_basic ... ok
test zen5_values::test_blend_add_ui16_blend_add_edge ... ok
test zen5_values::test_blend_add_ui32_blend_add_basic ... ok
test zen5_values::test_blend_add_ui32_blend_add_edge ... ok
test zen5_values::test_blend_add_ui64_blend_add_edge ... ok
test zen5_values::test_blend_add_ui64_blend_add_basic ... ok
test zen5_values::test_blend_add_ui8_blend_add_basic ... ok
test zen5_values::test_blend_add_ui8_blend_add_edge ... ok
test zen5_values::test_blend_f32_basic ... ok
test zen5_values::test_blend_f32_edge ... ok
test zen5_values::test_blend_f64_basic ... ok
test zen5_values::test_blend_f64_edge ... ok
test zen5_values::test_blend_si16_basic ... ok
test zen5_values::test_blend_si16_edge ... ok
test zen5_values::test_blend_si32_basic ... ok
test zen5_values::test_blend_si32_edge ... ok
test zen5_values::test_blend_si64_basic ... ok
test zen5_values::test_blend_si64_edge ... ok
test zen5_values::test_blend_si8_edge ... ok
test zen5_values::test_blend_si8_basic ... ok
test zen5_values::test_blend_ui16_basic ... ok
test zen5_values::test_blend_ui16_edge ... ok
test zen5_values::test_blend_ui32_basic ... ok
test zen5_values::test_blend_ui32_edge ... ok
test zen5_values::test_blend_ui64_basic ... ok
test zen5_values::test_blend_ui64_edge ... ok
test zen5_values::test_blend_ui8_basic ... ok
test zen5_values::test_blend_ui8_edge ... ok
test zen5_values::test_cast_f32_to_f32_basic ... ok
test zen5_values::test_cast_f32_to_f32_edge ... ok
test zen5_values::test_cast_f64_avx2_to_si32_basic_bits256 ... ok
[stderr]
Compiling tsl_generated v0.1.0 (/workspace/tslctmp/ci-generated/rust)
warning: unnecessary parentheses around `return` value
      --> src/tsl_zen5.rs:159905:16
       |
159905 |         return (!mask);
       |                ^     ^
       |
       = note: `#[warn(unused_parens)]` (part of `#[warn(unused)]`) on by default
help: remove these parentheses
       |
159905 -         return (!mask);
159905 +         return !mask;
       |

warning: unnecessary parentheses around `return` value
      --> src/tsl_zen5.rs:159931:16
       |
159931 |         return (!mask);
       |                ^     ^
       |
help: remove these parentheses
       |
159931 -         return (!mask);
159931 +         return !mask;
       |

warning: unnecessary parentheses around `return` value
      --> src/tsl_zen5.rs:160015:16
       |
160015 |         return (!mask);
       |                ^     ^
       |
help: remove these parentheses
       |
160015 -         return (!mask);
160015 +         return !mask;
       |

warning: unnecessary parentheses around `return` value
      --> src/tsl_zen5.rs:160041:16
       |
160041 |         return (!mask);
       |                ^     ^
       |
help: remove these parentheses
       |
160041 -         return (!mask);
160041 +         return !mask;
       |

warning: unnecessary parentheses around `return` value
      --> src/tsl_zen5.rs:160067:16
       |
160067 |         return (!mask);
       |                ^     ^
       |
help: remove these parentheses
       |
160067 -         return (!mask);
160067 +         return !mask;
       |

warning: unnecessary parentheses around `return` value
      --> src/tsl_zen5.rs:160151:16
       |
160151 |         return (!mask);
       |                ^     ^
       |
help: remove these parentheses
       |
160151 -         return (!mask);
160151 +         return !mask;
       |

warning: unnecessary parentheses around `return` value
      --> src/tsl_zen5.rs:160177:16
       |
160177 |         return (!mask);
       |                ^     ^
       |
help: remove these parentheses
       |
160177 -         return (!mask);
160177 +         return !mask;
       |

warning: unnecessary parentheses around `return` value
      --> src/tsl_zen5.rs:160203:16
       |
160203 |         return (!mask);
       |                ^     ^
       |
help: remove these parentheses
       |
160203 -         return (!mask);
160203 +         return !mask;
       |

warning: unnecessary parentheses around `return` value
      --> src/tsl_zen5.rs:160287:16
       |
160287 |         return (!mask);
       |                ^     ^
       |
help: remove these parentheses
       |
160287 -         return (!mask);
160287 +         return !mask;
       |

warning: unnecessary parentheses around `return` value
      --> src/tsl_zen5.rs:160313:16
       |
160313 |         return (!mask);
       |                ^     ^
       |
help: remove these parentheses
       |
160313 -         return (!mask);
160313 +         return !mask;
       |

warning: unnecessary parentheses around `return` value
      --> src/tsl_zen5.rs:160339:16
       |
160339 |         return (!mask);
       |                ^     ^
       |
help: remove these parentheses
       |
160339 -         return (!mask);
160339 +         return !mask;
       |

warning: unnecessary parentheses around `return` value
      --> src/tsl_zen5.rs:160423:16
       |
160423 |         return (!mask);
       |                ^     ^
       |
help: remove these parentheses
       |
160423 -         return (!mask);
160423 +         return !mask;
       |

warning: unnecessary parentheses around `return` value
      --> src/tsl_zen5.rs:160449:16
       |
160449 |         return (!mask);
       |                ^     ^
       |
help: remove these parentheses
       |
160449 -         return (!mask);
160449 +         return !mask;
       |

warning: unnecessary parentheses around `return` value
      --> src/tsl_zen5.rs:160475:16
       |
160475 |         return (!mask);
       |                ^     ^
       |
help: remove these parentheses
       |
160475 -         return (!mask);
160475 +         return !mask;
       |

warning: unnecessary parentheses around `return` value
      --> src/tsl_zen5.rs:160559:16
       |
160559 |         return (!mask);
       |                ^     ^
       |
help: remove these parentheses
       |
160559 -         return (!mask);
160559 +         return !mask;
       |

warning: unnecessary parentheses around `return` value
      --> src/tsl_zen5.rs:160585:16
       |
160585 |         return (!mask);
       |                ^     ^
       |
help: remove these parentheses
       |
160585 -         return (!mask);
160585 +         return !mask;
       |

warning: unnecessary parentheses around `return` value
      --> src/tsl_zen5.rs:160611:16
       |
160611 |         return (!mask);
       |                ^     ^
       |
help: remove these parentheses
       |
160611 -         return (!mask);
160611 +         return !mask;
       |

warning: unnecessary parentheses around `return` value
      --> src/tsl_zen5.rs:160695:16
       |
160695 |         return (!mask);
       |                ^     ^
       |
help: remove these parentheses
       |
160695 -         return (!mask);
160695 +         return !mask;
       |

warning: unnecessary parentheses around `return` value
      --> src/tsl_zen5.rs:160721:16
       |
160721 |         return (!mask);
       |                ^     ^
       |
help: remove these parentheses
       |
160721 -         return (!mask);
160721 +         return !mask;
       |

warning: unnecessary parentheses around `return` value
      --> src/tsl_zen5.rs:160747:16
       |
160747 |         return (!mask);
       |                ^     ^
       |
help: remove these parentheses
       |
160747 -         return (!mask);
160747 +         return !mask;
       |

warning: unnecessary parentheses around `return` value
      --> src/tsl_zen5.rs:160831:16
       |
160831 |         return (!mask);
       |                ^     ^
       |
help: remove these parentheses
       |
160831 -         return (!mask);
160831 +         return !mask;
       |

warning: unnecessary parentheses around `return` value
      --> src/tsl_zen5.rs:160857:16
       |
160857 |         return (!mask);
       |                ^     ^
       |
help: remove these parentheses
       |
160857 -         return (!mask);
160857 +         return !mask;
       |

warning: unnecessary parentheses around `return` value
      --> src/tsl_zen5.rs:160883:16
       |
160883 |         return (!mask);
       |                ^     ^
       |
help: remove these parentheses
       |
160883 -         return (!mask);
160883 +         return !mask;
       |

warning: unnecessary parentheses around `return` value
      --> src/tsl_zen5.rs:160967:16
       |
160967 |         return (!mask);
       |                ^     ^
       |
help: remove these parentheses
       |
160967 -         return (!mask);
160967 +         return !mask;
       |

warning: unnecessary parentheses around `return` value
      --> src/tsl_zen5.rs:160993:16
       |
160993 |         return (!mask);
       |                ^     ^
       |
help: remove these parentheses
       |
160993 -         return (!mask);
160993 +         return !mask;
       |

warning: unnecessary parentheses around `return` value
      --> src/tsl_zen5.rs:161019:16
       |
161019 |         return (!mask);
       |                ^     ^
       |
help: remove these parentheses
       |
161019 -         return (!mask);
161019 +         return !mask;
       |

warning: unnecessary parentheses around `return` value
      --> src/tsl_zen5.rs:161103:16
       |
161103 |         return (!mask);
       |                ^     ^
       |
help: remove these parentheses
       |
161103 -         return (!mask);
161103 +         return !mask;
       |

warning: unnecessary parentheses around `return` value
      --> src/tsl_zen5.rs:161129:16
       |
161129 |         return (!mask);
       |                ^     ^
       |
help: remove these parentheses
       |
161129 -         return (!mask);
161129 +         return !mask;
       |

warning: unnecessary parentheses around `return` value
      --> src/tsl_zen5.rs:161155:16
       |
161155 |         return (!mask);
       |                ^     ^
       |
help: remove these parentheses
       |
161155 -         return (!mask);
161155 +         return !mask;
       |

warning: unnecessary parentheses around `return` value
      --> src/tsl_zen5.rs:161239:16
       |
161239 |         return (!mask);
       |                ^     ^
       |
help: remove these parentheses
       |
161239 -         return (!mask);
161239 +         return !mask;
       |

warning: `tsl_generated` (lib test) generated 30 warnings (run `cargo fix --lib -p tsl_generated --tests` to apply 30 suggestions)
warning: `tsl_generated` (lib) generated 30 warnings (30 duplicates)
    Finished `test` profile [unoptimized + debuginfo] target(s) in 15.43s
     Running unittests src/lib.rs (rust/target/zen5/debug/deps/tsl_generated-44cefe21d47de020)
     Running tests/smoke.rs (rust/target/zen5/debug/deps/smoke-f354cb7101c80654)
     Running tests/values.rs (rust/target/zen5/debug/deps/values-fbb93e9cf46fe253)
error: test failed, to rerun pass `--test values`

Caused by:
  process didn't exit successfully: `/workspace/tslctmp/ci-generated/rust/target/zen5/debug/deps/values-fbb93e9cf46fe253` (signal: 4, SIGILL: illegal instruction)

Exit code: 1
Finished: 2026-07-01T18:19:42Z
